TransactionId,UserId,VisitYear,VisitMonth,VisitMode,AttractionId,Rating,Continent,Country_x,City_x,City_y,Country_y,AttractionType,Attraction,AttractionAddress,VisitSeason,UserAverageRating,AttractionAverageRating
1,405,2023,4,Couples,74,2.8,Asia,Japan,Osaka,Sydney,Australia,Historical Site,Sydney Historical Site 74,"Main Road, Sydney",Spring,3.825,4.0487179487179485
2,583,2022,3,Business,4,2.6,North America,USA,Las Vegas,Buenos Aires,Argentina,Temple,Buenos Aires Temple 4,"Main Road, Buenos Aires",Spring,3.9333333333333336,3.96
3,336,2024,4,Family,58,4.9,Europe,Germany,Berlin,Mumbai,India,Wildlife,Mumbai Wildlife 58,"Main Road, Mumbai",Spring,3.7000000000000006,3.7518518518518515
4,594,2024,12,Friends,19,4.5,Europe,Germany,Berlin,Auckland,New Zealand,Park,Auckland Park 19,"Main Road, Auckland",Winter,3.6999999999999997,3.689583333333333
5,817,2023,3,Business,63,4.6,South America,Brazil,Rio de Janeiro,Madrid,Spain,Shopping,Madrid Shopping 63,"Main Road, Madrid",Spring,4.066666666666666,3.8245283018867924
6,998,2025,3,Family,31,3.3,North America,USA,Los Angeles,Queenstown,New Zealand,Historical Site,Queenstown Historical Site 31,"Main Road, Queenstown",Spring,3.84,3.663157894736842
7,740,2024,1,Family,94,3.7,Africa,Kenya,Mombasa,Melbourne,Australia,Temple,Melbourne Temple 94,"Main Road, Melbourne",Winter,3.857142857142857,3.6732142857142853
8,763,2024,11,Friends,92,3.7,North America,USA,Las Vegas,Queenstown,New Zealand,Museum,Queenstown Museum 92,"Main Road, Queenstown",Autumn,3.533333333333333,4.0339285714285715
9,118,2022,1,Family,45,2.9,Australia,New Zealand,Auckland,Cairo,Egypt,Park,Cairo Park 45,"Main Road, Cairo",Winter,3.4199999999999995,3.852830188679245
10,399,2024,12,Couples,70,3.8,North America,Mexico,Mexico City,Sydney,Australia,Beach,Sydney Beach 70,"Main Road, Sydney",Winter,3.5500000000000003,3.7588235294117647
11,137,2025,5,Couples,90,2.8,North America,Mexico,Mexico City,Nice,France,Temple,Nice Temple 90,"Main Road, Nice",Spring,3.5499999999999994,3.7215686274509805
12,973,2023,6,Couples,94,3.0,Africa,Kenya,Nairobi,Melbourne,Australia,Temple,Melbourne Temple 94,"Main Road, Melbourne",Summer,3.4857142857142853,3.6732142857142853
13,849,2022,3,Couples,51,4.5,Africa,Kenya,Nairobi,Mexico City,Mexico,Temple,Mexico City Temple 51,"Main Road, Mexico City",Spring,3.9,3.861290322580645
14,349,2022,4,Friends,64,3.7,South America,Brazil,Rio de Janeiro,Madrid,Spain,Beach,Madrid Beach 64,"Main Road, Madrid",Spring,3.6833333333333336,3.8058823529411763
15,74,2022,4,Business,64,3.9,North America,Canada,Toronto,Madrid,Spain,Beach,Madrid Beach 64,"Main Road, Madrid",Spring,3.822222222222222,3.8058823529411763
16,931,2025,9,Business,1,3.5,Australia,Australia,Sydney,Berlin,Germany,Wildlife,Berlin Wildlife 1,"Main Road, Berlin",Autumn,3.9666666666666663,3.782051282051282
17,809,2023,12,Business,54,4.3,Australia,New Zealand,Auckland,Rio de Janeiro,Brazil,Shopping,Rio de Janeiro Shopping 54,"Main Road, Rio de Janeiro",Winter,3.516666666666667,3.7326086956521736
18,985,2022,8,Business,36,3.7,Australia,New Zealand,Queenstown,Singapore,Singapore,Beach,Singapore Beach 36,"Main Road, Singapore",Summer,3.811111111111111,3.7410714285714284
19,414,2025,7,Couples,86,3.6,Africa,South Africa,Cape Town,Cape Town,South Africa,Historical Site,Cape Town Historical Site 86,"Main Road, Cape Town",Summer,3.8375000000000004,3.6799999999999997
20,848,2023,10,Friends,16,4.1,Europe,France,Paris,Sao Paulo,Brazil,Historical Site,Sao Paulo Historical Site 16,"Main Road, Sao Paulo",Autumn,3.7714285714285714,3.932758620689655
21,582,2022,4,Business,44,3.9,Australia,New Zealand,Queenstown,Rio de Janeiro,Brazil,Temple,Rio de Janeiro Temple 44,"Main Road, Rio de Janeiro",Spring,3.8333333333333335,3.825
22,929,2024,6,Solo,91,3.0,South America,Chile,Santiago,Singapore,Singapore,Historical Site,Singapore Historical Site 91,"Main Road, Singapore",Summer,3.85,3.924137931034483
23,978,2025,11,Solo,32,4.3,South America,Argentina,Buenos Aires,Buenos Aires,Argentina,Shopping,Buenos Aires Shopping 32,"Main Road, Buenos Aires",Autumn,3.9200000000000004,3.812244897959184
24,426,2025,8,Couples,26,3.9,Australia,Australia,Melbourne,Rome,Italy,Temple,Rome Temple 26,"Main Road, Rome",Summer,4.0,3.829310344827586
25,313,2023,5,Couples,37,3.0,Australia,New Zealand,Auckland,Mumbai,India,Historical Site,Mumbai Historical Site 37,"Main Road, Mumbai",Spring,3.375,3.752173913043478
26,984,2024,3,Solo,49,4.2,Europe,France,Paris,Santiago,Chile,Historical Site,Santiago Historical Site 49,"Main Road, Santiago",Spring,4.125,3.8877551020408165
27,384,2022,9,Business,12,3.4,Africa,Kenya,Nairobi,New York,USA,Historical Site,New York Historical Site 12,"Main Road, New York",Autumn,3.875,3.8160714285714286
28,327,2024,1,Family,86,4.9,Asia,Japan,Tokyo,Cape Town,South Africa,Historical Site,Cape Town Historical Site 86,"Main Road, Cape Town",Winter,4.016666666666667,3.6799999999999997
29,573,2023,12,Friends,61,3.9,Australia,Australia,Sydney,Sydney,Australia,Shopping,Sydney Shopping 61,"Main Road, Sydney",Winter,4.1499999999999995,3.8000000000000003
30,529,2023,6,Friends,98,3.5,North America,USA,Las Vegas,Mombasa,Kenya,Adventure,Mombasa Adventure 98,"Main Road, Mombasa",Summer,3.3666666666666667,4.017543859649122
31,842,2022,2,Friends,85,3.7,Africa,Egypt,Cairo,Rome,Italy,Historical Site,Rome Historical Site 85,"Main Road, Rome",Winter,3.8428571428571425,3.8607843137254902
32,144,2022,7,Family,51,3.7,Africa,Kenya,Nairobi,Mexico City,Mexico,Temple,Mexico City Temple 51,"Main Road, Mexico City",Summer,3.1714285714285713,3.861290322580645
33,344,2023,12,Couples,40,2.3,Australia,Australia,Melbourne,Cape Town,South Africa,Museum,Cape Town Museum 40,"Main Road, Cape Town",Winter,3.84,3.815909090909091
34,277,2023,4,Friends,20,3.8,Asia,Singapore,Singapore,Vancouver,Canada,Wildlife,Vancouver Wildlife 20,"Main Road, Vancouver",Spring,3.733333333333333,3.775
35,214,2025,8,Solo,15,3.6,Africa,South Africa,Cape Town,Jaipur,India,Historical Site,Jaipur Historical Site 15,"Main Road, Jaipur",Summer,3.783333333333333,3.8632653061224493
36,58,2023,1,Business,28,2.7,Asia,Thailand,Pattaya,Rio de Janeiro,Brazil,Beach,Rio de Janeiro Beach 28,"Main Road, Rio de Janeiro",Winter,3.3000000000000003,3.7065217391304346
37,921,2025,12,Family,3,3.1,North America,Mexico,Mexico City,Rio de Janeiro,Brazil,Adventure,Rio de Janeiro Adventure 3,"Main Road, Rio de Janeiro",Winter,3.5142857142857147,3.791111111111111
38,436,2022,11,Couples,23,3.8,South America,Brazil,Rio de Janeiro,Los Angeles,USA,Adventure,Los Angeles Adventure 23,"Main Road, Los Angeles",Autumn,3.88,3.919047619047619
39,915,2024,11,Couples,69,2.5,Australia,New Zealand,Auckland,Johannesburg,South Africa,Shopping,Johannesburg Shopping 69,"Main Road, Johannesburg",Autumn,3.7,3.818032786885246
40,476,2025,5,Family,41,3.9,Asia,Japan,Tokyo,Vancouver,Canada,Beach,Vancouver Beach 41,"Main Road, Vancouver",Spring,3.814285714285714,3.7526315789473683
41,567,2024,8,Family,9,5.0,North America,USA,Las Vegas,Nice,France,Adventure,Nice Adventure 9,"Main Road, Nice",Summer,3.72,3.709803921568627
42,386,2025,3,Couples,7,2.5,Australia,New Zealand,Auckland,Santiago,Chile,Park,Santiago Park 7,"Main Road, Santiago",Spring,3.233333333333333,3.6767857142857143
43,283,2023,1,Family,40,3.7,North America,USA,Los Angeles,Cape Town,South Africa,Museum,Cape Town Museum 40,"Main Road, Cape Town",Winter,3.3333333333333335,3.815909090909091
44,928,2024,5,Family,48,3.6,Africa,South Africa,Cape Town,Nairobi,Kenya,Adventure,Nairobi Adventure 48,"Main Road, Nairobi",Spring,3.6333333333333337,3.845833333333333
45,966,2025,9,Friends,19,4.2,Australia,Australia,Melbourne,Auckland,New Zealand,Park,Auckland Park 19,"Main Road, Auckland",Autumn,4.05,3.689583333333333
46,575,2023,2,Couples,21,3.8,Europe,Italy,Rome,Luxor,Egypt,Temple,Luxor Temple 21,"Main Road, Luxor",Winter,3.38,3.8267857142857147
47,102,2024,7,Business,95,3.4,South America,Chile,Santiago,Singapore,Singapore,Park,Singapore Park 95,"Main Road, Singapore",Summer,3.9,3.819607843137255
48,196,2025,2,Couples,25,4.0,North America,Canada,Vancouver,Cairo,Egypt,Temple,Cairo Temple 25,"Main Road, Cairo",Winter,3.783333333333333,3.595555555555556
49,645,2022,12,Solo,99,3.9,Europe,France,Paris,Toronto,Canada,Adventure,Toronto Adventure 99,"Main Road, Toronto",Winter,4.05,3.735416666666667
50,211,2025,9,Family,60,4.7,Europe,France,Nice,Johannesburg,South Africa,Museum,Johannesburg Museum 60,"Main Road, Johannesburg",Autumn,3.7,3.7857142857142856
51,943,2022,8,Family,73,3.5,North America,Canada,Toronto,Queenstown,New Zealand,Shopping,Queenstown Shopping 73,"Main Road, Queenstown",Summer,3.788888888888889,3.7816666666666667
52,986,2025,8,Business,21,4.5,Australia,New Zealand,Queenstown,Luxor,Egypt,Temple,Luxor Temple 21,"Main Road, Luxor",Summer,3.957142857142857,3.8267857142857147
53,417,2024,4,Solo,85,3.3,Europe,Germany,Munich,Rome,Italy,Historical Site,Rome Historical Site 85,"Main Road, Rome",Spring,4.2,3.8607843137254902
54,75,2024,6,Friends,57,4.2,South America,Brazil,Rio de Janeiro,Queenstown,New Zealand,Beach,Queenstown Beach 57,"Main Road, Queenstown",Summer,3.875,3.8095238095238093
55,620,2023,11,Family,11,4.1,Australia,Australia,Melbourne,Pattaya,Thailand,Beach,Pattaya Beach 11,"Main Road, Pattaya",Autumn,3.7,3.7121951219512193
56,66,2025,8,Business,99,3.2,South America,Argentina,Buenos Aires,Toronto,Canada,Adventure,Toronto Adventure 99,"Main Road, Toronto",Summer,3.8375,3.735416666666667
57,935,2022,4,Couples,70,3.4,Europe,Italy,Rome,Sydney,Australia,Beach,Sydney Beach 70,"Main Road, Sydney",Spring,3.5,3.7588235294117647
58,191,2025,10,Family,67,4.3,Europe,Germany,Munich,Auckland,New Zealand,Historical Site,Auckland Historical Site 67,"Main Road, Auckland",Autumn,3.516666666666667,3.736842105263158
59,806,2024,5,Business,15,4.5,Australia,New Zealand,Auckland,Jaipur,India,Historical Site,Jaipur Historical Site 15,"Main Road, Jaipur",Spring,3.175,3.8632653061224493
60,654,2025,1,Friends,100,2.9,North America,Mexico,Mexico City,Mombasa,Kenya,Wildlife,Mombasa Wildlife 100,"Main Road, Mombasa",Winter,3.7399999999999998,3.75
61,867,2024,2,Friends,77,3.5,North America,Canada,Toronto,Rome,Italy,Temple,Rome Temple 77,"Main Road, Rome",Winter,3.4166666666666665,3.836734693877551
62,558,2023,4,Couples,38,3.0,Europe,Germany,Berlin,Luxor,Egypt,Museum,Luxor Museum 38,"Main Road, Luxor",Spring,3.6799999999999997,3.784313725490196
63,702,2024,11,Family,35,3.6,Australia,Australia,Melbourne,Paris,France,Beach,Paris Beach 35,"Main Road, Paris",Autumn,3.6999999999999997,3.728
64,944,2023,3,Friends,83,4.1,South America,Brazil,Rio de Janeiro,Melbourne,Australia,Wildlife,Melbourne Wildlife 83,"Main Road, Melbourne",Spring,3.716666666666667,3.851282051282051
65,275,2025,4,Solo,73,4.5,South America,Argentina,Buenos Aires,Queenstown,New Zealand,Shopping,Queenstown Shopping 73,"Main Road, Queenstown",Spring,3.88,3.7816666666666667
66,636,2024,4,Business,19,5.0,Africa,South Africa,Johannesburg,Auckland,New Zealand,Park,Auckland Park 19,"Main Road, Auckland",Spring,4.4,3.689583333333333
67,934,2022,4,Business,53,2.5,Africa,Kenya,Nairobi,Milan,Italy,Shopping,Milan Shopping 53,"Main Road, Milan",Spring,3.4714285714285715,3.685106382978723
68,203,2024,9,Couples,53,3.6,Europe,Germany,Berlin,Milan,Italy,Shopping,Milan Shopping 53,"Main Road, Milan",Autumn,4.383333333333334,3.685106382978723
69,222,2025,11,Solo,41,4.1,Europe,Italy,Venice,Vancouver,Canada,Beach,Vancouver Beach 41,"Main Road, Vancouver",Autumn,4.449999999999999,3.7526315789473683
70,622,2022,8,Couples,86,4.4,South America,Chile,Santiago,Cape Town,South Africa,Historical Site,Cape Town Historical Site 86,"Main Road, Cape Town",Summer,4.8,3.6799999999999997
71,695,2022,1,Couples,16,2.7,South America,Chile,Santiago,Sao Paulo,Brazil,Historical Site,Sao Paulo Historical Site 16,"Main Road, Sao Paulo",Winter,3.6166666666666667,3.932758620689655
72,494,2022,5,Business,50,3.5,Australia,New Zealand,Queenstown,Cancun,Mexico,Historical Site,Cancun Historical Site 50,"Main Road, Cancun",Spring,3.283333333333333,3.5078947368421054
73,276,2025,1,Friends,67,3.4,Asia,Thailand,Bangkok,Auckland,New Zealand,Historical Site,Auckland Historical Site 67,"Main Road, Auckland",Winter,3.6333333333333333,3.736842105263158
74,35,2023,8,Solo,81,3.8,Australia,Australia,Melbourne,Luxor,Egypt,Park,Luxor Park 81,"Main Road, Luxor",Summer,4.228571428571429,3.8309090909090906
75,8,2024,8,Couples,45,4.8,Australia,New Zealand,Queenstown,Cairo,Egypt,Park,Cairo Park 45,"Main Road, Cairo",Summer,3.7,3.852830188679245
76,873,2023,4,Family,19,3.6,Australia,New Zealand,Auckland,Auckland,New Zealand,Park,Auckland Park 19,"Main Road, Auckland",Spring,4.275,3.689583333333333
77,232,2024,6,Family,21,3.1,Asia,Thailand,Pattaya,Luxor,Egypt,Temple,Luxor Temple 21,"Main Road, Luxor",Summer,3.542857142857143,3.8267857142857147
78,455,2025,4,Couples,92,4.3,Australia,New Zealand,Auckland,Queenstown,New Zealand,Museum,Queenstown Museum 92,"Main Road, Queenstown",Spring,3.9166666666666665,4.0339285714285715
79,941,2023,12,Solo,67,4.8,Africa,Egypt,Luxor,Auckland,New Zealand,Historical Site,Auckland Historical Site 67,"Main Road, Auckland",Winter,4.25,3.736842105263158
80,769,2024,6,Business,72,4.2,North America,Mexico,Cancun,Luxor,Egypt,Temple,Luxor Temple 72,"Main Road, Luxor",Summer,3.9,3.696296296296296
81,665,2022,12,Family,82,3.7,Australia,New Zealand,Auckland,Sydney,Australia,Temple,Sydney Temple 82,"Main Road, Sydney",Winter,3.9,3.7333333333333334
82,362,2022,1,Family,65,4.0,Australia,Australia,Sydney,Vancouver,Canada,Museum,Vancouver Museum 65,"Main Road, Vancouver",Winter,3.775,3.9294117647058826
83,142,2025,4,Couples,35,3.7,North America,USA,New York,Paris,France,Beach,Paris Beach 35,"Main Road, Paris",Spring,4.32,3.728
84,302,2025,11,Friends,62,3.8,Europe,Italy,Venice,Buenos Aires,Argentina,Park,Buenos Aires Park 62,"Main Road, Buenos Aires",Autumn,3.9555555555555557,3.8065217391304347
85,865,2024,5,Family,90,3.5,Africa,Egypt,Cairo,Nice,France,Temple,Nice Temple 90,"Main Road, Nice",Spring,3.9785714285714286,3.7215686274509805
86,822,2025,5,Couples,9,2.9,Asia,India,Delhi,Nice,France,Adventure,Nice Adventure 9,"Main Road, Nice",Spring,3.85,3.709803921568627
87,529,2022,3,Solo,88,3.5,North America,USA,Las Vegas,Tokyo,Japan,Shopping,Tokyo Shopping 88,"Main Road, Tokyo",Spring,3.3666666666666667,3.901818181818182
88,704,2023,3,Family,11,3.8,Europe,Italy,Venice,Pattaya,Thailand,Beach,Pattaya Beach 11,"Main Road, Pattaya",Spring,3.6,3.7121951219512193
89,127,2022,1,Couples,46,4.2,North America,USA,New York,Jaipur,India,Shopping,Jaipur Shopping 46,"Main Road, Jaipur",Winter,4.2,3.7113636363636364
90,957,2022,1,Friends,12,4.0,Africa,South Africa,Cape Town,New York,USA,Historical Site,New York Historical Site 12,"Main Road, New York",Winter,3.6,3.8160714285714286
91,103,2023,5,Business,92,3.5,Europe,Spain,Madrid,Queenstown,New Zealand,Museum,Queenstown Museum 92,"Main Road, Queenstown",Spring,4.091666666666667,4.0339285714285715
92,431,2022,4,Friends,87,3.9,North America,USA,New York,Vancouver,Canada,Park,Vancouver Park 87,"Main Road, Vancouver",Spring,3.9714285714285715,3.881818181818182
93,962,2023,1,Family,68,3.2,Australia,Australia,Sydney,Toronto,Canada,Shopping,Toronto Shopping 68,"Main Road, Toronto",Winter,3.4875,3.607142857142857
94,412,2025,1,Business,40,3.6,Australia,Australia,Melbourne,Cape Town,South Africa,Museum,Cape Town Museum 40,"Main Road, Cape Town",Winter,3.888888888888889,3.815909090909091
95,378,2022,7,Family,15,4.7,South America,Argentina,Buenos Aires,Jaipur,India,Historical Site,Jaipur Historical Site 15,"Main Road, Jaipur",Summer,3.6454545454545455,3.8632653061224493
96,819,2022,10,Family,75,4.7,Australia,New Zealand,Queenstown,Vancouver,Canada,Park,Vancouver Park 75,"Main Road, Vancouver",Autumn,3.9166666666666665,3.861818181818182
97,563,2022,7,Solo,73,3.4,Europe,Germany,Munich,Queenstown,New Zealand,Shopping,Queenstown Shopping 73,"Main Road, Queenstown",Summer,3.357142857142857,3.7816666666666667
98,514,2023,3,Family,93,4.1,North America,Canada,Vancouver,Auckland,New Zealand,Adventure,Auckland Adventure 93,"Main Road, Auckland",Spring,4.0,3.7888888888888888
99,296,2022,9,Family,2,3.7,Asia,India,Delhi,Sao Paulo,Brazil,Historical Site,Sao Paulo Historical Site 2,"Main Road, Sao Paulo",Autumn,3.7600000000000002,3.727272727272727
100,813,2023,5,Business,79,2.5,Asia,Thailand,Bangkok,Mexico City,Mexico,Historical Site,Mexico City Historical Site 79,"Main Road, Mexico City",Spring,3.5625,3.861224489795918
101,49,2022,7,Friends,95,3.7,South America,Argentina,Buenos Aires,Singapore,Singapore,Park,Singapore Park 95,"Main Road, Singapore",Summer,3.725,3.819607843137255
102,107,2025,3,Business,18,3.3,North America,USA,New York,Madrid,Spain,Historical Site,Madrid Historical Site 18,"Main Road, Madrid",Spring,3.314285714285714,3.7285714285714286
103,73,2023,10,Family,53,3.4,Asia,India,Delhi,Milan,Italy,Shopping,Milan Shopping 53,"Main Road, Milan",Autumn,3.585714285714286,3.685106382978723
104,195,2025,9,Family,28,2.9,Africa,Kenya,Nairobi,Rio de Janeiro,Brazil,Beach,Rio de Janeiro Beach 28,"Main Road, Rio de Janeiro",Autumn,3.2249999999999996,3.7065217391304346
105,360,2025,10,Couples,75,3.7,Europe,France,Paris,Vancouver,Canada,Park,Vancouver Park 75,"Main Road, Vancouver",Autumn,3.733333333333333,3.861818181818182
106,920,2023,8,Couples,39,3.6,Africa,Kenya,Mombasa,Munich,Germany,Shopping,Munich Shopping 39,"Main Road, Munich",Summer,3.6333333333333333,3.965909090909091
107,7,2022,8,Friends,68,3.7,South America,Argentina,Buenos Aires,Toronto,Canada,Shopping,Toronto Shopping 68,"Main Road, Toronto",Summer,3.6166666666666667,3.607142857142857
108,202,2023,12,Business,60,4.1,South America,Argentina,Buenos Aires,Johannesburg,South Africa,Museum,Johannesburg Museum 60,"Main Road, Johannesburg",Winter,3.9,3.7857142857142856
109,479,2023,11,Couples,91,4.5,Asia,India,Jaipur,Singapore,Singapore,Historical Site,Singapore Historical Site 91,"Main Road, Singapore",Autumn,3.75,3.924137931034483
110,930,2025,8,Solo,48,4.9,North America,Canada,Toronto,Nairobi,Kenya,Adventure,Nairobi Adventure 48,"Main Road, Nairobi",Summer,3.966666666666667,3.845833333333333
111,833,2025,1,Business,31,3.5,Africa,Kenya,Nairobi,Queenstown,New Zealand,Historical Site,Queenstown Historical Site 31,"Main Road, Queenstown",Winter,3.6999999999999997,3.663157894736842
112,443,2024,4,Business,67,3.8,North America,Mexico,Cancun,Auckland,New Zealand,Historical Site,Auckland Historical Site 67,"Main Road, Auckland",Spring,3.525,3.736842105263158
113,430,2024,10,Couples,64,3.2,South America,Brazil,Sao Paulo,Madrid,Spain,Beach,Madrid Beach 64,"Main Road, Madrid",Autumn,3.533333333333333,3.8058823529411763
114,245,2023,5,Friends,30,3.5,Europe,Spain,Barcelona,Cape Town,South Africa,Museum,Cape Town Museum 30,"Main Road, Cape Town",Spring,3.38,3.811111111111111
115,549,2025,5,Family,42,3.9,Africa,South Africa,Johannesburg,Singapore,Singapore,Wildlife,Singapore Wildlife 42,"Main Road, Singapore",Spring,4.34,3.706382978723404
116,201,2022,11,Solo,29,3.8,Australia,New Zealand,Auckland,Santiago,Chile,Wildlife,Santiago Wildlife 29,"Main Road, Santiago",Autumn,3.425,3.7943396226415094
117,500,2022,6,Family,17,3.9,Asia,Singapore,Singapore,Buenos Aires,Argentina,Wildlife,Buenos Aires Wildlife 17,"Main Road, Buenos Aires",Summer,3.7571428571428567,3.9155555555555552
118,674,2022,11,Friends,86,3.0,Australia,New Zealand,Auckland,Cape Town,South Africa,Historical Site,Cape Town Historical Site 86,"Main Road, Cape Town",Autumn,3.7285714285714286,3.6799999999999997
119,899,2023,3,Couples,42,5.0,Africa,Egypt,Luxor,Singapore,Singapore,Wildlife,Singapore Wildlife 42,"Main Road, Singapore",Spring,4.1,3.706382978723404
120,533,2024,7,Family,44,3.9,Europe,Spain,Madrid,Rio de Janeiro,Brazil,Temple,Rio de Janeiro Temple 44,"Main Road, Rio de Janeiro",Summer,3.811111111111111,3.825
121,385,2024,8,Solo,92,4.0,South America,Chile,Santiago,Queenstown,New Zealand,Museum,Queenstown Museum 92,"Main Road, Queenstown",Summer,3.8499999999999996,4.0339285714285715
122,996,2022,1,Friends,51,3.5,Australia,New Zealand,Auckland,Mexico City,Mexico,Temple,Mexico City Temple 51,"Main Road, Mexico City",Winter,3.575,3.861290322580645
123,850,2022,8,Family,86,3.5,Australia,Australia,Melbourne,Cape Town,South Africa,Historical Site,Cape Town Historical Site 86,"Main Road, Cape Town",Summer,4.025,3.6799999999999997
124,284,2022,5,Family,5,2.9,Asia,India,Mumbai,Santiago,Chile,Adventure,Santiago Adventure 5,"Main Road, Santiago",Spring,3.733333333333333,3.691111111111111
125,659,2024,5,Family,64,3.4,North America,USA,New York,Madrid,Spain,Beach,Madrid Beach 64,"Main Road, Madrid",Spring,3.75,3.8058823529411763
126,246,2023,11,Family,21,2.3,Africa,Egypt,Cairo,Luxor,Egypt,Temple,Luxor Temple 21,"Main Road, Luxor",Autumn,3.5799999999999996,3.8267857142857147
127,517,2025,4,Family,81,3.8,Africa,Egypt,Cairo,Luxor,Egypt,Park,Luxor Park 81,"Main Road, Luxor",Spring,3.8499999999999996,3.8309090909090906
128,620,2025,6,Family,52,4.3,Australia,Australia,Melbourne,Mombasa,Kenya,Shopping,Mombasa Shopping 52,"Main Road, Mombasa",Summer,3.7,3.9035087719298245
129,762,2023,11,Couples,100,3.4,Asia,Singapore,Singapore,Mombasa,Kenya,Wildlife,Mombasa Wildlife 100,"Main Road, Mombasa",Autumn,3.433333333333333,3.75
130,715,2022,3,Family,64,4.8,South America,Argentina,Buenos Aires,Madrid,Spain,Beach,Madrid Beach 64,"Main Road, Madrid",Spring,4.0,3.8058823529411763
131,691,2023,11,Family,53,4.2,Africa,South Africa,Johannesburg,Milan,Italy,Shopping,Milan Shopping 53,"Main Road, Milan",Autumn,3.7333333333333334,3.685106382978723
132,772,2022,3,Couples,7,4.3,North America,Mexico,Cancun,Santiago,Chile,Park,Santiago Park 7,"Main Road, Santiago",Spring,4.175,3.6767857142857143
133,329,2025,1,Family,72,3.1,Asia,India,Goa,Luxor,Egypt,Temple,Luxor Temple 72,"Main Road, Luxor",Winter,3.85,3.696296296296296
134,575,2024,11,Business,38,3.2,Europe,Italy,Rome,Luxor,Egypt,Museum,Luxor Museum 38,"Main Road, Luxor",Autumn,3.38,3.784313725490196
135,943,2024,7,Business,61,5.0,North America,Canada,Toronto,Sydney,Australia,Shopping,Sydney Shopping 61,"Main Road, Sydney",Summer,3.788888888888889,3.8000000000000003
136,683,2023,10,Business,67,3.6,Africa,Kenya,Nairobi,Auckland,New Zealand,Historical Site,Auckland Historical Site 67,"Main Road, Auckland",Autumn,3.875,3.736842105263158
137,126,2025,12,Friends,21,3.2,Europe,Italy,Venice,Luxor,Egypt,Temple,Luxor Temple 21,"Main Road, Luxor",Winter,3.966666666666667,3.8267857142857147
138,57,2024,3,Solo,94,3.3,Australia,Australia,Sydney,Melbourne,Australia,Temple,Melbourne Temple 94,"Main Road, Melbourne",Spring,3.4875,3.6732142857142853
139,264,2022,8,Couples,26,4.2,Asia,India,Goa,Rome,Italy,Temple,Rome Temple 26,"Main Road, Rome",Summer,3.6999999999999997,3.829310344827586
140,549,2025,8,Friends,13,4.3,Africa,South Africa,Johannesburg,Auckland,New Zealand,Wildlife,Auckland Wildlife 13,"Main Road, Auckland",Summer,4.34,3.8711864406779664
141,128,2024,1,Friends,73,3.3,South America,Brazil,Sao Paulo,Queenstown,New Zealand,Shopping,Queenstown Shopping 73,"Main Road, Queenstown",Winter,4.2124999999999995,3.7816666666666667
142,265,2023,4,Family,34,3.9,South America,Argentina,Buenos Aires,Mombasa,Kenya,Temple,Mombasa Temple 34,"Main Road, Mombasa",Spring,3.6799999999999997,3.764
143,358,2024,8,Business,75,2.5,Asia,Japan,Kyoto,Vancouver,Canada,Park,Vancouver Park 75,"Main Road, Vancouver",Summer,3.966666666666667,3.861818181818182
144,936,2024,2,Friends,17,3.9,Asia,India,Jaipur,Buenos Aires,Argentina,Wildlife,Buenos Aires Wildlife 17,"Main Road, Buenos Aires",Winter,3.3714285714285714,3.9155555555555552
145,656,2023,2,Friends,60,3.0,Asia,India,Goa,Johannesburg,South Africa,Museum,Johannesburg Museum 60,"Main Road, Johannesburg",Winter,3.44,3.7857142857142856
146,290,2024,8,Couples,39,4.2,Europe,Germany,Munich,Munich,Germany,Shopping,Munich Shopping 39,"Main Road, Munich",Summer,4.18,3.965909090909091
147,632,2024,6,Couples,55,2.7,Asia,Thailand,Bangkok,Mumbai,India,Wildlife,Mumbai Wildlife 55,"Main Road, Mumbai",Summer,3.34,3.6921568627450982
148,233,2022,5,Couples,30,3.7,Australia,New Zealand,Auckland,Cape Town,South Africa,Museum,Cape Town Museum 30,"Main Road, Cape Town",Spring,4.0,3.811111111111111
149,787,2022,6,Couples,57,4.3,Asia,Thailand,Bangkok,Queenstown,New Zealand,Beach,Queenstown Beach 57,"Main Road, Queenstown",Summer,3.6555555555555554,3.8095238095238093
150,74,2025,8,Family,10,4.1,North America,Canada,Toronto,Toronto,Canada,Wildlife,Toronto Wildlife 10,"Main Road, Toronto",Summer,3.822222222222222,3.8257575757575757
151,660,2023,2,Friends,32,4.1,North America,USA,Los Angeles,Buenos Aires,Argentina,Shopping,Buenos Aires Shopping 32,"Main Road, Buenos Aires",Winter,3.55,3.812244897959184
152,22,2024,4,Business,30,4.2,Europe,Italy,Rome,Cape Town,South Africa,Museum,Cape Town Museum 30,"Main Road, Cape Town",Spring,4.0,3.811111111111111
153,471,2023,12,Family,8,3.3,Africa,South Africa,Johannesburg,Las Vegas,USA,Museum,Las Vegas Museum 8,"Main Road, Las Vegas",Winter,3.94,3.716279069767442
154,354,2022,12,Family,75,3.5,Europe,France,Nice,Vancouver,Canada,Park,Vancouver Park 75,"Main Road, Vancouver",Winter,4.0,3.861818181818182
155,441,2022,10,Friends,95,4.3,Asia,Thailand,Pattaya,Singapore,Singapore,Park,Singapore Park 95,"Main Road, Singapore",Autumn,3.6714285714285713,3.819607843137255
156,209,2025,2,Family,87,4.9,Europe,Germany,Berlin,Vancouver,Canada,Park,Vancouver Park 87,"Main Road, Vancouver",Winter,3.7857142857142856,3.881818181818182
157,390,2025,9,Business,69,3.9,Europe,Germany,Munich,Johannesburg,South Africa,Shopping,Johannesburg Shopping 69,"Main Road, Johannesburg",Autumn,3.6166666666666667,3.818032786885246
158,674,2025,4,Solo,44,3.1,Australia,New Zealand,Auckland,Rio de Janeiro,Brazil,Temple,Rio de Janeiro Temple 44,"Main Road, Rio de Janeiro",Spring,3.7285714285714286,3.825
159,819,2024,1,Couples,13,3.9,Australia,New Zealand,Queenstown,Auckland,New Zealand,Wildlife,Auckland Wildlife 13,"Main Road, Auckland",Winter,3.9166666666666665,3.8711864406779664
160,401,2024,10,Family,58,4.1,Europe,Germany,Munich,Mumbai,India,Wildlife,Mumbai Wildlife 58,"Main Road, Mumbai",Autumn,3.6999999999999997,3.7518518518518515
161,828,2022,8,Friends,91,3.5,Asia,Singapore,Singapore,Singapore,Singapore,Historical Site,Singapore Historical Site 91,"Main Road, Singapore",Summer,3.85,3.924137931034483
162,235,2022,1,Couples,13,3.4,Africa,South Africa,Cape Town,Auckland,New Zealand,Wildlife,Auckland Wildlife 13,"Main Road, Auckland",Winter,4.025,3.8711864406779664
163,523,2025,9,Couples,17,3.9,Australia,New Zealand,Queenstown,Buenos Aires,Argentina,Wildlife,Buenos Aires Wildlife 17,"Main Road, Buenos Aires",Autumn,3.55,3.9155555555555552
164,652,2023,1,Couples,37,3.6,Europe,Spain,Barcelona,Mumbai,India,Historical Site,Mumbai Historical Site 37,"Main Road, Mumbai",Winter,3.2,3.752173913043478
165,304,2025,9,Family,28,4.0,Africa,South Africa,Johannesburg,Rio de Janeiro,Brazil,Beach,Rio de Janeiro Beach 28,"Main Road, Rio de Janeiro",Autumn,4.075,3.7065217391304346
166,227,2022,2,Family,71,3.2,Africa,Egypt,Cairo,Rio de Janeiro,Brazil,Museum,Rio de Janeiro Museum 71,"Main Road, Rio de Janeiro",Winter,3.325,3.9066666666666667
167,100,2023,9,Friends,31,4.5,Africa,South Africa,Johannesburg,Queenstown,New Zealand,Historical Site,Queenstown Historical Site 31,"Main Road, Queenstown",Autumn,4.36,3.663157894736842
168,993,2022,7,Family,100,3.7,Asia,India,Mumbai,Mombasa,Kenya,Wildlife,Mombasa Wildlife 100,"Main Road, Mombasa",Summer,3.975,3.75
169,162,2025,8,Friends,9,3.2,Europe,Spain,Barcelona,Nice,France,Adventure,Nice Adventure 9,"Main Road, Nice",Summer,3.963636363636364,3.709803921568627
170,940,2025,8,Family,21,4.6,Africa,Kenya,Mombasa,Luxor,Egypt,Temple,Luxor Temple 21,"Main Road, Luxor",Summer,3.988888888888889,3.8267857142857147
171,65,2022,12,Business,100,4.5,North America,Mexico,Mexico City,Mombasa,Kenya,Wildlife,Mombasa Wildlife 100,"Main Road, Mombasa",Winter,3.6833333333333336,3.75
172,54,2022,12,Business,10,4.2,Africa,South Africa,Johannesburg,Toronto,Canada,Wildlife,Toronto Wildlife 10,"Main Road, Toronto",Winter,3.716666666666667,3.8257575757575757
173,586,2022,5,Solo,46,4.2,Asia,Thailand,Phuket,Jaipur,India,Shopping,Jaipur Shopping 46,"Main Road, Jaipur",Spring,3.75,3.7113636363636364
174,398,2024,9,Friends,10,4.4,Asia,Thailand,Pattaya,Toronto,Canada,Wildlife,Toronto Wildlife 10,"Main Road, Toronto",Autumn,4.433333333333334,3.8257575757575757
175,614,2025,6,Couples,17,4.2,North America,Canada,Vancouver,Buenos Aires,Argentina,Wildlife,Buenos Aires Wildlife 17,"Main Road, Buenos Aires",Summer,3.866666666666667,3.9155555555555552
176,378,2023,6,Friends,60,4.1,South America,Argentina,Buenos Aires,Johannesburg,South Africa,Museum,Johannesburg Museum 60,"Main Road, Johannesburg",Summer,3.6454545454545455,3.7857142857142856
177,119,2025,1,Family,28,3.6,South America,Chile,Santiago,Rio de Janeiro,Brazil,Beach,Rio de Janeiro Beach 28,"Main Road, Rio de Janeiro",Winter,3.0125,3.7065217391304346
178,134,2025,5,Couples,7,3.9,Australia,New Zealand,Queenstown,Santiago,Chile,Park,Santiago Park 7,"Main Road, Santiago",Spring,3.9857142857142853,3.6767857142857143
179,55,2024,4,Family,58,5.0,North America,USA,New York,Mumbai,India,Wildlife,Mumbai Wildlife 58,"Main Road, Mumbai",Spring,4.057142857142857,3.7518518518518515
180,373,2022,7,Solo,100,5.0,Australia,Australia,Sydney,Mombasa,Kenya,Wildlife,Mombasa Wildlife 100,"Main Road, Mombasa",Summer,3.9,3.75
181,307,2025,11,Friends,73,2.7,Asia,Thailand,Bangkok,Queenstown,New Zealand,Shopping,Queenstown Shopping 73,"Main Road, Queenstown",Autumn,3.75,3.7816666666666667
182,45,2024,4,Solo,86,4.4,North America,Mexico,Cancun,Cape Town,South Africa,Historical Site,Cape Town Historical Site 86,"Main Road, Cape Town",Spring,3.8428571428571425,3.6799999999999997
183,925,2023,2,Family,29,3.7,Africa,South Africa,Cape Town,Santiago,Chile,Wildlife,Santiago Wildlife 29,"Main Road, Santiago",Winter,3.9272727272727277,3.7943396226415094
184,218,2023,8,Solo,4,5.0,Africa,Egypt,Luxor,Buenos Aires,Argentina,Temple,Buenos Aires Temple 4,"Main Road, Buenos Aires",Summer,4.15,3.96
185,645,2025,4,Family,56,2.9,Europe,France,Paris,Madrid,Spain,Historical Site,Madrid Historical Site 56,"Main Road, Madrid",Spring,4.05,3.892156862745098
186,492,2023,9,Family,71,3.4,Africa,Egypt,Cairo,Rio de Janeiro,Brazil,Museum,Rio de Janeiro Museum 71,"Main Road, Rio de Janeiro",Autumn,3.966666666666667,3.9066666666666667
187,394,2024,11,Solo,45,4.4,Africa,Kenya,Mombasa,Cairo,Egypt,Park,Cairo Park 45,"Main Road, Cairo",Autumn,4.457142857142857,3.852830188679245
188,863,2024,11,Friends,28,3.8,Asia,India,Delhi,Rio de Janeiro,Brazil,Beach,Rio de Janeiro Beach 28,"Main Road, Rio de Janeiro",Autumn,4.04,3.7065217391304346
189,687,2023,8,Friends,52,3.3,Europe,Germany,Berlin,Mombasa,Kenya,Shopping,Mombasa Shopping 52,"Main Road, Mombasa",Summer,4.125,3.9035087719298245
190,686,2022,2,Business,26,3.8,South America,Chile,Santiago,Rome,Italy,Temple,Rome Temple 26,"Main Road, Rome",Winter,4.0,3.829310344827586
191,820,2025,6,Family,75,4.5,Europe,France,Nice,Vancouver,Canada,Park,Vancouver Park 75,"Main Road, Vancouver",Summer,4.15,3.861818181818182
192,736,2023,5,Solo,61,3.3,Asia,Japan,Tokyo,Sydney,Australia,Shopping,Sydney Shopping 61,"Main Road, Sydney",Spring,3.7399999999999998,3.8000000000000003
193,390,2023,6,Friends,38,2.9,Europe,Germany,Munich,Luxor,Egypt,Museum,Luxor Museum 38,"Main Road, Luxor",Summer,3.6166666666666667,3.784313725490196
194,223,2024,6,Family,94,3.9,Australia,New Zealand,Auckland,Melbourne,Australia,Temple,Melbourne Temple 94,"Main Road, Melbourne",Summer,4.1,3.6732142857142853
195,428,2022,11,Friends,33,3.5,South America,Chile,Santiago,New York,USA,Historical Site,New York Historical Site 33,"Main Road, New York",Autumn,3.6999999999999997,3.8160000000000003
196,582,2025,4,Solo,41,4.2,Australia,New Zealand,Queenstown,Vancouver,Canada,Beach,Vancouver Beach 41,"Main Road, Vancouver",Spring,3.8333333333333335,3.7526315789473683
197,560,2025,11,Solo,56,2.7,Europe,France,Paris,Madrid,Spain,Historical Site,Madrid Historical Site 56,"Main Road, Madrid",Autumn,3.8999999999999995,3.892156862745098
198,601,2024,7,Business,18,4.1,South America,Chile,Santiago,Madrid,Spain,Historical Site,Madrid Historical Site 18,"Main Road, Madrid",Summer,4.0,3.7285714285714286
199,886,2023,6,Couples,82,4.1,Africa,Kenya,Nairobi,Sydney,Australia,Temple,Sydney Temple 82,"Main Road, Sydney",Summer,3.3200000000000003,3.7333333333333334
200,247,2022,10,Family,8,3.8,South America,Brazil,Sao Paulo,Las Vegas,USA,Museum,Las Vegas Museum 8,"Main Road, Las Vegas",Autumn,4.2,3.716279069767442
201,352,2024,1,Family,100,4.2,North America,Mexico,Cancun,Mombasa,Kenya,Wildlife,Mombasa Wildlife 100,"Main Road, Mombasa",Winter,3.8,3.75
202,44,2022,10,Friends,9,4.1,North America,Mexico,Cancun,Nice,France,Adventure,Nice Adventure 9,"Main Road, Nice",Autumn,3.8857142857142857,3.709803921568627
203,988,2023,11,Business,28,3.5,Australia,Australia,Sydney,Rio de Janeiro,Brazil,Beach,Rio de Janeiro Beach 28,"Main Road, Rio de Janeiro",Autumn,3.6875,3.7065217391304346
204,567,2025,11,Couples,72,4.1,North America,USA,Las Vegas,Luxor,Egypt,Temple,Luxor Temple 72,"Main Road, Luxor",Autumn,3.72,3.696296296296296
205,155,2024,12,Friends,93,3.5,Australia,New Zealand,Queenstown,Auckland,New Zealand,Adventure,Auckland Adventure 93,"Main Road, Auckland",Winter,3.6875,3.7888888888888888
206,760,2023,3,Family,27,3.3,Europe,Spain,Barcelona,Nairobi,Kenya,Temple,Nairobi Temple 27,"Main Road, Nairobi",Spring,3.625,3.6843137254901963
207,601,2024,1,Family,93,3.7,South America,Chile,Santiago,Auckland,New Zealand,Adventure,Auckland Adventure 93,"Main Road, Auckland",Winter,4.0,3.7888888888888888
208,858,2022,2,Solo,78,3.3,North America,Mexico,Mexico City,Santiago,Chile,Museum,Santiago Museum 78,"Main Road, Santiago",Winter,3.8818181818181823,3.814814814814815
209,861,2022,11,Family,84,3.2,Australia,New Zealand,Queenstown,Singapore,Singapore,Temple,Singapore Temple 84,"Main Road, Singapore",Autumn,4.25,3.7846153846153845
210,193,2023,2,Friends,17,4.3,Africa,Egypt,Cairo,Buenos Aires,Argentina,Wildlife,Buenos Aires Wildlife 17,"Main Road, Buenos Aires",Winter,4.133333333333333,3.9155555555555552
211,937,2025,5,Friends,93,2.4,South America,Argentina,Buenos Aires,Auckland,New Zealand,Adventure,Auckland Adventure 93,"Main Road, Auckland",Spring,3.0444444444444443,3.7888888888888888
212,588,2024,3,Business,26,5.0,Asia,Thailand,Bangkok,Rome,Italy,Temple,Rome Temple 26,"Main Road, Rome",Spring,4.0,3.829310344827586
213,199,2024,7,Friends,47,4.8,South America,Brazil,Rio de Janeiro,New York,USA,Historical Site,New York Historical Site 47,"Main Road, New York",Summer,3.8428571428571425,3.9181818181818184
214,791,2024,2,Couples,84,3.4,South America,Argentina,Buenos Aires,Singapore,Singapore,Temple,Singapore Temple 84,"Main Road, Singapore",Winter,3.542857142857143,3.7846153846153845
215,221,2022,3,Family,8,3.9,Asia,Japan,Tokyo,Las Vegas,USA,Museum,Las Vegas Museum 8,"Main Road, Las Vegas",Spring,3.985714285714286,3.716279069767442
216,475,2023,3,Family,68,3.6,Asia,Japan,Osaka,Toronto,Canada,Shopping,Toronto Shopping 68,"Main Road, Toronto",Spring,4.175,3.607142857142857
217,707,2024,8,Business,24,4.4,Africa,South Africa,Cape Town,Nairobi,Kenya,Museum,Nairobi Museum 24,"Main Road, Nairobi",Summer,4.050000000000001,3.8804878048780487
218,536,2024,2,Solo,4,4.3,Asia,Japan,Tokyo,Buenos Aires,Argentina,Temple,Buenos Aires Temple 4,"Main Road, Buenos Aires",Winter,3.8333333333333335,3.96
219,471,2025,4,Family,53,4.3,Africa,South Africa,Johannesburg,Milan,Italy,Shopping,Milan Shopping 53,"Main Road, Milan",Spring,3.94,3.685106382978723
220,357,2023,8,Couples,57,2.0,Europe,Italy,Venice,Queenstown,New Zealand,Beach,Queenstown Beach 57,"Main Road, Queenstown",Summer,3.1166666666666667,3.8095238095238093
221,934,2022,4,Couples,85,4.7,Africa,Kenya,Nairobi,Rome,Italy,Historical Site,Rome Historical Site 85,"Main Road, Rome",Spring,3.4714285714285715,3.8607843137254902
222,965,2024,10,Couples,13,4.4,South America,Brazil,Rio de Janeiro,Auckland,New Zealand,Wildlife,Auckland Wildlife 13,"Main Road, Auckland",Autumn,3.38,3.8711864406779664
223,702,2025,11,Couples,25,3.5,Australia,Australia,Melbourne,Cairo,Egypt,Temple,Cairo Temple 25,"Main Road, Cairo",Autumn,3.6999999999999997,3.595555555555556
224,47,2024,8,Friends,100,3.2,Europe,France,Nice,Mombasa,Kenya,Wildlife,Mombasa Wildlife 100,"Main Road, Mombasa",Summer,3.6,3.75
225,310,2025,1,Couples,21,4.8,Asia,India,Delhi,Luxor,Egypt,Temple,Luxor Temple 21,"Main Road, Luxor",Winter,3.6166666666666667,3.8267857142857147
226,32,2023,9,Couples,59,3.4,Africa,South Africa,Johannesburg,Melbourne,Australia,Museum,Melbourne Museum 59,"Main Road, Melbourne",Autumn,3.8200000000000003,3.853061224489796
227,480,2023,9,Couples,10,3.9,Australia,Australia,Sydney,Toronto,Canada,Wildlife,Toronto Wildlife 10,"Main Road, Toronto",Autumn,3.6714285714285713,3.8257575757575757
228,635,2022,6,Friends,21,4.1,Europe,France,Paris,Luxor,Egypt,Temple,Luxor Temple 21,"Main Road, Luxor",Summer,3.75,3.8267857142857147
229,191,2024,4,Solo,89,3.0,Europe,Germany,Munich,Sydney,Australia,Park,Sydney Park 89,"Main Road, Sydney",Spring,3.516666666666667,3.811764705882353
230,783,2024,11,Friends,96,3.7,Africa,Egypt,Cairo,Cancun,Mexico,Adventure,Cancun Adventure 96,"Main Road, Cancun",Autumn,3.533333333333333,3.5860000000000003
231,407,2022,9,Couples,39,3.4,Africa,Egypt,Luxor,Munich,Germany,Shopping,Munich Shopping 39,"Main Road, Munich",Autumn,3.783333333333333,3.965909090909091
232,141,2023,4,Solo,70,4.2,Africa,South Africa,Johannesburg,Sydney,Australia,Beach,Sydney Beach 70,"Main Road, Sydney",Spring,3.9444444444444446,3.7588235294117647
233,515,2024,1,Friends,81,4.2,South America,Brazil,Rio de Janeiro,Luxor,Egypt,Park,Luxor Park 81,"Main Road, Luxor",Winter,3.8444444444444446,3.8309090909090906
234,65,2024,10,Couples,81,3.9,North America,Mexico,Mexico City,Luxor,Egypt,Park,Luxor Park 81,"Main Road, Luxor",Autumn,3.6833333333333336,3.8309090909090906
235,544,2025,4,Couples,96,3.8,Europe,France,Paris,Cancun,Mexico,Adventure,Cancun Adventure 96,"Main Road, Cancun",Spring,2.8499999999999996,3.5860000000000003
236,900,2024,3,Friends,88,4.1,Australia,Australia,Sydney,Tokyo,Japan,Shopping,Tokyo Shopping 88,"Main Road, Tokyo",Spring,3.8,3.901818181818182
237,993,2025,3,Family,49,3.7,Asia,India,Mumbai,Santiago,Chile,Historical Site,Santiago Historical Site 49,"Main Road, Santiago",Spring,3.975,3.8877551020408165
238,1000,2025,3,Solo,13,2.4,Europe,Germany,Berlin,Auckland,New Zealand,Wildlife,Auckland Wildlife 13,"Main Road, Auckland",Spring,3.8285714285714283,3.8711864406779664
239,592,2023,9,Couples,43,3.0,North America,Canada,Toronto,Cape Town,South Africa,Shopping,Cape Town Shopping 43,"Main Road, Cape Town",Autumn,3.5199999999999996,3.772
240,376,2024,9,Friends,22,3.1,North America,Mexico,Mexico City,Melbourne,Australia,Adventure,Melbourne Adventure 22,"Main Road, Melbourne",Autumn,3.55,3.8629629629629627
241,519,2025,7,Family,78,3.8,Africa,Kenya,Nairobi,Santiago,Chile,Museum,Santiago Museum 78,"Main Road, Santiago",Summer,3.4599999999999995,3.814814814814815
242,126,2024,5,Couples,53,3.4,Europe,Italy,Venice,Milan,Italy,Shopping,Milan Shopping 53,"Main Road, Milan",Spring,3.966666666666667,3.685106382978723
243,401,2022,5,Friends,6,3.3,Europe,Germany,Munich,Johannesburg,South Africa,Museum,Johannesburg Museum 6,"Main Road, Johannesburg",Spring,3.6999999999999997,3.8461538461538463
244,59,2023,2,Family,33,3.7,Europe,Italy,Rome,New York,USA,Historical Site,New York Historical Site 33,"Main Road, New York",Winter,3.585714285714286,3.8160000000000003
245,19,2022,11,Business,86,4.2,Africa,Egypt,Cairo,Cape Town,South Africa,Historical Site,Cape Town Historical Site 86,"Main Road, Cape Town",Autumn,3.9000000000000004,3.6799999999999997
246,141,2023,7,Family,84,3.7,Africa,South Africa,Johannesburg,Singapore,Singapore,Temple,Singapore Temple 84,"Main Road, Singapore",Summer,3.9444444444444446,3.7846153846153845
247,526,2024,6,Family,87,3.8,Africa,Kenya,Nairobi,Vancouver,Canada,Park,Vancouver Park 87,"Main Road, Vancouver",Summer,3.6,3.881818181818182
248,202,2023,6,Family,17,3.6,South America,Argentina,Buenos Aires,Buenos Aires,Argentina,Wildlife,Buenos Aires Wildlife 17,"Main Road, Buenos Aires",Summer,3.9,3.9155555555555552
249,412,2022,5,Couples,62,2.9,Australia,Australia,Melbourne,Buenos Aires,Argentina,Park,Buenos Aires Park 62,"Main Road, Buenos Aires",Spring,3.888888888888889,3.8065217391304347
250,689,2024,11,Family,76,4.1,Asia,India,Goa,Tokyo,Japan,Temple,Tokyo Temple 76,"Main Road, Tokyo",Autumn,4.3999999999999995,3.817777777777778
251,98,2024,2,Couples,89,3.9,Asia,India,Goa,Sydney,Australia,Park,Sydney Park 89,"Main Road, Sydney",Winter,3.6399999999999997,3.811764705882353
252,939,2024,11,Business,55,3.8,Europe,Germany,Berlin,Mumbai,India,Wildlife,Mumbai Wildlife 55,"Main Road, Mumbai",Autumn,3.2399999999999998,3.6921568627450982
253,230,2024,9,Business,20,5.0,North America,USA,Las Vegas,Vancouver,Canada,Wildlife,Vancouver Wildlife 20,"Main Road, Vancouver",Autumn,3.8666666666666667,3.775
254,367,2023,5,Business,66,4.7,Australia,New Zealand,Queenstown,Kyoto,Japan,Historical Site,Kyoto Historical Site 66,"Main Road, Kyoto",Spring,3.6624999999999996,3.8181818181818183
255,835,2024,11,Friends,6,4.4,Australia,Australia,Sydney,Johannesburg,South Africa,Museum,Johannesburg Museum 6,"Main Road, Johannesburg",Autumn,3.716666666666667,3.8461538461538463
256,745,2025,11,Family,59,4.9,Africa,Egypt,Cairo,Melbourne,Australia,Museum,Melbourne Museum 59,"Main Road, Melbourne",Autumn,4.625,3.853061224489796
257,413,2022,3,Business,68,4.2,North America,Mexico,Mexico City,Toronto,Canada,Shopping,Toronto Shopping 68,"Main Road, Toronto",Spring,3.533333333333333,3.607142857142857
258,891,2025,2,Couples,22,4.0,Australia,New Zealand,Queenstown,Melbourne,Australia,Adventure,Melbourne Adventure 22,"Main Road, Melbourne",Winter,3.8333333333333335,3.8629629629629627
259,284,2022,4,Solo,65,4.3,Asia,India,Mumbai,Vancouver,Canada,Museum,Vancouver Museum 65,"Main Road, Vancouver",Spring,3.733333333333333,3.9294117647058826
260,650,2022,10,Friends,36,3.8,South America,Argentina,Buenos Aires,Singapore,Singapore,Beach,Singapore Beach 36,"Main Road, Singapore",Autumn,3.8200000000000003,3.7410714285714284
261,262,2023,1,Family,48,3.2,Africa,Egypt,Luxor,Nairobi,Kenya,Adventure,Nairobi Adventure 48,"Main Road, Nairobi",Winter,3.9,3.845833333333333
262,756,2024,9,Family,85,4.6,Asia,India,Goa,Rome,Italy,Historical Site,Rome Historical Site 85,"Main Road, Rome",Autumn,4.1,3.8607843137254902
263,271,2022,11,Friends,4,3.8,Europe,Germany,Munich,Buenos Aires,Argentina,Temple,Buenos Aires Temple 4,"Main Road, Buenos Aires",Autumn,3.8125,3.96
264,785,2022,9,Couples,43,3.7,North America,USA,New York,Cape Town,South Africa,Shopping,Cape Town Shopping 43,"Main Road, Cape Town",Autumn,4.022222222222222,3.772
265,212,2024,1,Friends,40,3.7,North America,Canada,Toronto,Cape Town,South Africa,Museum,Cape Town Museum 40,"Main Road, Cape Town",Winter,4.34,3.815909090909091
266,366,2024,2,Business,69,3.6,South America,Chile,Santiago,Johannesburg,South Africa,Shopping,Johannesburg Shopping 69,"Main Road, Johannesburg",Winter,3.94,3.818032786885246
267,61,2024,10,Family,50,2.6,Asia,Singapore,Singapore,Cancun,Mexico,Historical Site,Cancun Historical Site 50,"Main Road, Cancun",Autumn,3.1500000000000004,3.5078947368421054
268,503,2023,6,Couples,10,4.7,North America,Canada,Vancouver,Toronto,Canada,Wildlife,Toronto Wildlife 10,"Main Road, Toronto",Summer,3.9,3.8257575757575757
269,164,2024,8,Couples,59,4.8,Africa,Kenya,Nairobi,Melbourne,Australia,Museum,Melbourne Museum 59,"Main Road, Melbourne",Summer,4.0600000000000005,3.853061224489796
270,888,2023,8,Business,91,4.3,Africa,South Africa,Johannesburg,Singapore,Singapore,Historical Site,Singapore Historical Site 91,"Main Road, Singapore",Summer,3.6999999999999997,3.924137931034483
271,490,2022,6,Friends,81,4.4,Australia,New Zealand,Auckland,Luxor,Egypt,Park,Luxor Park 81,"Main Road, Luxor",Summer,3.957142857142857,3.8309090909090906
272,865,2022,9,Business,54,3.5,Africa,Egypt,Cairo,Rio de Janeiro,Brazil,Shopping,Rio de Janeiro Shopping 54,"Main Road, Rio de Janeiro",Autumn,3.9785714285714286,3.7326086956521736
273,187,2023,10,Couples,85,3.4,Africa,Kenya,Nairobi,Rome,Italy,Historical Site,Rome Historical Site 85,"Main Road, Rome",Autumn,3.175,3.8607843137254902
274,420,2024,12,Family,37,5.0,Asia,India,Delhi,Mumbai,India,Historical Site,Mumbai Historical Site 37,"Main Road, Mumbai",Winter,4.029999999999999,3.752173913043478
275,63,2025,11,Family,22,4.1,Africa,South Africa,Cape Town,Melbourne,Australia,Adventure,Melbourne Adventure 22,"Main Road, Melbourne",Autumn,4.14,3.8629629629629627
276,135,2024,6,Business,61,2.9,Australia,New Zealand,Auckland,Sydney,Australia,Shopping,Sydney Shopping 61,"Main Road, Sydney",Summer,4.166666666666667,3.8000000000000003
277,988,2022,7,Friends,79,3.8,Australia,Australia,Sydney,Mexico City,Mexico,Historical Site,Mexico City Historical Site 79,"Main Road, Mexico City",Summer,3.6875,3.861224489795918
278,614,2022,5,Friends,38,3.7,North America,Canada,Vancouver,Luxor,Egypt,Museum,Luxor Museum 38,"Main Road, Luxor",Spring,3.866666666666667,3.784313725490196
279,860,2023,7,Friends,21,3.7,Africa,Egypt,Luxor,Luxor,Egypt,Temple,Luxor Temple 21,"Main Road, Luxor",Summer,3.5799999999999996,3.8267857142857147
280,964,2022,4,Solo,69,4.7,Australia,Australia,Melbourne,Johannesburg,South Africa,Shopping,Johannesburg Shopping 69,"Main Road, Johannesburg",Spring,4.075,3.818032786885246
281,283,2023,7,Couples,56,3.6,North America,USA,Los Angeles,Madrid,Spain,Historical Site,Madrid Historical Site 56,"Main Road, Madrid",Summer,3.3333333333333335,3.892156862745098
282,856,2022,7,Couples,25,3.9,North America,USA,Los Angeles,Cairo,Egypt,Temple,Cairo Temple 25,"Main Road, Cairo",Summer,3.733333333333333,3.595555555555556
283,567,2022,4,Family,96,2.8,North America,USA,Las Vegas,Cancun,Mexico,Adventure,Cancun Adventure 96,"Main Road, Cancun",Spring,3.72,3.5860000000000003
284,848,2022,5,Solo,97,3.3,Europe,France,Paris,Los Angeles,USA,Historical Site,Los Angeles Historical Site 97,"Main Road, Los Angeles",Spring,3.7714285714285714,3.661904761904762
285,6,2024,6,Family,35,4.0,Africa,Kenya,Mombasa,Paris,France,Beach,Paris Beach 35,"Main Road, Paris",Summer,4.433333333333334,3.728
286,76,2025,3,Family,87,4.0,North America,Mexico,Mexico City,Vancouver,Canada,Park,Vancouver Park 87,"Main Road, Vancouver",Spring,3.7,3.881818181818182
287,895,2022,5,Family,86,3.3,South America,Chile,Santiago,Cape Town,South Africa,Historical Site,Cape Town Historical Site 86,"Main Road, Cape Town",Spring,3.7714285714285714,3.6799999999999997
288,624,2022,1,Friends,23,4.8,Asia,Thailand,Pattaya,Los Angeles,USA,Adventure,Los Angeles Adventure 23,"Main Road, Los Angeles",Winter,4.325,3.919047619047619
289,597,2022,6,Friends,66,4.1,Australia,Australia,Sydney,Kyoto,Japan,Historical Site,Kyoto Historical Site 66,"Main Road, Kyoto",Summer,3.6875,3.8181818181818183
290,414,2023,11,Friends,81,2.5,Africa,South Africa,Cape Town,Luxor,Egypt,Park,Luxor Park 81,"Main Road, Luxor",Autumn,3.8375000000000004,3.8309090909090906
291,499,2023,10,Family,78,3.1,Africa,Egypt,Cairo,Santiago,Chile,Museum,Santiago Museum 78,"Main Road, Santiago",Autumn,3.585714285714286,3.814814814814815
292,234,2024,7,Business,28,3.9,South America,Brazil,Rio de Janeiro,Rio de Janeiro,Brazil,Beach,Rio de Janeiro Beach 28,"Main Road, Rio de Janeiro",Summer,3.557142857142857,3.7065217391304346
293,758,2023,12,Family,19,3.8,Europe,Italy,Milan,Auckland,New Zealand,Park,Auckland Park 19,"Main Road, Auckland",Winter,3.925,3.689583333333333
294,289,2022,3,Friends,62,4.0,South America,Brazil,Sao Paulo,Buenos Aires,Argentina,Park,Buenos Aires Park 62,"Main Road, Buenos Aires",Spring,4.1,3.8065217391304347
295,936,2023,1,Couples,47,4.2,Asia,India,Jaipur,New York,USA,Historical Site,New York Historical Site 47,"Main Road, New York",Winter,3.3714285714285714,3.9181818181818184
296,897,2022,1,Family,34,2.4,Africa,Egypt,Luxor,Mombasa,Kenya,Temple,Mombasa Temple 34,"Main Road, Mombasa",Winter,3.966666666666667,3.764
297,317,2024,8,Friends,29,3.5,Europe,Italy,Milan,Santiago,Chile,Wildlife,Santiago Wildlife 29,"Main Road, Santiago",Summer,3.66,3.7943396226415094
298,305,2024,10,Family,67,2.9,Asia,Japan,Tokyo,Auckland,New Zealand,Historical Site,Auckland Historical Site 67,"Main Road, Auckland",Autumn,3.866666666666667,3.736842105263158
299,821,2022,1,Solo,65,3.2,South America,Argentina,Buenos Aires,Vancouver,Canada,Museum,Vancouver Museum 65,"Main Road, Vancouver",Winter,3.466666666666667,3.9294117647058826
300,541,2023,12,Solo,32,5.0,North America,Canada,Toronto,Buenos Aires,Argentina,Shopping,Buenos Aires Shopping 32,"Main Road, Buenos Aires",Winter,3.6999999999999997,3.812244897959184
301,822,2022,8,Friends,28,4.5,Asia,India,Delhi,Rio de Janeiro,Brazil,Beach,Rio de Janeiro Beach 28,"Main Road, Rio de Janeiro",Summer,3.85,3.7065217391304346
302,425,2023,9,Family,51,3.7,South America,Argentina,Buenos Aires,Mexico City,Mexico,Temple,Mexico City Temple 51,"Main Road, Mexico City",Autumn,3.1,3.861290322580645
303,413,2024,2,Family,83,3.6,North America,Mexico,Mexico City,Melbourne,Australia,Wildlife,Melbourne Wildlife 83,"Main Road, Melbourne",Winter,3.533333333333333,3.851282051282051
304,942,2022,8,Business,30,3.8,North America,USA,New York,Cape Town,South Africa,Museum,Cape Town Museum 30,"Main Road, Cape Town",Summer,4.033333333333333,3.811111111111111
305,384,2023,8,Solo,48,4.4,Africa,Kenya,Nairobi,Nairobi,Kenya,Adventure,Nairobi Adventure 48,"Main Road, Nairobi",Summer,3.875,3.845833333333333
306,292,2025,4,Family,79,2.2,South America,Argentina,Buenos Aires,Mexico City,Mexico,Historical Site,Mexico City Historical Site 79,"Main Road, Mexico City",Spring,3.457142857142857,3.861224489795918
307,685,2023,6,Family,82,3.0,Australia,Australia,Sydney,Sydney,Australia,Temple,Sydney Temple 82,"Main Road, Sydney",Summer,3.6999999999999997,3.7333333333333334
308,694,2025,8,Business,78,3.3,Europe,Spain,Barcelona,Santiago,Chile,Museum,Santiago Museum 78,"Main Road, Santiago",Summer,3.6,3.814814814814815
309,574,2024,12,Friends,4,4.7,North America,Canada,Toronto,Buenos Aires,Argentina,Temple,Buenos Aires Temple 4,"Main Road, Buenos Aires",Winter,4.116666666666666,3.96
310,859,2024,2,Friends,30,4.5,Australia,Australia,Melbourne,Cape Town,South Africa,Museum,Cape Town Museum 30,"Main Road, Cape Town",Winter,4.016666666666667,3.811111111111111
311,561,2025,12,Business,9,2.6,Europe,France,Nice,Nice,France,Adventure,Nice Adventure 9,"Main Road, Nice",Winter,3.56,3.709803921568627
312,314,2023,7,Friends,45,5.0,Africa,South Africa,Cape Town,Cairo,Egypt,Park,Cairo Park 45,"Main Road, Cairo",Summer,3.725,3.852830188679245
313,500,2024,5,Couples,81,3.2,Asia,Singapore,Singapore,Luxor,Egypt,Park,Luxor Park 81,"Main Road, Luxor",Spring,3.7571428571428567,3.8309090909090906
314,92,2024,12,Couples,9,4.9,Australia,New Zealand,Auckland,Nice,France,Adventure,Nice Adventure 9,"Main Road, Nice",Winter,3.9333333333333336,3.709803921568627
315,442,2025,7,Family,17,4.8,Europe,Italy,Rome,Buenos Aires,Argentina,Wildlife,Buenos Aires Wildlife 17,"Main Road, Buenos Aires",Summer,4.375,3.9155555555555552
316,490,2023,10,Couples,86,3.5,Australia,New Zealand,Auckland,Cape Town,South Africa,Historical Site,Cape Town Historical Site 86,"Main Road, Cape Town",Autumn,3.957142857142857,3.6799999999999997
317,445,2024,6,Couples,13,2.9,North America,Canada,Vancouver,Auckland,New Zealand,Wildlife,Auckland Wildlife 13,"Main Road, Auckland",Summer,3.56,3.8711864406779664
318,237,2023,12,Friends,59,4.0,Asia,India,Mumbai,Melbourne,Australia,Museum,Melbourne Museum 59,"Main Road, Melbourne",Winter,3.914285714285714,3.853061224489796
319,395,2025,1,Family,79,3.7,South America,Argentina,Buenos Aires,Mexico City,Mexico,Historical Site,Mexico City Historical Site 79,"Main Road, Mexico City",Winter,3.3600000000000003,3.861224489795918
320,791,2023,1,Couples,18,3.0,South America,Argentina,Buenos Aires,Madrid,Spain,Historical Site,Madrid Historical Site 18,"Main Road, Madrid",Winter,3.542857142857143,3.7285714285714286
321,806,2023,3,Family,67,3.0,Australia,New Zealand,Auckland,Auckland,New Zealand,Historical Site,Auckland Historical Site 67,"Main Road, Auckland",Spring,3.175,3.736842105263158
322,156,2023,11,Family,21,3.2,Australia,Australia,Melbourne,Luxor,Egypt,Temple,Luxor Temple 21,"Main Road, Luxor",Autumn,3.2875,3.8267857142857147
323,790,2024,5,Friends,74,4.3,South America,Brazil,Sao Paulo,Sydney,Australia,Historical Site,Sydney Historical Site 74,"Main Road, Sydney",Spring,3.3999999999999995,4.0487179487179485
324,838,2025,10,Friends,88,4.3,South America,Argentina,Buenos Aires,Tokyo,Japan,Shopping,Tokyo Shopping 88,"Main Road, Tokyo",Autumn,3.75,3.901818181818182
325,204,2025,8,Business,33,3.6,South America,Brazil,Sao Paulo,New York,USA,Historical Site,New York Historical Site 33,"Main Road, New York",Summer,3.9,3.8160000000000003
326,517,2025,2,Friends,60,4.1,Africa,Egypt,Cairo,Johannesburg,South Africa,Museum,Johannesburg Museum 60,"Main Road, Johannesburg",Winter,3.8499999999999996,3.7857142857142856
327,217,2023,11,Family,56,3.5,Europe,Spain,Barcelona,Madrid,Spain,Historical Site,Madrid Historical Site 56,"Main Road, Madrid",Autumn,3.85,3.892156862745098
328,77,2023,8,Couples,18,4.9,North America,USA,Los Angeles,Madrid,Spain,Historical Site,Madrid Historical Site 18,"Main Road, Madrid",Summer,4.2375,3.7285714285714286
329,182,2025,11,Solo,38,4.6,South America,Brazil,Sao Paulo,Luxor,Egypt,Museum,Luxor Museum 38,"Main Road, Luxor",Autumn,4.066666666666666,3.784313725490196
330,480,2023,3,Solo,61,3.2,Australia,Australia,Sydney,Sydney,Australia,Shopping,Sydney Shopping 61,"Main Road, Sydney",Spring,3.6714285714285713,3.8000000000000003
331,675,2024,1,Solo,95,3.7,South America,Brazil,Rio de Janeiro,Singapore,Singapore,Park,Singapore Park 95,"Main Road, Singapore",Winter,3.7600000000000002,3.819607843137255
332,508,2022,3,Business,48,3.8,Europe,Italy,Venice,Nairobi,Kenya,Adventure,Nairobi Adventure 48,"Main Road, Nairobi",Spring,3.9200000000000004,3.845833333333333
333,415,2025,2,Friends,78,3.3,Asia,Japan,Kyoto,Santiago,Chile,Museum,Santiago Museum 78,"Main Road, Santiago",Winter,3.6636363636363636,3.814814814814815
334,768,2024,3,Family,58,3.5,South America,Argentina,Buenos Aires,Mumbai,India,Wildlife,Mumbai Wildlife 58,"Main Road, Mumbai",Spring,3.8333333333333335,3.7518518518518515
335,853,2024,9,Business,10,4.7,Australia,New Zealand,Queenstown,Toronto,Canada,Wildlife,Toronto Wildlife 10,"Main Road, Toronto",Autumn,4.15,3.8257575757575757
336,450,2022,11,Family,74,4.4,Asia,India,Delhi,Sydney,Australia,Historical Site,Sydney Historical Site 74,"Main Road, Sydney",Autumn,4.140000000000001,4.0487179487179485
337,48,2024,8,Couples,83,4.8,Asia,Singapore,Singapore,Melbourne,Australia,Wildlife,Melbourne Wildlife 83,"Main Road, Melbourne",Summer,3.775,3.851282051282051
338,191,2022,3,Family,59,2.7,Europe,Germany,Munich,Melbourne,Australia,Museum,Melbourne Museum 59,"Main Road, Melbourne",Spring,3.516666666666667,3.853061224489796
339,562,2023,1,Family,4,3.8,Australia,New Zealand,Queenstown,Buenos Aires,Argentina,Temple,Buenos Aires Temple 4,"Main Road, Buenos Aires",Winter,3.6,3.96
340,288,2022,2,Couples,11,4.3,Australia,New Zealand,Queenstown,Pattaya,Thailand,Beach,Pattaya Beach 11,"Main Road, Pattaya",Winter,4.1571428571428575,3.7121951219512193
341,694,2025,7,Solo,82,3.4,Europe,Spain,Barcelona,Sydney,Australia,Temple,Sydney Temple 82,"Main Road, Sydney",Summer,3.6,3.7333333333333334
342,571,2022,6,Couples,89,3.9,South America,Chile,Santiago,Sydney,Australia,Park,Sydney Park 89,"Main Road, Sydney",Summer,4.0181818181818185,3.811764705882353
343,851,2025,7,Family,65,4.2,Asia,Thailand,Pattaya,Vancouver,Canada,Museum,Vancouver Museum 65,"Main Road, Vancouver",Summer,3.814285714285714,3.9294117647058826
344,726,2022,2,Business,47,3.2,South America,Argentina,Buenos Aires,New York,USA,Historical Site,New York Historical Site 47,"Main Road, New York",Winter,3.9799999999999995,3.9181818181818184
345,112,2024,11,Friends,33,4.1,South America,Brazil,Sao Paulo,New York,USA,Historical Site,New York Historical Site 33,"Main Road, New York",Autumn,3.8599999999999994,3.8160000000000003
346,222,2024,12,Family,38,4.1,Europe,Italy,Venice,Luxor,Egypt,Museum,Luxor Museum 38,"Main Road, Luxor",Winter,4.449999999999999,3.784313725490196
347,94,2022,2,Family,13,4.1,North America,Mexico,Cancun,Auckland,New Zealand,Wildlife,Auckland Wildlife 13,"Main Road, Auckland",Winter,3.6166666666666667,3.8711864406779664
348,538,2025,12,Couples,75,3.7,South America,Argentina,Buenos Aires,Vancouver,Canada,Park,Vancouver Park 75,"Main Road, Vancouver",Winter,3.6500000000000004,3.861818181818182
349,150,2025,8,Couples,20,3.9,Africa,Egypt,Luxor,Vancouver,Canada,Wildlife,Vancouver Wildlife 20,"Main Road, Vancouver",Summer,3.85,3.775
350,439,2023,11,Couples,16,4.3,Africa,Kenya,Nairobi,Sao Paulo,Brazil,Historical Site,Sao Paulo Historical Site 16,"Main Road, Sao Paulo",Autumn,4.1,3.932758620689655
351,45,2024,8,Couples,59,3.2,North America,Mexico,Cancun,Melbourne,Australia,Museum,Melbourne Museum 59,"Main Road, Melbourne",Summer,3.8428571428571425,3.853061224489796
352,511,2024,3,Business,73,4.5,South America,Brazil,Sao Paulo,Queenstown,New Zealand,Shopping,Queenstown Shopping 73,"Main Road, Queenstown",Spring,3.9799999999999995,3.7816666666666667
353,234,2024,7,Family,81,3.6,South America,Brazil,Rio de Janeiro,Luxor,Egypt,Park,Luxor Park 81,"Main Road, Luxor",Summer,3.557142857142857,3.8309090909090906
354,309,2022,1,Solo,12,3.2,Australia,Australia,Sydney,New York,USA,Historical Site,New York Historical Site 12,"Main Road, New York",Winter,3.6,3.8160714285714286
355,350,2024,11,Friends,29,3.0,North America,Mexico,Cancun,Santiago,Chile,Wildlife,Santiago Wildlife 29,"Main Road, Santiago",Autumn,3.75,3.7943396226415094
356,763,2023,6,Solo,20,3.6,North America,USA,Las Vegas,Vancouver,Canada,Wildlife,Vancouver Wildlife 20,"Main Road, Vancouver",Summer,3.533333333333333,3.775
357,928,2024,5,Family,52,3.5,Africa,South Africa,Cape Town,Mombasa,Kenya,Shopping,Mombasa Shopping 52,"Main Road, Mombasa",Spring,3.6333333333333337,3.9035087719298245
358,192,2022,8,Business,8,3.5,Australia,New Zealand,Auckland,Las Vegas,USA,Museum,Las Vegas Museum 8,"Main Road, Las Vegas",Summer,3.6799999999999997,3.716279069767442
359,39,2022,4,Friends,28,3.5,South America,Brazil,Rio de Janeiro,Rio de Janeiro,Brazil,Beach,Rio de Janeiro Beach 28,"Main Road, Rio de Janeiro",Spring,3.85,3.7065217391304346
360,960,2024,8,Couples,38,4.0,South America,Brazil,Sao Paulo,Luxor,Egypt,Museum,Luxor Museum 38,"Main Road, Luxor",Summer,3.84,3.784313725490196
361,471,2023,7,Friends,22,3.1,Africa,South Africa,Johannesburg,Melbourne,Australia,Adventure,Melbourne Adventure 22,"Main Road, Melbourne",Summer,3.94,3.8629629629629627
362,192,2025,8,Family,10,4.1,Australia,New Zealand,Auckland,Toronto,Canada,Wildlife,Toronto Wildlife 10,"Main Road, Toronto",Summer,3.6799999999999997,3.8257575757575757
363,112,2023,7,Business,60,2.5,South America,Brazil,Sao Paulo,Johannesburg,South Africa,Museum,Johannesburg Museum 60,"Main Road, Johannesburg",Summer,3.8599999999999994,3.7857142857142856
364,825,2023,5,Family,55,3.5,Australia,New Zealand,Queenstown,Mumbai,India,Wildlife,Mumbai Wildlife 55,"Main Road, Mumbai",Spring,3.6999999999999997,3.6921568627450982
365,777,2022,9,Family,22,4.6,Africa,South Africa,Johannesburg,Melbourne,Australia,Adventure,Melbourne Adventure 22,"Main Road, Melbourne",Autumn,4.266666666666667,3.8629629629629627
366,399,2024,7,Friends,15,4.3,North America,Mexico,Mexico City,Jaipur,India,Historical Site,Jaipur Historical Site 15,"Main Road, Jaipur",Summer,3.5500000000000003,3.8632653061224493
367,849,2022,8,Couples,32,3.8,Africa,Kenya,Nairobi,Buenos Aires,Argentina,Shopping,Buenos Aires Shopping 32,"Main Road, Buenos Aires",Summer,3.9,3.812244897959184
368,720,2024,12,Family,73,2.8,Africa,South Africa,Johannesburg,Queenstown,New Zealand,Shopping,Queenstown Shopping 73,"Main Road, Queenstown",Winter,3.84,3.7816666666666667
369,211,2024,9,Solo,60,2.6,Europe,France,Nice,Johannesburg,South Africa,Museum,Johannesburg Museum 60,"Main Road, Johannesburg",Autumn,3.7,3.7857142857142856
370,708,2022,8,Couples,59,3.2,Australia,Australia,Sydney,Melbourne,Australia,Museum,Melbourne Museum 59,"Main Road, Melbourne",Summer,3.525,3.853061224489796
371,849,2024,9,Family,6,3.6,Africa,Kenya,Nairobi,Johannesburg,South Africa,Museum,Johannesburg Museum 6,"Main Road, Johannesburg",Autumn,3.9,3.8461538461538463
372,551,2022,11,Business,72,4.5,Europe,Germany,Berlin,Luxor,Egypt,Temple,Luxor Temple 72,"Main Road, Luxor",Autumn,4.05,3.696296296296296
373,422,2022,3,Couples,92,4.1,Australia,Australia,Sydney,Queenstown,New Zealand,Museum,Queenstown Museum 92,"Main Road, Queenstown",Spring,4.1,4.0339285714285715
374,406,2022,6,Solo,96,3.5,North America,Canada,Toronto,Cancun,Mexico,Adventure,Cancun Adventure 96,"Main Road, Cancun",Summer,3.6,3.5860000000000003
375,72,2022,6,Couples,62,3.4,Asia,Thailand,Phuket,Buenos Aires,Argentina,Park,Buenos Aires Park 62,"Main Road, Buenos Aires",Summer,3.7857142857142856,3.8065217391304347
376,699,2022,11,Friends,76,4.6,South America,Chile,Santiago,Tokyo,Japan,Temple,Tokyo Temple 76,"Main Road, Tokyo",Autumn,3.744444444444445,3.817777777777778
377,255,2023,4,Friends,69,3.3,Asia,Japan,Kyoto,Johannesburg,South Africa,Shopping,Johannesburg Shopping 69,"Main Road, Johannesburg",Spring,3.8333333333333335,3.818032786885246
378,762,2024,6,Friends,84,3.3,Asia,Singapore,Singapore,Singapore,Singapore,Temple,Singapore Temple 84,"Main Road, Singapore",Summer,3.433333333333333,3.7846153846153845
379,557,2023,1,Family,42,3.4,Australia,Australia,Melbourne,Singapore,Singapore,Wildlife,Singapore Wildlife 42,"Main Road, Singapore",Winter,3.766666666666667,3.706382978723404
380,481,2024,1,Couples,1,4.1,Africa,South Africa,Cape Town,Berlin,Germany,Wildlife,Berlin Wildlife 1,"Main Road, Berlin",Winter,3.525,3.782051282051282
381,328,2022,7,Couples,91,3.3,Australia,New Zealand,Auckland,Singapore,Singapore,Historical Site,Singapore Historical Site 91,"Main Road, Singapore",Summer,3.7333333333333334,3.924137931034483
382,699,2024,5,Family,13,3.3,South America,Chile,Santiago,Auckland,New Zealand,Wildlife,Auckland Wildlife 13,"Main Road, Auckland",Spring,3.744444444444445,3.8711864406779664
383,473,2025,7,Family,61,5.0,Europe,France,Nice,Sydney,Australia,Shopping,Sydney Shopping 61,"Main Road, Sydney",Summer,4.3,3.8000000000000003
384,871,2025,2,Couples,13,2.8,Asia,Thailand,Pattaya,Auckland,New Zealand,Wildlife,Auckland Wildlife 13,"Main Road, Auckland",Winter,3.528571428571429,3.8711864406779664
385,94,2022,11,Business,82,3.4,North America,Mexico,Cancun,Sydney,Australia,Temple,Sydney Temple 82,"Main Road, Sydney",Autumn,3.6166666666666667,3.7333333333333334
386,936,2025,9,Family,83,3.0,Asia,India,Jaipur,Melbourne,Australia,Wildlife,Melbourne Wildlife 83,"Main Road, Melbourne",Autumn,3.3714285714285714,3.851282051282051
387,364,2022,7,Family,95,4.3,South America,Brazil,Sao Paulo,Singapore,Singapore,Park,Singapore Park 95,"Main Road, Singapore",Summer,3.84,3.819607843137255
388,649,2024,1,Friends,54,3.5,Asia,India,Jaipur,Rio de Janeiro,Brazil,Shopping,Rio de Janeiro Shopping 54,"Main Road, Rio de Janeiro",Winter,3.8125,3.7326086956521736
389,843,2025,9,Couples,98,4.9,North America,Canada,Toronto,Mombasa,Kenya,Adventure,Mombasa Adventure 98,"Main Road, Mombasa",Autumn,4.366666666666667,4.017543859649122
390,953,2025,11,Couples,8,3.7,North America,Canada,Toronto,Las Vegas,USA,Museum,Las Vegas Museum 8,"Main Road, Las Vegas",Autumn,3.9,3.716279069767442
391,321,2023,3,Friends,42,4.0,South America,Argentina,Buenos Aires,Singapore,Singapore,Wildlife,Singapore Wildlife 42,"Main Road, Singapore",Spring,3.96,3.706382978723404
392,416,2022,5,Friends,93,3.5,Europe,France,Paris,Auckland,New Zealand,Adventure,Auckland Adventure 93,"Main Road, Auckland",Spring,3.22,3.7888888888888888
393,568,2023,2,Couples,6,3.5,North America,Canada,Vancouver,Johannesburg,South Africa,Museum,Johannesburg Museum 6,"Main Road, Johannesburg",Winter,3.72,3.8461538461538463
394,712,2024,3,Couples,49,4.9,Asia,Thailand,Bangkok,Santiago,Chile,Historical Site,Santiago Historical Site 49,"Main Road, Santiago",Spring,4.566666666666666,3.8877551020408165
395,817,2024,2,Friends,21,3.7,South America,Brazil,Rio de Janeiro,Luxor,Egypt,Temple,Luxor Temple 21,"Main Road, Luxor",Winter,4.066666666666666,3.8267857142857147
396,273,2024,8,Couples,6,4.0,Africa,South Africa,Cape Town,Johannesburg,South Africa,Museum,Johannesburg Museum 6,"Main Road, Johannesburg",Summer,3.4799999999999995,3.8461538461538463
397,962,2024,5,Solo,38,3.2,Australia,Australia,Sydney,Luxor,Egypt,Museum,Luxor Museum 38,"Main Road, Luxor",Spring,3.4875,3.784313725490196
398,299,2023,4,Friends,36,4.5,North America,USA,Los Angeles,Singapore,Singapore,Beach,Singapore Beach 36,"Main Road, Singapore",Spring,3.5799999999999996,3.7410714285714284
399,977,2024,12,Solo,100,3.0,Australia,Australia,Melbourne,Mombasa,Kenya,Wildlife,Mombasa Wildlife 100,"Main Road, Mombasa",Winter,3.3,3.75
400,872,2024,12,Couples,56,2.9,Africa,South Africa,Cape Town,Madrid,Spain,Historical Site,Madrid Historical Site 56,"Main Road, Madrid",Winter,3.3,3.892156862745098
401,210,2025,1,Solo,48,3.5,Africa,Egypt,Luxor,Nairobi,Kenya,Adventure,Nairobi Adventure 48,"Main Road, Nairobi",Winter,3.6624999999999996,3.845833333333333
402,900,2025,11,Business,38,3.0,Australia,Australia,Sydney,Luxor,Egypt,Museum,Luxor Museum 38,"Main Road, Luxor",Autumn,3.8,3.784313725490196
403,912,2025,8,Couples,56,4.4,Africa,Kenya,Nairobi,Madrid,Spain,Historical Site,Madrid Historical Site 56,"Main Road, Madrid",Summer,3.875,3.892156862745098
404,579,2023,6,Friends,24,3.7,Europe,France,Paris,Nairobi,Kenya,Museum,Nairobi Museum 24,"Main Road, Nairobi",Summer,3.857142857142857,3.8804878048780487
405,282,2025,8,Family,20,3.1,North America,USA,Las Vegas,Vancouver,Canada,Wildlife,Vancouver Wildlife 20,"Main Road, Vancouver",Summer,3.775,3.775
406,162,2024,2,Solo,87,5.0,Europe,Spain,Barcelona,Vancouver,Canada,Park,Vancouver Park 87,"Main Road, Vancouver",Winter,3.963636363636364,3.881818181818182
407,471,2024,7,Business,4,5.0,Africa,South Africa,Johannesburg,Buenos Aires,Argentina,Temple,Buenos Aires Temple 4,"Main Road, Buenos Aires",Summer,3.94,3.96
408,899,2022,4,Friends,21,3.5,Africa,Egypt,Luxor,Luxor,Egypt,Temple,Luxor Temple 21,"Main Road, Luxor",Spring,4.1,3.8267857142857147
409,726,2023,1,Business,85,4.0,South America,Argentina,Buenos Aires,Rome,Italy,Historical Site,Rome Historical Site 85,"Main Road, Rome",Winter,3.9799999999999995,3.8607843137254902
410,878,2024,9,Couples,52,3.9,Africa,Egypt,Cairo,Mombasa,Kenya,Shopping,Mombasa Shopping 52,"Main Road, Mombasa",Autumn,4.114285714285714,3.9035087719298245
411,889,2023,1,Business,5,3.2,South America,Chile,Santiago,Santiago,Chile,Adventure,Santiago Adventure 5,"Main Road, Santiago",Winter,3.966666666666667,3.691111111111111
412,739,2025,7,Friends,86,3.9,Australia,New Zealand,Auckland,Cape Town,South Africa,Historical Site,Cape Town Historical Site 86,"Main Road, Cape Town",Summer,3.4,3.6799999999999997
413,552,2022,4,Business,10,4.1,Australia,New Zealand,Auckland,Toronto,Canada,Wildlife,Toronto Wildlife 10,"Main Road, Toronto",Spring,3.9799999999999995,3.8257575757575757
414,5,2024,5,Business,53,4.2,Africa,South Africa,Johannesburg,Milan,Italy,Shopping,Milan Shopping 53,"Main Road, Milan",Spring,3.7,3.685106382978723
415,237,2022,9,Solo,93,4.3,Asia,India,Mumbai,Auckland,New Zealand,Adventure,Auckland Adventure 93,"Main Road, Auckland",Autumn,3.914285714285714,3.7888888888888888
416,819,2024,12,Couples,30,4.5,Australia,New Zealand,Queenstown,Cape Town,South Africa,Museum,Cape Town Museum 30,"Main Road, Cape Town",Winter,3.9166666666666665,3.811111111111111
417,935,2022,11,Friends,90,2.7,Europe,Italy,Rome,Nice,France,Temple,Nice Temple 90,"Main Road, Nice",Autumn,3.5,3.7215686274509805
418,732,2022,7,Solo,94,4.1,North America,USA,New York,Melbourne,Australia,Temple,Melbourne Temple 94,"Main Road, Melbourne",Summer,3.8000000000000003,3.6732142857142853
419,981,2024,2,Business,56,3.9,South America,Brazil,Sao Paulo,Madrid,Spain,Historical Site,Madrid Historical Site 56,"Main Road, Madrid",Winter,3.6,3.892156862745098
420,439,2025,5,Family,22,3.6,Africa,Kenya,Nairobi,Melbourne,Australia,Adventure,Melbourne Adventure 22,"Main Road, Melbourne",Spring,4.1,3.8629629629629627
421,833,2023,6,Solo,63,3.6,Africa,Kenya,Nairobi,Madrid,Spain,Shopping,Madrid Shopping 63,"Main Road, Madrid",Summer,3.6999999999999997,3.8245283018867924
422,611,2025,1,Couples,80,3.9,Africa,Kenya,Nairobi,Nairobi,Kenya,Temple,Nairobi Temple 80,"Main Road, Nairobi",Winter,4.08,3.8166666666666664
423,602,2022,6,Family,13,4.7,North America,Canada,Toronto,Auckland,New Zealand,Wildlife,Auckland Wildlife 13,"Main Road, Auckland",Summer,4.16,3.8711864406779664
424,366,2024,8,Friends,14,3.8,South America,Chile,Santiago,Sao Paulo,Brazil,Historical Site,Sao Paulo Historical Site 14,"Main Road, Sao Paulo",Summer,3.94,3.788235294117647
425,822,2022,1,Couples,27,3.4,Asia,India,Delhi,Nairobi,Kenya,Temple,Nairobi Temple 27,"Main Road, Nairobi",Winter,3.85,3.6843137254901963
426,407,2023,10,Solo,89,4.0,Africa,Egypt,Luxor,Sydney,Australia,Park,Sydney Park 89,"Main Road, Sydney",Autumn,3.783333333333333,3.811764705882353
427,986,2023,6,Friends,20,2.7,Australia,New Zealand,Queenstown,Vancouver,Canada,Wildlife,Vancouver Wildlife 20,"Main Road, Vancouver",Summer,3.957142857142857,3.775
428,249,2023,7,Family,14,4.6,Asia,Thailand,Bangkok,Sao Paulo,Brazil,Historical Site,Sao Paulo Historical Site 14,"Main Road, Sao Paulo",Summer,4.075,3.788235294117647
429,887,2024,11,Business,15,4.5,South America,Brazil,Sao Paulo,Jaipur,India,Historical Site,Jaipur Historical Site 15,"Main Road, Jaipur",Autumn,3.56,3.8632653061224493
430,916,2024,10,Friends,100,4.7,Europe,France,Paris,Mombasa,Kenya,Wildlife,Mombasa Wildlife 100,"Main Road, Mombasa",Autumn,3.95,3.75
431,872,2022,1,Solo,24,3.8,Africa,South Africa,Cape Town,Nairobi,Kenya,Museum,Nairobi Museum 24,"Main Road, Nairobi",Winter,3.3,3.8804878048780487
432,164,2023,10,Family,13,4.2,Africa,Kenya,Nairobi,Auckland,New Zealand,Wildlife,Auckland Wildlife 13,"Main Road, Auckland",Autumn,4.0600000000000005,3.8711864406779664
433,933,2024,4,Family,79,3.5,Europe,Germany,Berlin,Mexico City,Mexico,Historical Site,Mexico City Historical Site 79,"Main Road, Mexico City",Spring,3.5714285714285716,3.861224489795918
434,864,2024,3,Couples,66,3.4,Asia,Singapore,Singapore,Kyoto,Japan,Historical Site,Kyoto Historical Site 66,"Main Road, Kyoto",Spring,3.883333333333333,3.8181818181818183
435,792,2024,9,Couples,15,2.2,South America,Argentina,Buenos Aires,Jaipur,India,Historical Site,Jaipur Historical Site 15,"Main Road, Jaipur",Autumn,3.644444444444444,3.8632653061224493
436,125,2025,3,Business,57,3.3,Europe,Germany,Munich,Queenstown,New Zealand,Beach,Queenstown Beach 57,"Main Road, Queenstown",Spring,3.7399999999999998,3.8095238095238093
437,230,2023,5,Friends,18,3.0,North America,USA,Las Vegas,Madrid,Spain,Historical Site,Madrid Historical Site 18,"Main Road, Madrid",Spring,3.8666666666666667,3.7285714285714286
438,382,2024,5,Business,45,2.3,Africa,Egypt,Luxor,Cairo,Egypt,Park,Cairo Park 45,"Main Road, Cairo",Spring,3.2600000000000002,3.852830188679245
439,952,2022,7,Family,4,2.7,Europe,Italy,Rome,Buenos Aires,Argentina,Temple,Buenos Aires Temple 4,"Main Road, Buenos Aires",Summer,3.7142857142857144,3.96
440,890,2022,5,Solo,96,3.5,North America,Mexico,Mexico City,Cancun,Mexico,Adventure,Cancun Adventure 96,"Main Road, Cancun",Spring,3.8833333333333333,3.5860000000000003
441,6,2024,10,Business,63,4.9,Africa,Kenya,Mombasa,Madrid,Spain,Shopping,Madrid Shopping 63,"Main Road, Madrid",Autumn,4.433333333333334,3.8245283018867924
442,901,2023,8,Friends,32,3.3,South America,Chile,Santiago,Buenos Aires,Argentina,Shopping,Buenos Aires Shopping 32,"Main Road, Buenos Aires",Summer,3.94,3.812244897959184
443,534,2025,6,Friends,65,3.9,South America,Brazil,Rio de Janeiro,Vancouver,Canada,Museum,Vancouver Museum 65,"Main Road, Vancouver",Summer,4.066666666666666,3.9294117647058826
444,599,2022,2,Business,14,3.6,North America,Mexico,Cancun,Sao Paulo,Brazil,Historical Site,Sao Paulo Historical Site 14,"Main Road, Sao Paulo",Winter,3.7142857142857144,3.788235294117647
445,233,2024,10,Family,73,3.3,Australia,New Zealand,Auckland,Queenstown,New Zealand,Shopping,Queenstown Shopping 73,"Main Road, Queenstown",Autumn,4.0,3.7816666666666667
446,256,2023,9,Couples,87,3.1,South America,Brazil,Rio de Janeiro,Vancouver,Canada,Park,Vancouver Park 87,"Main Road, Vancouver",Autumn,4.1,3.881818181818182
447,237,2023,10,Business,25,3.2,Asia,India,Mumbai,Cairo,Egypt,Temple,Cairo Temple 25,"Main Road, Cairo",Autumn,3.914285714285714,3.595555555555556
448,937,2023,3,Family,25,3.6,South America,Argentina,Buenos Aires,Cairo,Egypt,Temple,Cairo Temple 25,"Main Road, Cairo",Spring,3.0444444444444443,3.595555555555556
449,738,2024,11,Business,10,3.5,South America,Chile,Santiago,Toronto,Canada,Wildlife,Toronto Wildlife 10,"Main Road, Toronto",Autumn,3.8,3.8257575757575757
450,576,2025,9,Family,2,3.4,Asia,India,Goa,Sao Paulo,Brazil,Historical Site,Sao Paulo Historical Site 2,"Main Road, Sao Paulo",Autumn,3.7,3.727272727272727
451,54,2025,1,Business,75,4.1,Africa,South Africa,Johannesburg,Vancouver,Canada,Park,Vancouver Park 75,"Main Road, Vancouver",Winter,3.716666666666667,3.861818181818182
452,656,2022,12,Couples,6,4.3,Asia,India,Goa,Johannesburg,South Africa,Museum,Johannesburg Museum 6,"Main Road, Johannesburg",Winter,3.44,3.8461538461538463
453,239,2023,12,Couples,48,3.7,Africa,South Africa,Cape Town,Nairobi,Kenya,Adventure,Nairobi Adventure 48,"Main Road, Nairobi",Winter,3.8857142857142857,3.845833333333333
454,474,2024,11,Family,59,3.8,North America,USA,Los Angeles,Melbourne,Australia,Museum,Melbourne Museum 59,"Main Road, Melbourne",Autumn,3.25,3.853061224489796
455,72,2024,7,Family,7,3.7,Asia,Thailand,Phuket,Santiago,Chile,Park,Santiago Park 7,"Main Road, Santiago",Summer,3.7857142857142856,3.6767857142857143
456,766,2022,1,Couples,43,3.4,Asia,Japan,Kyoto,Cape Town,South Africa,Shopping,Cape Town Shopping 43,"Main Road, Cape Town",Winter,3.425,3.772
457,981,2022,10,Business,8,2.4,South America,Brazil,Sao Paulo,Las Vegas,USA,Museum,Las Vegas Museum 8,"Main Road, Las Vegas",Autumn,3.6,3.716279069767442
458,76,2024,10,Friends,30,3.4,North America,Mexico,Mexico City,Cape Town,South Africa,Museum,Cape Town Museum 30,"Main Road, Cape Town",Autumn,3.7,3.811111111111111
459,180,2022,3,Family,37,4.2,Africa,Kenya,Nairobi,Mumbai,India,Historical Site,Mumbai Historical Site 37,"Main Road, Mumbai",Spring,4.0,3.752173913043478
460,461,2025,5,Friends,21,5.0,North America,Canada,Toronto,Luxor,Egypt,Temple,Luxor Temple 21,"Main Road, Luxor",Spring,3.7,3.8267857142857147
461,285,2022,6,Couples,20,3.1,Asia,India,Mumbai,Vancouver,Canada,Wildlife,Vancouver Wildlife 20,"Main Road, Vancouver",Summer,3.55,3.775
462,146,2023,4,Family,69,3.6,Asia,India,Goa,Johannesburg,South Africa,Shopping,Johannesburg Shopping 69,"Main Road, Johannesburg",Spring,3.62,3.818032786885246
463,787,2023,11,Family,87,4.2,Asia,Thailand,Bangkok,Vancouver,Canada,Park,Vancouver Park 87,"Main Road, Vancouver",Autumn,3.6555555555555554,3.881818181818182
464,948,2022,7,Business,36,3.6,Europe,Spain,Barcelona,Singapore,Singapore,Beach,Singapore Beach 36,"Main Road, Singapore",Summer,3.8666666666666667,3.7410714285714284
465,550,2025,9,Business,70,3.1,Europe,Germany,Berlin,Sydney,Australia,Beach,Sydney Beach 70,"Main Road, Sydney",Autumn,3.7777777777777777,3.7588235294117647
466,517,2024,11,Couples,20,3.9,Africa,Egypt,Cairo,Vancouver,Canada,Wildlife,Vancouver Wildlife 20,"Main Road, Vancouver",Autumn,3.8499999999999996,3.775
467,954,2022,12,Business,68,4.2,Australia,New Zealand,Queenstown,Toronto,Canada,Shopping,Toronto Shopping 68,"Main Road, Toronto",Winter,3.6875,3.607142857142857
468,441,2022,3,Solo,85,4.6,Asia,Thailand,Pattaya,Rome,Italy,Historical Site,Rome Historical Site 85,"Main Road, Rome",Spring,3.6714285714285713,3.8607843137254902
469,288,2024,4,Family,66,4.9,Australia,New Zealand,Queenstown,Kyoto,Japan,Historical Site,Kyoto Historical Site 66,"Main Road, Kyoto",Spring,4.1571428571428575,3.8181818181818183
470,864,2025,7,Solo,16,4.6,Asia,Singapore,Singapore,Sao Paulo,Brazil,Historical Site,Sao Paulo Historical Site 16,"Main Road, Sao Paulo",Summer,3.883333333333333,3.932758620689655
471,107,2022,11,Family,88,3.1,North America,USA,New York,Tokyo,Japan,Shopping,Tokyo Shopping 88,"Main Road, Tokyo",Autumn,3.314285714285714,3.901818181818182
472,618,2023,10,Solo,71,3.3,Australia,New Zealand,Auckland,Rio de Janeiro,Brazil,Museum,Rio de Janeiro Museum 71,"Main Road, Rio de Janeiro",Autumn,3.783333333333333,3.9066666666666667
473,108,2023,11,Solo,19,4.4,Europe,Spain,Madrid,Auckland,New Zealand,Park,Auckland Park 19,"Main Road, Auckland",Autumn,3.9000000000000004,3.689583333333333
474,12,2023,11,Family,67,4.1,Asia,India,Jaipur,Auckland,New Zealand,Historical Site,Auckland Historical Site 67,"Main Road, Auckland",Autumn,3.7399999999999998,3.736842105263158
475,962,2025,2,Family,49,2.6,Australia,Australia,Sydney,Santiago,Chile,Historical Site,Santiago Historical Site 49,"Main Road, Santiago",Winter,3.4875,3.8877551020408165
476,793,2022,10,Friends,96,3.4,Asia,Thailand,Bangkok,Cancun,Mexico,Adventure,Cancun Adventure 96,"Main Road, Cancun",Autumn,3.825,3.5860000000000003
477,808,2022,8,Friends,97,4.0,Africa,Egypt,Luxor,Los Angeles,USA,Historical Site,Los Angeles Historical Site 97,"Main Road, Los Angeles",Summer,3.75,3.661904761904762
478,468,2022,2,Couples,27,3.1,Asia,India,Jaipur,Nairobi,Kenya,Temple,Nairobi Temple 27,"Main Road, Nairobi",Winter,3.8600000000000003,3.6843137254901963
479,601,2025,8,Business,66,3.9,South America,Chile,Santiago,Kyoto,Japan,Historical Site,Kyoto Historical Site 66,"Main Road, Kyoto",Summer,4.0,3.8181818181818183
480,505,2025,4,Family,98,3.6,Africa,Egypt,Luxor,Mombasa,Kenya,Adventure,Mombasa Adventure 98,"Main Road, Mombasa",Spring,3.816666666666667,4.017543859649122
481,578,2024,12,Friends,65,5.0,Africa,South Africa,Johannesburg,Vancouver,Canada,Museum,Vancouver Museum 65,"Main Road, Vancouver",Winter,4.125,3.9294117647058826
482,569,2023,12,Family,78,3.7,Australia,New Zealand,Auckland,Santiago,Chile,Museum,Santiago Museum 78,"Main Road, Santiago",Winter,3.6125000000000003,3.814814814814815
483,340,2022,10,Family,24,4.1,Africa,Egypt,Luxor,Nairobi,Kenya,Museum,Nairobi Museum 24,"Main Road, Nairobi",Autumn,4.014285714285714,3.8804878048780487
484,150,2025,4,Friends,70,4.0,Africa,Egypt,Luxor,Sydney,Australia,Beach,Sydney Beach 70,"Main Road, Sydney",Spring,3.85,3.7588235294117647
485,639,2022,4,Family,80,4.4,Australia,Australia,Melbourne,Nairobi,Kenya,Temple,Nairobi Temple 80,"Main Road, Nairobi",Spring,4.625,3.8166666666666664
486,148,2023,3,Couples,18,3.5,Africa,South Africa,Cape Town,Madrid,Spain,Historical Site,Madrid Historical Site 18,"Main Road, Madrid",Spring,3.95,3.7285714285714286
487,877,2024,5,Friends,16,4.6,Africa,South Africa,Johannesburg,Sao Paulo,Brazil,Historical Site,Sao Paulo Historical Site 16,"Main Road, Sao Paulo",Spring,3.6199999999999997,3.932758620689655
488,991,2023,12,Couples,78,5.0,Europe,Italy,Venice,Santiago,Chile,Museum,Santiago Museum 78,"Main Road, Santiago",Winter,4.733333333333333,3.814814814814815
489,599,2022,7,Business,14,3.7,North America,Mexico,Cancun,Sao Paulo,Brazil,Historical Site,Sao Paulo Historical Site 14,"Main Road, Sao Paulo",Summer,3.7142857142857144,3.788235294117647
490,773,2025,7,Friends,27,1.6,South America,Argentina,Buenos Aires,Nairobi,Kenya,Temple,Nairobi Temple 27,"Main Road, Nairobi",Summer,3.28,3.6843137254901963
491,891,2024,11,Business,78,3.2,Australia,New Zealand,Queenstown,Santiago,Chile,Museum,Santiago Museum 78,"Main Road, Santiago",Autumn,3.8333333333333335,3.814814814814815
492,83,2023,7,Friends,54,4.7,Europe,Germany,Munich,Rio de Janeiro,Brazil,Shopping,Rio de Janeiro Shopping 54,"Main Road, Rio de Janeiro",Summer,4.75,3.7326086956521736
493,909,2024,5,Family,84,3.9,Europe,Germany,Munich,Singapore,Singapore,Temple,Singapore Temple 84,"Main Road, Singapore",Spring,3.7,3.7846153846153845
494,790,2022,5,Couples,66,3.2,South America,Brazil,Sao Paulo,Kyoto,Japan,Historical Site,Kyoto Historical Site 66,"Main Road, Kyoto",Spring,3.3999999999999995,3.8181818181818183
495,601,2024,1,Couples,72,3.8,South America,Chile,Santiago,Luxor,Egypt,Temple,Luxor Temple 72,"Main Road, Luxor",Winter,4.0,3.696296296296296
496,925,2023,3,Solo,54,4.0,Africa,South Africa,Cape Town,Rio de Janeiro,Brazil,Shopping,Rio de Janeiro Shopping 54,"Main Road, Rio de Janeiro",Spring,3.9272727272727277,3.7326086956521736
497,963,2024,10,Family,65,3.7,South America,Chile,Santiago,Vancouver,Canada,Museum,Vancouver Museum 65,"Main Road, Vancouver",Autumn,3.9500000000000006,3.9294117647058826
498,852,2025,3,Couples,70,2.4,Europe,Spain,Barcelona,Sydney,Australia,Beach,Sydney Beach 70,"Main Road, Sydney",Spring,3.966666666666667,3.7588235294117647
499,188,2022,11,Business,35,2.7,Asia,Singapore,Singapore,Paris,France,Beach,Paris Beach 35,"Main Road, Paris",Autumn,3.483333333333334,3.728
500,679,2024,6,Solo,4,4.1,North America,Canada,Vancouver,Buenos Aires,Argentina,Temple,Buenos Aires Temple 4,"Main Road, Buenos Aires",Summer,3.6833333333333336,3.96
501,987,2024,12,Friends,45,3.7,North America,Mexico,Mexico City,Cairo,Egypt,Park,Cairo Park 45,"Main Road, Cairo",Winter,3.4,3.852830188679245
502,877,2024,3,Couples,86,2.4,Africa,South Africa,Johannesburg,Cape Town,South Africa,Historical Site,Cape Town Historical Site 86,"Main Road, Cape Town",Spring,3.6199999999999997,3.6799999999999997
503,200,2023,3,Family,42,4.6,Asia,Japan,Kyoto,Singapore,Singapore,Wildlife,Singapore Wildlife 42,"Main Road, Singapore",Spring,3.35,3.706382978723404
504,20,2024,7,Solo,56,5.0,Europe,Germany,Berlin,Madrid,Spain,Historical Site,Madrid Historical Site 56,"Main Road, Madrid",Summer,4.5,3.892156862745098
505,207,2024,11,Family,95,5.0,Africa,Kenya,Mombasa,Singapore,Singapore,Park,Singapore Park 95,"Main Road, Singapore",Autumn,3.75,3.819607843137255
506,942,2025,1,Solo,42,3.8,North America,USA,New York,Singapore,Singapore,Wildlife,Singapore Wildlife 42,"Main Road, Singapore",Winter,4.033333333333333,3.706382978723404
507,328,2025,6,Solo,59,3.3,Australia,New Zealand,Auckland,Melbourne,Australia,Museum,Melbourne Museum 59,"Main Road, Melbourne",Summer,3.7333333333333334,3.853061224489796
508,563,2023,5,Couples,37,4.6,Europe,Germany,Munich,Mumbai,India,Historical Site,Mumbai Historical Site 37,"Main Road, Mumbai",Spring,3.357142857142857,3.752173913043478
509,889,2022,6,Couples,13,3.9,South America,Chile,Santiago,Auckland,New Zealand,Wildlife,Auckland Wildlife 13,"Main Road, Auckland",Summer,3.966666666666667,3.8711864406779664
510,480,2024,10,Family,49,4.0,Australia,Australia,Sydney,Santiago,Chile,Historical Site,Santiago Historical Site 49,"Main Road, Santiago",Autumn,3.6714285714285713,3.8877551020408165
511,438,2022,7,Couples,87,2.5,Australia,New Zealand,Auckland,Vancouver,Canada,Park,Vancouver Park 87,"Main Road, Vancouver",Summer,3.7,3.881818181818182
512,921,2022,3,Business,54,4.5,North America,Mexico,Mexico City,Rio de Janeiro,Brazil,Shopping,Rio de Janeiro Shopping 54,"Main Road, Rio de Janeiro",Spring,3.5142857142857147,3.7326086956521736
513,782,2024,12,Solo,78,2.4,Europe,Spain,Barcelona,Santiago,Chile,Museum,Santiago Museum 78,"Main Road, Santiago",Winter,3.45,3.814814814814815
514,93,2024,8,Solo,45,3.3,South America,Chile,Santiago,Cairo,Egypt,Park,Cairo Park 45,"Main Road, Cairo",Summer,3.1999999999999997,3.852830188679245
515,358,2022,6,Family,47,3.9,Asia,Japan,Kyoto,New York,USA,Historical Site,New York Historical Site 47,"Main Road, New York",Summer,3.966666666666667,3.9181818181818184
516,722,2023,10,Couples,41,4.2,Africa,South Africa,Cape Town,Vancouver,Canada,Beach,Vancouver Beach 41,"Main Road, Vancouver",Autumn,4.414285714285714,3.7526315789473683
517,496,2023,11,Couples,50,3.6,Asia,Singapore,Singapore,Cancun,Mexico,Historical Site,Cancun Historical Site 50,"Main Road, Cancun",Autumn,4.0,3.5078947368421054
518,930,2022,4,Couples,4,3.1,North America,Canada,Toronto,Buenos Aires,Argentina,Temple,Buenos Aires Temple 4,"Main Road, Buenos Aires",Spring,3.966666666666667,3.96
519,730,2022,7,Family,4,3.9,Africa,South Africa,Cape Town,Buenos Aires,Argentina,Temple,Buenos Aires Temple 4,"Main Road, Buenos Aires",Summer,3.84,3.96
520,765,2024,4,Family,24,4.5,Australia,Australia,Sydney,Nairobi,Kenya,Museum,Nairobi Museum 24,"Main Road, Nairobi",Spring,3.6999999999999997,3.8804878048780487
521,635,2024,9,Couples,43,3.3,Europe,France,Paris,Cape Town,South Africa,Shopping,Cape Town Shopping 43,"Main Road, Cape Town",Autumn,3.75,3.772
522,559,2024,4,Family,59,3.5,Asia,India,Jaipur,Melbourne,Australia,Museum,Melbourne Museum 59,"Main Road, Melbourne",Spring,3.7285714285714286,3.853061224489796
523,551,2023,10,Family,48,2.8,Europe,Germany,Berlin,Nairobi,Kenya,Adventure,Nairobi Adventure 48,"Main Road, Nairobi",Autumn,4.05,3.845833333333333
524,278,2023,12,Solo,75,3.8,Asia,Japan,Tokyo,Vancouver,Canada,Park,Vancouver Park 75,"Main Road, Vancouver",Winter,3.84,3.861818181818182
525,804,2023,5,Couples,18,3.0,South America,Argentina,Buenos Aires,Madrid,Spain,Historical Site,Madrid Historical Site 18,"Main Road, Madrid",Spring,3.0,3.7285714285714286
526,858,2023,6,Friends,87,4.6,North America,Mexico,Mexico City,Vancouver,Canada,Park,Vancouver Park 87,"Main Road, Vancouver",Summer,3.8818181818181823,3.881818181818182
527,712,2023,3,Family,24,4.3,Asia,Thailand,Bangkok,Nairobi,Kenya,Museum,Nairobi Museum 24,"Main Road, Nairobi",Spring,4.566666666666666,3.8804878048780487
528,761,2022,10,Friends,42,3.9,Europe,Spain,Barcelona,Singapore,Singapore,Wildlife,Singapore Wildlife 42,"Main Road, Singapore",Autumn,3.942857142857143,3.706382978723404
529,630,2024,7,Solo,94,3.3,Asia,Singapore,Singapore,Melbourne,Australia,Temple,Melbourne Temple 94,"Main Road, Melbourne",Summer,3.766666666666667,3.6732142857142853
530,271,2025,7,Couples,2,3.5,Europe,Germany,Munich,Sao Paulo,Brazil,Historical Site,Sao Paulo Historical Site 2,"Main Road, Sao Paulo",Summer,3.8125,3.727272727272727
531,950,2024,7,Solo,18,2.9,North America,Canada,Vancouver,Madrid,Spain,Historical Site,Madrid Historical Site 18,"Main Road, Madrid",Summer,3.257142857142857,3.7285714285714286
532,929,2024,10,Family,59,3.4,South America,Chile,Santiago,Melbourne,Australia,Museum,Melbourne Museum 59,"Main Road, Melbourne",Autumn,3.85,3.853061224489796
533,891,2025,1,Family,82,3.8,Australia,New Zealand,Queenstown,Sydney,Australia,Temple,Sydney Temple 82,"Main Road, Sydney",Winter,3.8333333333333335,3.7333333333333334
534,503,2022,7,Couples,57,4.3,North America,Canada,Vancouver,Queenstown,New Zealand,Beach,Queenstown Beach 57,"Main Road, Queenstown",Summer,3.9,3.8095238095238093
535,863,2024,12,Family,14,3.8,Asia,India,Delhi,Sao Paulo,Brazil,Historical Site,Sao Paulo Historical Site 14,"Main Road, Sao Paulo",Winter,4.04,3.788235294117647
536,954,2023,5,Family,45,3.6,Australia,New Zealand,Queenstown,Cairo,Egypt,Park,Cairo Park 45,"Main Road, Cairo",Spring,3.6875,3.852830188679245
537,554,2025,11,Couples,53,3.4,Europe,Germany,Berlin,Milan,Italy,Shopping,Milan Shopping 53,"Main Road, Milan",Autumn,3.866666666666667,3.685106382978723
538,925,2024,10,Couples,3,4.0,Africa,South Africa,Cape Town,Rio de Janeiro,Brazil,Adventure,Rio de Janeiro Adventure 3,"Main Road, Rio de Janeiro",Autumn,3.9272727272727277,3.791111111111111
539,975,2023,12,Couples,35,1.7,Asia,India,Delhi,Paris,France,Beach,Paris Beach 35,"Main Road, Paris",Winter,3.5,3.728
540,904,2024,10,Business,8,5.0,Africa,Kenya,Nairobi,Las Vegas,USA,Museum,Las Vegas Museum 8,"Main Road, Las Vegas",Autumn,4.0600000000000005,3.716279069767442
541,900,2022,3,Business,51,5.0,Australia,Australia,Sydney,Mexico City,Mexico,Temple,Mexico City Temple 51,"Main Road, Mexico City",Spring,3.8,3.861290322580645
542,496,2025,5,Business,9,5.0,Asia,Singapore,Singapore,Nice,France,Adventure,Nice Adventure 9,"Main Road, Nice",Spring,4.0,3.709803921568627
543,15,2023,2,Couples,71,5.0,Australia,New Zealand,Auckland,Rio de Janeiro,Brazil,Museum,Rio de Janeiro Museum 71,"Main Road, Rio de Janeiro",Winter,4.211111111111111,3.9066666666666667
544,1,2024,8,Couples,10,4.2,South America,Brazil,Rio de Janeiro,Toronto,Canada,Wildlife,Toronto Wildlife 10,"Main Road, Toronto",Summer,4.125,3.8257575757575757
545,985,2025,9,Business,50,3.8,Australia,New Zealand,Queenstown,Cancun,Mexico,Historical Site,Cancun Historical Site 50,"Main Road, Cancun",Autumn,3.811111111111111,3.5078947368421054
546,937,2022,7,Solo,36,3.1,South America,Argentina,Buenos Aires,Singapore,Singapore,Beach,Singapore Beach 36,"Main Road, Singapore",Summer,3.0444444444444443,3.7410714285714284
547,965,2022,2,Solo,43,3.6,South America,Brazil,Rio de Janeiro,Cape Town,South Africa,Shopping,Cape Town Shopping 43,"Main Road, Cape Town",Winter,3.38,3.772
548,315,2024,9,Business,60,3.4,Australia,Australia,Sydney,Johannesburg,South Africa,Museum,Johannesburg Museum 60,"Main Road, Johannesburg",Autumn,4.016666666666667,3.7857142857142856
549,56,2025,9,Family,27,3.9,Europe,Spain,Madrid,Nairobi,Kenya,Temple,Nairobi Temple 27,"Main Road, Nairobi",Autumn,3.5500000000000003,3.6843137254901963
550,976,2025,7,Couples,24,4.2,North America,Mexico,Mexico City,Nairobi,Kenya,Museum,Nairobi Museum 24,"Main Road, Nairobi",Summer,4.375,3.8804878048780487
551,269,2022,4,Couples,69,4.2,North America,Mexico,Mexico City,Johannesburg,South Africa,Shopping,Johannesburg Shopping 69,"Main Road, Johannesburg",Spring,4.166666666666667,3.818032786885246
552,813,2024,12,Business,47,4.5,Asia,Thailand,Bangkok,New York,USA,Historical Site,New York Historical Site 47,"Main Road, New York",Winter,3.5625,3.9181818181818184
553,114,2024,3,Solo,55,4.2,Australia,New Zealand,Auckland,Mumbai,India,Wildlife,Mumbai Wildlife 55,"Main Road, Mumbai",Spring,4.066666666666666,3.6921568627450982
554,374,2025,8,Couples,45,3.6,South America,Brazil,Sao Paulo,Cairo,Egypt,Park,Cairo Park 45,"Main Road, Cairo",Summer,3.62,3.852830188679245
555,563,2024,6,Couples,43,3.4,Europe,Germany,Munich,Cape Town,South Africa,Shopping,Cape Town Shopping 43,"Main Road, Cape Town",Summer,3.357142857142857,3.772
556,439,2025,12,Family,92,4.6,Africa,Kenya,Nairobi,Queenstown,New Zealand,Museum,Queenstown Museum 92,"Main Road, Queenstown",Winter,4.1,4.0339285714285715
557,915,2024,4,Solo,28,3.9,Australia,New Zealand,Auckland,Rio de Janeiro,Brazil,Beach,Rio de Janeiro Beach 28,"Main Road, Rio de Janeiro",Spring,3.7,3.7065217391304346
558,610,2025,6,Family,99,3.5,Africa,Kenya,Nairobi,Toronto,Canada,Adventure,Toronto Adventure 99,"Main Road, Toronto",Summer,3.55,3.735416666666667
559,343,2023,12,Friends,54,3.1,South America,Brazil,Sao Paulo,Rio de Janeiro,Brazil,Shopping,Rio de Janeiro Shopping 54,"Main Road, Rio de Janeiro",Winter,3.675,3.7326086956521736
560,236,2024,6,Solo,55,3.6,North America,USA,Los Angeles,Mumbai,India,Wildlife,Mumbai Wildlife 55,"Main Road, Mumbai",Summer,3.533333333333333,3.6921568627450982
561,744,2022,9,Couples,85,4.8,Australia,New Zealand,Auckland,Rome,Italy,Historical Site,Rome Historical Site 85,"Main Road, Rome",Autumn,3.65,3.8607843137254902
562,939,2025,11,Couples,23,3.0,Europe,Germany,Berlin,Los Angeles,USA,Adventure,Los Angeles Adventure 23,"Main Road, Los Angeles",Autumn,3.2399999999999998,3.919047619047619
563,463,2022,9,Couples,97,3.1,Australia,New Zealand,Queenstown,Los Angeles,USA,Historical Site,Los Angeles Historical Site 97,"Main Road, Los Angeles",Autumn,3.3428571428571425,3.661904761904762
564,88,2025,3,Couples,47,3.3,Europe,Italy,Venice,New York,USA,Historical Site,New York Historical Site 47,"Main Road, New York",Spring,3.575,3.9181818181818184
565,50,2025,11,Couples,48,4.2,Asia,Singapore,Singapore,Nairobi,Kenya,Adventure,Nairobi Adventure 48,"Main Road, Nairobi",Autumn,4.233333333333333,3.845833333333333
566,799,2023,8,Family,21,5.0,Europe,Italy,Rome,Luxor,Egypt,Temple,Luxor Temple 21,"Main Road, Luxor",Summer,4.116666666666666,3.8267857142857147
567,589,2024,4,Couples,49,5.0,Australia,New Zealand,Queenstown,Santiago,Chile,Historical Site,Santiago Historical Site 49,"Main Road, Santiago",Spring,3.814285714285714,3.8877551020408165
568,937,2022,10,Business,66,2.8,South America,Argentina,Buenos Aires,Kyoto,Japan,Historical Site,Kyoto Historical Site 66,"Main Road, Kyoto",Autumn,3.0444444444444443,3.8181818181818183
569,134,2022,6,Business,75,3.3,Australia,New Zealand,Queenstown,Vancouver,Canada,Park,Vancouver Park 75,"Main Road, Vancouver",Summer,3.9857142857142853,3.861818181818182
570,771,2022,8,Business,99,3.6,Australia,New Zealand,Auckland,Toronto,Canada,Adventure,Toronto Adventure 99,"Main Road, Toronto",Summer,3.642857142857143,3.735416666666667
571,960,2022,3,Solo,88,4.0,South America,Brazil,Sao Paulo,Tokyo,Japan,Shopping,Tokyo Shopping 88,"Main Road, Tokyo",Spring,3.84,3.901818181818182
572,345,2023,3,Friends,16,4.6,Africa,Kenya,Nairobi,Sao Paulo,Brazil,Historical Site,Sao Paulo Historical Site 16,"Main Road, Sao Paulo",Spring,3.6714285714285713,3.932758620689655
573,25,2023,3,Couples,16,3.1,South America,Chile,Santiago,Sao Paulo,Brazil,Historical Site,Sao Paulo Historical Site 16,"Main Road, Sao Paulo",Spring,3.7750000000000004,3.932758620689655
574,848,2023,2,Family,55,3.5,Europe,France,Paris,Mumbai,India,Wildlife,Mumbai Wildlife 55,"Main Road, Mumbai",Winter,3.7714285714285714,3.6921568627450982
575,45,2022,10,Business,6,3.5,North America,Mexico,Cancun,Johannesburg,South Africa,Museum,Johannesburg Museum 6,"Main Road, Johannesburg",Autumn,3.8428571428571425,3.8461538461538463
576,287,2023,9,Couples,10,4.1,Asia,Thailand,Phuket,Toronto,Canada,Wildlife,Toronto Wildlife 10,"Main Road, Toronto",Autumn,3.525,3.8257575757575757
577,956,2025,9,Family,88,4.5,South America,Brazil,Rio de Janeiro,Tokyo,Japan,Shopping,Tokyo Shopping 88,"Main Road, Tokyo",Autumn,3.8600000000000003,3.901818181818182
578,621,2023,4,Couples,9,3.6,Asia,Singapore,Singapore,Nice,France,Adventure,Nice Adventure 9,"Main Road, Nice",Spring,3.88,3.709803921568627
579,143,2022,4,Friends,99,4.5,South America,Argentina,Buenos Aires,Toronto,Canada,Adventure,Toronto Adventure 99,"Main Road, Toronto",Spring,4.34,3.735416666666667
580,623,2022,4,Solo,2,4.2,Asia,Japan,Kyoto,Sao Paulo,Brazil,Historical Site,Sao Paulo Historical Site 2,"Main Road, Sao Paulo",Spring,3.85,3.727272727272727
581,330,2024,9,Solo,61,3.6,Africa,Egypt,Luxor,Sydney,Australia,Shopping,Sydney Shopping 61,"Main Road, Sydney",Autumn,4.0,3.8000000000000003
582,611,2022,4,Family,42,4.1,Africa,Kenya,Nairobi,Singapore,Singapore,Wildlife,Singapore Wildlife 42,"Main Road, Singapore",Spring,4.08,3.706382978723404
583,268,2023,12,Friends,37,3.3,North America,Canada,Vancouver,Mumbai,India,Historical Site,Mumbai Historical Site 37,"Main Road, Mumbai",Winter,3.15,3.752173913043478
584,824,2024,7,Solo,60,4.6,South America,Brazil,Rio de Janeiro,Johannesburg,South Africa,Museum,Johannesburg Museum 60,"Main Road, Johannesburg",Summer,4.1,3.7857142857142856
585,487,2024,10,Friends,85,4.3,Europe,Spain,Barcelona,Rome,Italy,Historical Site,Rome Historical Site 85,"Main Road, Rome",Autumn,3.9499999999999997,3.8607843137254902
586,434,2025,7,Business,20,4.5,Africa,South Africa,Cape Town,Vancouver,Canada,Wildlife,Vancouver Wildlife 20,"Main Road, Vancouver",Summer,4.15,3.775
587,130,2022,10,Family,25,3.8,South America,Chile,Santiago,Cairo,Egypt,Temple,Cairo Temple 25,"Main Road, Cairo",Autumn,3.8,3.595555555555556
588,698,2023,11,Family,99,2.8,South America,Argentina,Buenos Aires,Toronto,Canada,Adventure,Toronto Adventure 99,"Main Road, Toronto",Autumn,4.220000000000001,3.735416666666667
589,192,2024,6,Family,69,3.2,Australia,New Zealand,Auckland,Johannesburg,South Africa,Shopping,Johannesburg Shopping 69,"Main Road, Johannesburg",Summer,3.6799999999999997,3.818032786885246
590,144,2022,4,Friends,88,3.4,Africa,Kenya,Nairobi,Tokyo,Japan,Shopping,Tokyo Shopping 88,"Main Road, Tokyo",Spring,3.1714285714285713,3.901818181818182
591,492,2024,7,Business,55,4.7,Africa,Egypt,Cairo,Mumbai,India,Wildlife,Mumbai Wildlife 55,"Main Road, Mumbai",Summer,3.966666666666667,3.6921568627450982
592,542,2022,9,Solo,83,4.8,Asia,Japan,Osaka,Melbourne,Australia,Wildlife,Melbourne Wildlife 83,"Main Road, Melbourne",Autumn,3.766666666666667,3.851282051282051
593,232,2025,2,Couples,51,4.0,Asia,Thailand,Pattaya,Mexico City,Mexico,Temple,Mexico City Temple 51,"Main Road, Mexico City",Winter,3.542857142857143,3.861290322580645
594,703,2022,7,Solo,45,3.9,Europe,Germany,Berlin,Cairo,Egypt,Park,Cairo Park 45,"Main Road, Cairo",Summer,4.1,3.852830188679245
595,546,2022,6,Friends,36,3.9,North America,Canada,Vancouver,Singapore,Singapore,Beach,Singapore Beach 36,"Main Road, Singapore",Summer,3.95,3.7410714285714284
596,921,2022,8,Couples,55,4.1,North America,Mexico,Mexico City,Mumbai,India,Wildlife,Mumbai Wildlife 55,"Main Road, Mumbai",Summer,3.5142857142857147,3.6921568627450982
597,383,2025,3,Couples,98,3.8,Europe,Spain,Madrid,Mombasa,Kenya,Adventure,Mombasa Adventure 98,"Main Road, Mombasa",Spring,3.533333333333333,4.017543859649122
598,688,2023,8,Couples,21,3.7,Australia,Australia,Sydney,Luxor,Egypt,Temple,Luxor Temple 21,"Main Road, Luxor",Summer,3.725,3.8267857142857147
599,827,2024,4,Couples,72,4.2,Africa,Egypt,Cairo,Luxor,Egypt,Temple,Luxor Temple 72,"Main Road, Luxor",Spring,3.3333333333333335,3.696296296296296
600,621,2022,8,Friends,1,4.2,Asia,Singapore,Singapore,Berlin,Germany,Wildlife,Berlin Wildlife 1,"Main Road, Berlin",Summer,3.88,3.782051282051282
601,708,2024,3,Couples,35,3.9,Australia,Australia,Sydney,Paris,France,Beach,Paris Beach 35,"Main Road, Paris",Spring,3.525,3.728
602,731,2023,7,Couples,80,3.7,Australia,New Zealand,Queenstown,Nairobi,Kenya,Temple,Nairobi Temple 80,"Main Road, Nairobi",Summer,3.78,3.8166666666666664
603,553,2023,5,Family,75,4.8,Africa,Egypt,Luxor,Vancouver,Canada,Park,Vancouver Park 75,"Main Road, Vancouver",Spring,4.1,3.861818181818182
604,699,2024,5,Solo,81,2.5,South America,Chile,Santiago,Luxor,Egypt,Park,Luxor Park 81,"Main Road, Luxor",Spring,3.744444444444445,3.8309090909090906
605,3,2023,3,Friends,47,4.7,Europe,Spain,Madrid,New York,USA,Historical Site,New York Historical Site 47,"Main Road, New York",Spring,3.857142857142857,3.9181818181818184
606,415,2022,12,Friends,95,4.5,Asia,Japan,Kyoto,Singapore,Singapore,Park,Singapore Park 95,"Main Road, Singapore",Winter,3.6636363636363636,3.819607843137255
607,663,2023,6,Solo,82,4.5,Africa,South Africa,Cape Town,Sydney,Australia,Temple,Sydney Temple 82,"Main Road, Sydney",Summer,4.1875,3.7333333333333334
608,776,2024,9,Business,79,4.8,South America,Brazil,Rio de Janeiro,Mexico City,Mexico,Historical Site,Mexico City Historical Site 79,"Main Road, Mexico City",Autumn,4.05,3.861224489795918
609,488,2022,4,Family,96,3.8,North America,USA,Las Vegas,Cancun,Mexico,Adventure,Cancun Adventure 96,"Main Road, Cancun",Spring,3.5,3.5860000000000003
610,236,2022,2,Couples,78,4.0,North America,USA,Los Angeles,Santiago,Chile,Museum,Santiago Museum 78,"Main Road, Santiago",Winter,3.533333333333333,3.814814814814815
611,967,2024,9,Business,93,4.0,Australia,New Zealand,Queenstown,Auckland,New Zealand,Adventure,Auckland Adventure 93,"Main Road, Auckland",Autumn,3.8857142857142857,3.7888888888888888
612,568,2022,4,Family,94,3.4,North America,Canada,Vancouver,Melbourne,Australia,Temple,Melbourne Temple 94,"Main Road, Melbourne",Spring,3.72,3.6732142857142853
613,757,2024,5,Friends,22,3.1,Europe,Italy,Milan,Melbourne,Australia,Adventure,Melbourne Adventure 22,"Main Road, Melbourne",Spring,4.06,3.8629629629629627
614,273,2023,7,Friends,80,5.0,Africa,South Africa,Cape Town,Nairobi,Kenya,Temple,Nairobi Temple 80,"Main Road, Nairobi",Summer,3.4799999999999995,3.8166666666666664
615,597,2023,6,Couples,39,3.5,Australia,Australia,Sydney,Munich,Germany,Shopping,Munich Shopping 39,"Main Road, Munich",Summer,3.6875,3.965909090909091
616,448,2024,9,Family,16,4.3,Australia,Australia,Sydney,Sao Paulo,Brazil,Historical Site,Sao Paulo Historical Site 16,"Main Road, Sao Paulo",Autumn,3.8875,3.932758620689655
617,713,2023,9,Business,69,4.3,Asia,Thailand,Pattaya,Johannesburg,South Africa,Shopping,Johannesburg Shopping 69,"Main Road, Johannesburg",Autumn,3.757142857142857,3.818032786885246
618,726,2023,7,Friends,22,5.0,South America,Argentina,Buenos Aires,Melbourne,Australia,Adventure,Melbourne Adventure 22,"Main Road, Melbourne",Summer,3.9799999999999995,3.8629629629629627
619,251,2023,7,Solo,97,3.1,Australia,Australia,Melbourne,Los Angeles,USA,Historical Site,Los Angeles Historical Site 97,"Main Road, Los Angeles",Summer,3.7249999999999996,3.661904761904762
620,260,2024,11,Friends,82,3.7,Europe,France,Paris,Sydney,Australia,Temple,Sydney Temple 82,"Main Road, Sydney",Autumn,3.6999999999999997,3.7333333333333334
621,161,2023,9,Friends,28,4.3,Africa,Kenya,Nairobi,Rio de Janeiro,Brazil,Beach,Rio de Janeiro Beach 28,"Main Road, Rio de Janeiro",Autumn,3.8666666666666667,3.7065217391304346
622,472,2022,8,Friends,56,3.2,Asia,Singapore,Singapore,Madrid,Spain,Historical Site,Madrid Historical Site 56,"Main Road, Madrid",Summer,3.94,3.892156862745098
623,973,2024,10,Solo,43,4.3,Africa,Kenya,Nairobi,Cape Town,South Africa,Shopping,Cape Town Shopping 43,"Main Road, Cape Town",Autumn,3.4857142857142853,3.772
624,798,2023,4,Solo,98,4.6,Europe,Spain,Madrid,Mombasa,Kenya,Adventure,Mombasa Adventure 98,"Main Road, Mombasa",Spring,3.9285714285714284,4.017543859649122
625,248,2023,7,Friends,18,4.0,North America,USA,New York,Madrid,Spain,Historical Site,Madrid Historical Site 18,"Main Road, Madrid",Summer,3.6333333333333333,3.7285714285714286
626,494,2025,2,Business,49,2.7,Australia,New Zealand,Queenstown,Santiago,Chile,Historical Site,Santiago Historical Site 49,"Main Road, Santiago",Winter,3.283333333333333,3.8877551020408165
627,917,2023,9,Business,90,2.8,Europe,Germany,Munich,Nice,France,Temple,Nice Temple 90,"Main Road, Nice",Autumn,3.8833333333333333,3.7215686274509805
628,691,2025,4,Friends,70,3.4,Africa,South Africa,Johannesburg,Sydney,Australia,Beach,Sydney Beach 70,"Main Road, Sydney",Spring,3.7333333333333334,3.7588235294117647
629,934,2022,6,Couples,72,4.0,Africa,Kenya,Nairobi,Luxor,Egypt,Temple,Luxor Temple 72,"Main Road, Luxor",Summer,3.4714285714285715,3.696296296296296
630,951,2024,6,Solo,60,2.9,Europe,Spain,Barcelona,Johannesburg,South Africa,Museum,Johannesburg Museum 60,"Main Road, Johannesburg",Summer,3.6166666666666667,3.7857142857142856
631,126,2024,9,Family,29,3.5,Europe,Italy,Venice,Santiago,Chile,Wildlife,Santiago Wildlife 29,"Main Road, Santiago",Autumn,3.966666666666667,3.7943396226415094
632,402,2023,7,Couples,17,4.5,North America,Mexico,Mexico City,Buenos Aires,Argentina,Wildlife,Buenos Aires Wildlife 17,"Main Road, Buenos Aires",Summer,3.5666666666666664,3.9155555555555552
633,110,2023,3,Family,56,3.9,South America,Argentina,Buenos Aires,Madrid,Spain,Historical Site,Madrid Historical Site 56,"Main Road, Madrid",Spring,3.7624999999999997,3.892156862745098
634,933,2024,1,Couples,65,4.7,Europe,Germany,Berlin,Vancouver,Canada,Museum,Vancouver Museum 65,"Main Road, Vancouver",Winter,3.5714285714285716,3.9294117647058826
635,949,2025,11,Solo,16,3.8,South America,Brazil,Sao Paulo,Sao Paulo,Brazil,Historical Site,Sao Paulo Historical Site 16,"Main Road, Sao Paulo",Autumn,3.95,3.932758620689655
636,65,2023,11,Business,100,3.6,North America,Mexico,Mexico City,Mombasa,Kenya,Wildlife,Mombasa Wildlife 100,"Main Road, Mombasa",Autumn,3.6833333333333336,3.75
637,699,2024,12,Family,23,4.5,South America,Chile,Santiago,Los Angeles,USA,Adventure,Los Angeles Adventure 23,"Main Road, Los Angeles",Winter,3.744444444444445,3.919047619047619
638,452,2023,7,Family,78,3.8,Asia,Japan,Kyoto,Santiago,Chile,Museum,Santiago Museum 78,"Main Road, Santiago",Summer,3.7714285714285714,3.814814814814815
639,2,2023,1,Family,10,4.3,North America,USA,New York,Toronto,Canada,Wildlife,Toronto Wildlife 10,"Main Road, Toronto",Winter,3.825,3.8257575757575757
640,340,2023,5,Family,1,4.4,Africa,Egypt,Luxor,Berlin,Germany,Wildlife,Berlin Wildlife 1,"Main Road, Berlin",Spring,4.014285714285714,3.782051282051282
641,211,2023,1,Business,18,3.7,Europe,France,Nice,Madrid,Spain,Historical Site,Madrid Historical Site 18,"Main Road, Madrid",Winter,3.7,3.7285714285714286
642,975,2022,7,Couples,36,4.1,Asia,India,Delhi,Singapore,Singapore,Beach,Singapore Beach 36,"Main Road, Singapore",Summer,3.5,3.7410714285714284
643,185,2022,2,Friends,69,4.7,North America,Canada,Toronto,Johannesburg,South Africa,Shopping,Johannesburg Shopping 69,"Main Road, Johannesburg",Winter,4.016666666666667,3.818032786885246
644,154,2024,3,Couples,35,3.4,Europe,Spain,Barcelona,Paris,France,Beach,Paris Beach 35,"Main Road, Paris",Spring,3.522222222222222,3.728
645,546,2022,9,Solo,97,4.0,North America,Canada,Vancouver,Los Angeles,USA,Historical Site,Los Angeles Historical Site 97,"Main Road, Los Angeles",Autumn,3.95,3.661904761904762
646,594,2024,9,Couples,43,4.4,Europe,Germany,Berlin,Cape Town,South Africa,Shopping,Cape Town Shopping 43,"Main Road, Cape Town",Autumn,3.6999999999999997,3.772
647,270,2025,6,Couples,52,4.0,North America,USA,New York,Mombasa,Kenya,Shopping,Mombasa Shopping 52,"Main Road, Mombasa",Summer,3.6384615384615384,3.9035087719298245
648,740,2023,12,Business,21,3.0,Africa,Kenya,Mombasa,Luxor,Egypt,Temple,Luxor Temple 21,"Main Road, Luxor",Winter,3.857142857142857,3.8267857142857147
649,74,2024,10,Family,63,3.9,North America,Canada,Toronto,Madrid,Spain,Shopping,Madrid Shopping 63,"Main Road, Madrid",Autumn,3.822222222222222,3.8245283018867924
650,32,2023,11,Friends,15,4.3,Africa,South Africa,Johannesburg,Jaipur,India,Historical Site,Jaipur Historical Site 15,"Main Road, Jaipur",Autumn,3.8200000000000003,3.8632653061224493
651,832,2023,10,Couples,59,4.7,Europe,France,Paris,Melbourne,Australia,Museum,Melbourne Museum 59,"Main Road, Melbourne",Autumn,4.285714285714286,3.853061224489796
652,790,2023,1,Solo,63,3.0,South America,Brazil,Sao Paulo,Madrid,Spain,Shopping,Madrid Shopping 63,"Main Road, Madrid",Winter,3.3999999999999995,3.8245283018867924
653,537,2024,5,Couples,48,3.4,South America,Chile,Santiago,Nairobi,Kenya,Adventure,Nairobi Adventure 48,"Main Road, Nairobi",Spring,3.625,3.845833333333333
654,229,2023,9,Couples,57,3.6,Africa,Egypt,Luxor,Queenstown,New Zealand,Beach,Queenstown Beach 57,"Main Road, Queenstown",Autumn,3.6,3.8095238095238093
655,984,2025,1,Business,9,5.0,Europe,France,Paris,Nice,France,Adventure,Nice Adventure 9,"Main Road, Nice",Winter,4.125,3.709803921568627
656,954,2022,5,Family,75,4.9,Australia,New Zealand,Queenstown,Vancouver,Canada,Park,Vancouver Park 75,"Main Road, Vancouver",Spring,3.6875,3.861818181818182
657,925,2023,1,Couples,24,3.0,Africa,South Africa,Cape Town,Nairobi,Kenya,Museum,Nairobi Museum 24,"Main Road, Nairobi",Winter,3.9272727272727277,3.8804878048780487
658,433,2024,4,Solo,29,2.8,North America,USA,New York,Santiago,Chile,Wildlife,Santiago Wildlife 29,"Main Road, Santiago",Spring,3.6333333333333333,3.7943396226415094
659,404,2024,12,Business,47,3.6,Australia,Australia,Melbourne,New York,USA,Historical Site,New York Historical Site 47,"Main Road, New York",Winter,4.2,3.9181818181818184
660,997,2023,4,Family,19,2.6,South America,Chile,Santiago,Auckland,New Zealand,Park,Auckland Park 19,"Main Road, Auckland",Spring,3.2600000000000002,3.689583333333333
661,154,2023,12,Family,26,3.5,Europe,Spain,Barcelona,Rome,Italy,Temple,Rome Temple 26,"Main Road, Rome",Winter,3.522222222222222,3.829310344827586
662,993,2024,1,Couples,42,4.1,Asia,India,Mumbai,Singapore,Singapore,Wildlife,Singapore Wildlife 42,"Main Road, Singapore",Winter,3.975,3.706382978723404
663,588,2025,3,Family,49,3.5,Asia,Thailand,Bangkok,Santiago,Chile,Historical Site,Santiago Historical Site 49,"Main Road, Santiago",Spring,4.0,3.8877551020408165
664,308,2022,6,Family,100,4.5,Europe,Spain,Madrid,Mombasa,Kenya,Wildlife,Mombasa Wildlife 100,"Main Road, Mombasa",Summer,4.057142857142857,3.75
665,302,2025,8,Friends,100,3.4,Europe,Italy,Venice,Mombasa,Kenya,Wildlife,Mombasa Wildlife 100,"Main Road, Mombasa",Summer,3.9555555555555557,3.75
666,266,2025,10,Family,80,3.7,South America,Chile,Santiago,Nairobi,Kenya,Temple,Nairobi Temple 80,"Main Road, Nairobi",Autumn,3.7600000000000002,3.8166666666666664
667,487,2023,4,Couples,92,4.0,Europe,Spain,Barcelona,Queenstown,New Zealand,Museum,Queenstown Museum 92,"Main Road, Queenstown",Spring,3.9499999999999997,4.0339285714285715
668,90,2024,1,Friends,78,4.9,North America,Canada,Vancouver,Santiago,Chile,Museum,Santiago Museum 78,"Main Road, Santiago",Winter,3.9875,3.814814814814815
669,301,2024,3,Solo,84,3.2,Africa,South Africa,Cape Town,Singapore,Singapore,Temple,Singapore Temple 84,"Main Road, Singapore",Spring,3.9333333333333336,3.7846153846153845
670,140,2025,1,Friends,90,2.0,Asia,India,Goa,Nice,France,Temple,Nice Temple 90,"Main Road, Nice",Winter,3.1,3.7215686274509805
671,728,2025,10,Family,98,3.4,South America,Argentina,Buenos Aires,Mombasa,Kenya,Adventure,Mombasa Adventure 98,"Main Road, Mombasa",Autumn,3.725,4.017543859649122
672,746,2024,7,Couples,73,3.7,South America,Argentina,Buenos Aires,Queenstown,New Zealand,Shopping,Queenstown Shopping 73,"Main Road, Queenstown",Summer,3.2857142857142856,3.7816666666666667
673,304,2025,4,Friends,2,4.9,Africa,South Africa,Johannesburg,Sao Paulo,Brazil,Historical Site,Sao Paulo Historical Site 2,"Main Road, Sao Paulo",Spring,4.075,3.727272727272727
674,322,2023,3,Couples,100,4.3,Asia,India,Goa,Mombasa,Kenya,Wildlife,Mombasa Wildlife 100,"Main Road, Mombasa",Spring,3.733333333333333,3.75
675,509,2022,4,Business,6,4.5,South America,Brazil,Sao Paulo,Johannesburg,South Africa,Museum,Johannesburg Museum 6,"Main Road, Johannesburg",Spring,3.675,3.8461538461538463
676,734,2025,7,Family,51,3.4,North America,Canada,Toronto,Mexico City,Mexico,Temple,Mexico City Temple 51,"Main Road, Mexico City",Summer,4.0,3.861290322580645
677,19,2025,11,Solo,6,3.6,Africa,Egypt,Cairo,Johannesburg,South Africa,Museum,Johannesburg Museum 6,"Main Road, Johannesburg",Autumn,3.9000000000000004,3.8461538461538463
678,69,2024,3,Couples,11,3.3,South America,Argentina,Buenos Aires,Pattaya,Thailand,Beach,Pattaya Beach 11,"Main Road, Pattaya",Spring,3.9,3.7121951219512193
679,535,2022,9,Family,53,3.4,Australia,New Zealand,Queenstown,Milan,Italy,Shopping,Milan Shopping 53,"Main Road, Milan",Autumn,3.96,3.685106382978723
680,405,2022,9,Family,72,3.4,Asia,Japan,Osaka,Luxor,Egypt,Temple,Luxor Temple 72,"Main Road, Luxor",Autumn,3.825,3.696296296296296
681,840,2022,3,Couples,88,4.4,North America,Mexico,Mexico City,Tokyo,Japan,Shopping,Tokyo Shopping 88,"Main Road, Tokyo",Spring,3.875,3.901818181818182
682,806,2022,10,Friends,34,3.0,Australia,New Zealand,Auckland,Mombasa,Kenya,Temple,Mombasa Temple 34,"Main Road, Mombasa",Autumn,3.175,3.764
683,657,2023,3,Family,67,4.5,Australia,Australia,Melbourne,Auckland,New Zealand,Historical Site,Auckland Historical Site 67,"Main Road, Auckland",Spring,3.988888888888889,3.736842105263158
684,121,2023,5,Business,4,4.5,South America,Argentina,Buenos Aires,Buenos Aires,Argentina,Temple,Buenos Aires Temple 4,"Main Road, Buenos Aires",Spring,4.116666666666666,3.96
685,12,2023,2,Couples,81,3.7,Asia,India,Jaipur,Luxor,Egypt,Park,Luxor Park 81,"Main Road, Luxor",Winter,3.7399999999999998,3.8309090909090906
686,441,2022,2,Family,12,2.4,Asia,Thailand,Pattaya,New York,USA,Historical Site,New York Historical Site 12,"Main Road, New York",Winter,3.6714285714285713,3.8160714285714286
687,651,2025,10,Friends,53,4.4,Asia,India,Jaipur,Milan,Italy,Shopping,Milan Shopping 53,"Main Road, Milan",Autumn,4.075,3.685106382978723
688,874,2022,6,Friends,76,3.3,Asia,India,Jaipur,Tokyo,Japan,Temple,Tokyo Temple 76,"Main Road, Tokyo",Summer,3.8333333333333335,3.817777777777778
689,854,2025,2,Business,21,3.6,Asia,Japan,Osaka,Luxor,Egypt,Temple,Luxor Temple 21,"Main Road, Luxor",Winter,3.8333333333333335,3.8267857142857147
690,905,2023,6,Friends,1,4.4,Australia,Australia,Sydney,Berlin,Germany,Wildlife,Berlin Wildlife 1,"Main Road, Berlin",Summer,4.0,3.782051282051282
691,701,2023,12,Solo,44,3.4,Australia,Australia,Melbourne,Rio de Janeiro,Brazil,Temple,Rio de Janeiro Temple 44,"Main Road, Rio de Janeiro",Winter,3.783333333333333,3.825
692,563,2025,8,Couples,10,3.9,Europe,Germany,Munich,Toronto,Canada,Wildlife,Toronto Wildlife 10,"Main Road, Toronto",Summer,3.357142857142857,3.8257575757575757
693,70,2022,7,Family,85,3.3,Australia,Australia,Melbourne,Rome,Italy,Historical Site,Rome Historical Site 85,"Main Road, Rome",Summer,3.125,3.8607843137254902
694,825,2025,10,Couples,96,3.7,Australia,New Zealand,Queenstown,Cancun,Mexico,Adventure,Cancun Adventure 96,"Main Road, Cancun",Autumn,3.6999999999999997,3.5860000000000003
695,110,2023,10,Family,52,4.6,South America,Argentina,Buenos Aires,Mombasa,Kenya,Shopping,Mombasa Shopping 52,"Main Road, Mombasa",Autumn,3.7624999999999997,3.9035087719298245
696,530,2022,5,Business,47,3.7,South America,Brazil,Sao Paulo,New York,USA,Historical Site,New York Historical Site 47,"Main Road, New York",Spring,3.716666666666667,3.9181818181818184
697,803,2023,6,Friends,51,4.6,North America,Canada,Vancouver,Mexico City,Mexico,Temple,Mexico City Temple 51,"Main Road, Mexico City",Summer,3.8499999999999996,3.861290322580645
698,542,2022,10,Family,44,2.7,Asia,Japan,Osaka,Rio de Janeiro,Brazil,Temple,Rio de Janeiro Temple 44,"Main Road, Rio de Janeiro",Autumn,3.766666666666667,3.825
699,177,2023,10,Family,11,2.5,North America,USA,New York,Pattaya,Thailand,Beach,Pattaya Beach 11,"Main Road, Pattaya",Autumn,3.45,3.7121951219512193
700,601,2023,3,Friends,68,3.9,South America,Chile,Santiago,Toronto,Canada,Shopping,Toronto Shopping 68,"Main Road, Toronto",Spring,4.0,3.607142857142857
701,862,2023,7,Couples,19,3.1,Europe,Germany,Munich,Auckland,New Zealand,Park,Auckland Park 19,"Main Road, Auckland",Summer,3.642857142857143,3.689583333333333
702,530,2025,5,Couples,57,3.7,South America,Brazil,Sao Paulo,Queenstown,New Zealand,Beach,Queenstown Beach 57,"Main Road, Queenstown",Spring,3.716666666666667,3.8095238095238093
703,182,2024,3,Solo,13,4.3,South America,Brazil,Sao Paulo,Auckland,New Zealand,Wildlife,Auckland Wildlife 13,"Main Road, Auckland",Spring,4.066666666666666,3.8711864406779664
704,588,2024,12,Solo,2,5.0,Asia,Thailand,Bangkok,Sao Paulo,Brazil,Historical Site,Sao Paulo Historical Site 2,"Main Road, Sao Paulo",Winter,4.0,3.727272727272727
705,589,2025,2,Business,86,4.5,Australia,New Zealand,Queenstown,Cape Town,South Africa,Historical Site,Cape Town Historical Site 86,"Main Road, Cape Town",Winter,3.814285714285714,3.6799999999999997
706,204,2024,8,Friends,16,3.6,South America,Brazil,Sao Paulo,Sao Paulo,Brazil,Historical Site,Sao Paulo Historical Site 16,"Main Road, Sao Paulo",Summer,3.9,3.932758620689655
707,329,2024,5,Family,32,4.2,Asia,India,Goa,Buenos Aires,Argentina,Shopping,Buenos Aires Shopping 32,"Main Road, Buenos Aires",Spring,3.85,3.812244897959184
708,169,2023,2,Friends,53,3.2,South America,Argentina,Buenos Aires,Milan,Italy,Shopping,Milan Shopping 53,"Main Road, Milan",Winter,3.966666666666667,3.685106382978723
709,760,2025,12,Friends,7,3.2,Europe,Spain,Barcelona,Santiago,Chile,Park,Santiago Park 7,"Main Road, Santiago",Winter,3.625,3.6767857142857143
710,853,2022,4,Couples,70,3.4,Australia,New Zealand,Queenstown,Sydney,Australia,Beach,Sydney Beach 70,"Main Road, Sydney",Spring,4.15,3.7588235294117647
711,26,2022,7,Couples,61,3.0,South America,Brazil,Sao Paulo,Sydney,Australia,Shopping,Sydney Shopping 61,"Main Road, Sydney",Summer,3.25,3.8000000000000003
712,219,2022,7,Solo,40,3.7,Australia,New Zealand,Auckland,Cape Town,South Africa,Museum,Cape Town Museum 40,"Main Road, Cape Town",Summer,3.6100000000000003,3.815909090909091
713,990,2024,4,Friends,61,3.4,North America,Canada,Toronto,Sydney,Australia,Shopping,Sydney Shopping 61,"Main Road, Sydney",Spring,3.6333333333333333,3.8000000000000003
714,300,2023,5,Couples,12,4.5,Europe,Spain,Barcelona,New York,USA,Historical Site,New York Historical Site 12,"Main Road, New York",Spring,4.08,3.8160714285714286
715,353,2022,12,Family,92,4.7,Africa,Kenya,Mombasa,Queenstown,New Zealand,Museum,Queenstown Museum 92,"Main Road, Queenstown",Winter,3.975,4.0339285714285715
716,99,2023,2,Friends,69,4.8,North America,Canada,Vancouver,Johannesburg,South Africa,Shopping,Johannesburg Shopping 69,"Main Road, Johannesburg",Winter,3.9142857142857146,3.818032786885246
717,618,2023,11,Solo,58,3.2,Australia,New Zealand,Auckland,Mumbai,India,Wildlife,Mumbai Wildlife 58,"Main Road, Mumbai",Autumn,3.783333333333333,3.7518518518518515
718,568,2022,3,Couples,72,2.9,North America,Canada,Vancouver,Luxor,Egypt,Temple,Luxor Temple 72,"Main Road, Luxor",Spring,3.72,3.696296296296296
719,377,2023,5,Couples,15,3.3,Asia,Thailand,Bangkok,Jaipur,India,Historical Site,Jaipur Historical Site 15,"Main Road, Jaipur",Spring,3.8166666666666664,3.8632653061224493
720,4,2023,8,Couples,95,3.3,North America,Mexico,Mexico City,Singapore,Singapore,Park,Singapore Park 95,"Main Road, Singapore",Summer,3.75,3.819607843137255
721,215,2023,4,Family,76,4.5,Africa,South Africa,Cape Town,Tokyo,Japan,Temple,Tokyo Temple 76,"Main Road, Tokyo",Spring,3.725,3.817777777777778
722,939,2023,9,Couples,35,4.1,Europe,Germany,Berlin,Paris,France,Beach,Paris Beach 35,"Main Road, Paris",Autumn,3.2399999999999998,3.728
723,105,2025,9,Business,78,3.2,Asia,India,Goa,Santiago,Chile,Museum,Santiago Museum 78,"Main Road, Santiago",Autumn,3.75,3.814814814814815
724,336,2025,5,Couples,76,3.1,Europe,Germany,Berlin,Tokyo,Japan,Temple,Tokyo Temple 76,"Main Road, Tokyo",Spring,3.7000000000000006,3.817777777777778
725,513,2025,10,Business,39,5.0,North America,Canada,Vancouver,Munich,Germany,Shopping,Munich Shopping 39,"Main Road, Munich",Autumn,4.1,3.965909090909091
726,90,2023,6,Friends,49,4.4,North America,Canada,Vancouver,Santiago,Chile,Historical Site,Santiago Historical Site 49,"Main Road, Santiago",Summer,3.9875,3.8877551020408165
727,132,2024,9,Family,49,3.9,South America,Chile,Santiago,Santiago,Chile,Historical Site,Santiago Historical Site 49,"Main Road, Santiago",Autumn,3.9499999999999997,3.8877551020408165
728,744,2024,8,Couples,95,3.8,Australia,New Zealand,Auckland,Singapore,Singapore,Park,Singapore Park 95,"Main Road, Singapore",Summer,3.65,3.819607843137255
729,811,2024,8,Family,98,4.2,Asia,Singapore,Singapore,Mombasa,Kenya,Adventure,Mombasa Adventure 98,"Main Road, Mombasa",Summer,3.6666666666666665,4.017543859649122
730,461,2024,4,Solo,15,2.3,North America,Canada,Toronto,Jaipur,India,Historical Site,Jaipur Historical Site 15,"Main Road, Jaipur",Spring,3.7,3.8632653061224493
731,478,2025,3,Friends,30,3.3,South America,Argentina,Buenos Aires,Cape Town,South Africa,Museum,Cape Town Museum 30,"Main Road, Cape Town",Spring,4.266666666666667,3.811111111111111
732,311,2025,4,Solo,85,3.8,Europe,France,Paris,Rome,Italy,Historical Site,Rome Historical Site 85,"Main Road, Rome",Spring,3.5799999999999996,3.8607843137254902
733,415,2024,6,Family,58,2.5,Asia,Japan,Kyoto,Mumbai,India,Wildlife,Mumbai Wildlife 58,"Main Road, Mumbai",Summer,3.6636363636363636,3.7518518518518515
734,37,2024,2,Couples,77,3.9,Africa,Kenya,Nairobi,Rome,Italy,Temple,Rome Temple 77,"Main Road, Rome",Winter,3.56,3.836734693877551
735,420,2025,4,Solo,100,3.7,Asia,India,Delhi,Mombasa,Kenya,Wildlife,Mombasa Wildlife 100,"Main Road, Mombasa",Spring,4.029999999999999,3.75
736,706,2024,10,Family,69,3.3,South America,Brazil,Sao Paulo,Johannesburg,South Africa,Shopping,Johannesburg Shopping 69,"Main Road, Johannesburg",Autumn,3.575,3.818032786885246
737,297,2024,5,Family,77,3.3,South America,Brazil,Sao Paulo,Rome,Italy,Temple,Rome Temple 77,"Main Road, Rome",Spring,3.78,3.836734693877551
738,128,2022,8,Business,51,2.9,South America,Brazil,Sao Paulo,Mexico City,Mexico,Temple,Mexico City Temple 51,"Main Road, Mexico City",Summer,4.2124999999999995,3.861290322580645
739,881,2022,5,Business,78,3.6,Europe,Spain,Madrid,Santiago,Chile,Museum,Santiago Museum 78,"Main Road, Santiago",Spring,3.966666666666667,3.814814814814815
740,296,2024,3,Friends,38,2.9,Asia,India,Delhi,Luxor,Egypt,Museum,Luxor Museum 38,"Main Road, Luxor",Spring,3.7600000000000002,3.784313725490196
741,673,2023,8,Solo,13,4.7,Africa,Egypt,Cairo,Auckland,New Zealand,Wildlife,Auckland Wildlife 13,"Main Road, Auckland",Summer,3.6,3.8711864406779664
742,378,2024,6,Solo,10,2.1,South America,Argentina,Buenos Aires,Toronto,Canada,Wildlife,Toronto Wildlife 10,"Main Road, Toronto",Summer,3.6454545454545455,3.8257575757575757
743,71,2024,5,Solo,58,3.8,Europe,Spain,Barcelona,Mumbai,India,Wildlife,Mumbai Wildlife 58,"Main Road, Mumbai",Spring,3.34,3.7518518518518515
744,25,2022,8,Family,28,3.4,South America,Chile,Santiago,Rio de Janeiro,Brazil,Beach,Rio de Janeiro Beach 28,"Main Road, Rio de Janeiro",Summer,3.7750000000000004,3.7065217391304346
745,943,2022,3,Family,70,3.2,North America,Canada,Toronto,Sydney,Australia,Beach,Sydney Beach 70,"Main Road, Sydney",Spring,3.788888888888889,3.7588235294117647
746,323,2024,6,Business,25,3.9,Europe,Germany,Berlin,Cairo,Egypt,Temple,Cairo Temple 25,"Main Road, Cairo",Summer,4.5,3.595555555555556
747,980,2025,2,Couples,52,4.4,North America,Mexico,Mexico City,Mombasa,Kenya,Shopping,Mombasa Shopping 52,"Main Road, Mombasa",Winter,4.066666666666666,3.9035087719298245
748,599,2022,2,Solo,73,2.5,North America,Mexico,Cancun,Queenstown,New Zealand,Shopping,Queenstown Shopping 73,"Main Road, Queenstown",Winter,3.7142857142857144,3.7816666666666667
749,504,2023,10,Solo,7,3.6,Australia,Australia,Sydney,Santiago,Chile,Park,Santiago Park 7,"Main Road, Santiago",Autumn,3.8200000000000003,3.6767857142857143
750,943,2024,4,Friends,2,3.8,North America,Canada,Toronto,Sao Paulo,Brazil,Historical Site,Sao Paulo Historical Site 2,"Main Road, Sao Paulo",Spring,3.788888888888889,3.727272727272727
751,837,2023,5,Solo,39,4.1,Asia,Thailand,Phuket,Munich,Germany,Shopping,Munich Shopping 39,"Main Road, Munich",Spring,3.8714285714285714,3.965909090909091
752,424,2025,6,Business,45,3.6,Africa,Kenya,Mombasa,Cairo,Egypt,Park,Cairo Park 45,"Main Road, Cairo",Summer,4.016666666666667,3.852830188679245
753,670,2025,8,Business,76,3.4,Australia,Australia,Sydney,Tokyo,Japan,Temple,Tokyo Temple 76,"Main Road, Tokyo",Summer,3.6666666666666665,3.817777777777778
754,837,2023,9,Friends,18,3.6,Asia,Thailand,Phuket,Madrid,Spain,Historical Site,Madrid Historical Site 18,"Main Road, Madrid",Autumn,3.8714285714285714,3.7285714285714286
755,210,2023,8,Friends,17,3.8,Africa,Egypt,Luxor,Buenos Aires,Argentina,Wildlife,Buenos Aires Wildlife 17,"Main Road, Buenos Aires",Summer,3.6624999999999996,3.9155555555555552
756,419,2024,3,Couples,86,3.7,Asia,Thailand,Bangkok,Cape Town,South Africa,Historical Site,Cape Town Historical Site 86,"Main Road, Cape Town",Spring,3.95,3.6799999999999997
757,660,2022,1,Friends,65,3.4,North America,USA,Los Angeles,Vancouver,Canada,Museum,Vancouver Museum 65,"Main Road, Vancouver",Winter,3.55,3.9294117647058826
758,96,2024,12,Family,62,3.5,South America,Argentina,Buenos Aires,Buenos Aires,Argentina,Park,Buenos Aires Park 62,"Main Road, Buenos Aires",Winter,3.766666666666667,3.8065217391304347
759,880,2025,11,Friends,46,4.4,Asia,Thailand,Phuket,Jaipur,India,Shopping,Jaipur Shopping 46,"Main Road, Jaipur",Autumn,3.8333333333333335,3.7113636363636364
760,82,2025,6,Solo,44,4.0,Asia,Japan,Tokyo,Rio de Janeiro,Brazil,Temple,Rio de Janeiro Temple 44,"Main Road, Rio de Janeiro",Summer,4.166666666666667,3.825
761,162,2025,2,Business,71,4.2,Europe,Spain,Barcelona,Rio de Janeiro,Brazil,Museum,Rio de Janeiro Museum 71,"Main Road, Rio de Janeiro",Winter,3.963636363636364,3.9066666666666667
762,713,2024,3,Solo,72,2.7,Asia,Thailand,Pattaya,Luxor,Egypt,Temple,Luxor Temple 72,"Main Road, Luxor",Spring,3.757142857142857,3.696296296296296
763,389,2025,4,Friends,14,4.3,Africa,Kenya,Mombasa,Sao Paulo,Brazil,Historical Site,Sao Paulo Historical Site 14,"Main Road, Sao Paulo",Spring,3.8333333333333335,3.788235294117647
764,194,2023,7,Business,78,3.6,Africa,South Africa,Johannesburg,Santiago,Chile,Museum,Santiago Museum 78,"Main Road, Santiago",Summer,3.88,3.814814814814815
765,893,2024,4,Friends,38,4.1,Africa,South Africa,Cape Town,Luxor,Egypt,Museum,Luxor Museum 38,"Main Road, Luxor",Spring,4.3,3.784313725490196
766,351,2023,5,Friends,12,3.4,Europe,France,Nice,New York,USA,Historical Site,New York Historical Site 12,"Main Road, New York",Spring,4.111111111111111,3.8160714285714286
767,810,2024,2,Friends,12,5.0,Australia,New Zealand,Auckland,New York,USA,Historical Site,New York Historical Site 12,"Main Road, New York",Winter,4.0,3.8160714285714286
768,17,2024,9,Friends,68,4.0,South America,Brazil,Rio de Janeiro,Toronto,Canada,Shopping,Toronto Shopping 68,"Main Road, Toronto",Autumn,4.2,3.607142857142857
769,252,2023,2,Family,34,3.2,Africa,South Africa,Cape Town,Mombasa,Kenya,Temple,Mombasa Temple 34,"Main Road, Mombasa",Winter,3.9,3.764
770,556,2023,6,Friends,15,4.3,Africa,South Africa,Cape Town,Jaipur,India,Historical Site,Jaipur Historical Site 15,"Main Road, Jaipur",Summer,4.433333333333333,3.8632653061224493
771,416,2024,6,Friends,67,2.7,Europe,France,Paris,Auckland,New Zealand,Historical Site,Auckland Historical Site 67,"Main Road, Auckland",Summer,3.22,3.736842105263158
772,269,2025,10,Couples,66,3.7,North America,Mexico,Mexico City,Kyoto,Japan,Historical Site,Kyoto Historical Site 66,"Main Road, Kyoto",Autumn,4.166666666666667,3.8181818181818183
773,529,2023,3,Family,52,3.1,North America,USA,Las Vegas,Mombasa,Kenya,Shopping,Mombasa Shopping 52,"Main Road, Mombasa",Spring,3.3666666666666667,3.9035087719298245
774,723,2025,6,Solo,21,4.3,Asia,Japan,Kyoto,Luxor,Egypt,Temple,Luxor Temple 21,"Main Road, Luxor",Summer,3.9200000000000004,3.8267857142857147
775,955,2024,4,Couples,99,3.7,Australia,New Zealand,Queenstown,Toronto,Canada,Adventure,Toronto Adventure 99,"Main Road, Toronto",Spring,4.45,3.735416666666667
776,479,2025,9,Friends,56,3.5,Asia,India,Jaipur,Madrid,Spain,Historical Site,Madrid Historical Site 56,"Main Road, Madrid",Autumn,3.75,3.892156862745098
777,324,2023,11,Family,46,3.4,Europe,Italy,Venice,Jaipur,India,Shopping,Jaipur Shopping 46,"Main Road, Jaipur",Autumn,3.883333333333333,3.7113636363636364
778,849,2022,4,Couples,2,3.3,Africa,Kenya,Nairobi,Sao Paulo,Brazil,Historical Site,Sao Paulo Historical Site 2,"Main Road, Sao Paulo",Spring,3.9,3.727272727272727
779,348,2024,10,Family,43,4.6,North America,Canada,Vancouver,Cape Town,South Africa,Shopping,Cape Town Shopping 43,"Main Road, Cape Town",Autumn,3.7714285714285714,3.772
780,970,2022,8,Family,97,5.0,South America,Argentina,Buenos Aires,Los Angeles,USA,Historical Site,Los Angeles Historical Site 97,"Main Road, Los Angeles",Summer,3.8875,3.661904761904762
781,640,2024,3,Couples,45,5.0,Asia,Thailand,Pattaya,Cairo,Egypt,Park,Cairo Park 45,"Main Road, Cairo",Spring,3.9666666666666663,3.852830188679245
782,117,2023,10,Friends,56,3.9,North America,Mexico,Mexico City,Madrid,Spain,Historical Site,Madrid Historical Site 56,"Main Road, Madrid",Autumn,3.275,3.892156862745098
783,579,2024,11,Family,72,4.1,Europe,France,Paris,Luxor,Egypt,Temple,Luxor Temple 72,"Main Road, Luxor",Autumn,3.857142857142857,3.696296296296296
784,447,2025,9,Business,32,3.7,Africa,Egypt,Luxor,Buenos Aires,Argentina,Shopping,Buenos Aires Shopping 32,"Main Road, Buenos Aires",Autumn,4.1875,3.812244897959184
785,464,2025,7,Couples,25,2.9,Australia,New Zealand,Queenstown,Cairo,Egypt,Temple,Cairo Temple 25,"Main Road, Cairo",Summer,3.4799999999999995,3.595555555555556
786,919,2023,6,Couples,91,3.7,Asia,Japan,Osaka,Singapore,Singapore,Historical Site,Singapore Historical Site 91,"Main Road, Singapore",Summer,4.333333333333333,3.924137931034483
787,214,2022,12,Business,84,4.9,Africa,South Africa,Cape Town,Singapore,Singapore,Temple,Singapore Temple 84,"Main Road, Singapore",Winter,3.783333333333333,3.7846153846153845
788,289,2023,5,Business,22,3.8,South America,Brazil,Sao Paulo,Melbourne,Australia,Adventure,Melbourne Adventure 22,"Main Road, Melbourne",Spring,4.1,3.8629629629629627
789,166,2023,3,Couples,37,3.0,Africa,Egypt,Luxor,Mumbai,India,Historical Site,Mumbai Historical Site 37,"Main Road, Mumbai",Spring,3.3000000000000003,3.752173913043478
790,688,2023,7,Couples,44,3.9,Australia,Australia,Sydney,Rio de Janeiro,Brazil,Temple,Rio de Janeiro Temple 44,"Main Road, Rio de Janeiro",Summer,3.725,3.825
791,822,2023,12,Family,35,3.0,Asia,India,Delhi,Paris,France,Beach,Paris Beach 35,"Main Road, Paris",Winter,3.85,3.728
792,837,2022,7,Friends,92,4.4,Asia,Thailand,Phuket,Queenstown,New Zealand,Museum,Queenstown Museum 92,"Main Road, Queenstown",Summer,3.8714285714285714,4.0339285714285715
793,792,2024,10,Family,61,3.6,South America,Argentina,Buenos Aires,Sydney,Australia,Shopping,Sydney Shopping 61,"Main Road, Sydney",Autumn,3.644444444444444,3.8000000000000003
794,559,2024,6,Couples,53,2.8,Asia,India,Jaipur,Milan,Italy,Shopping,Milan Shopping 53,"Main Road, Milan",Summer,3.7285714285714286,3.685106382978723
795,988,2022,10,Family,98,4.3,Australia,Australia,Sydney,Mombasa,Kenya,Adventure,Mombasa Adventure 98,"Main Road, Mombasa",Autumn,3.6875,4.017543859649122
796,182,2024,4,Family,51,3.9,South America,Brazil,Sao Paulo,Mexico City,Mexico,Temple,Mexico City Temple 51,"Main Road, Mexico City",Spring,4.066666666666666,3.861290322580645
797,64,2025,11,Business,29,4.6,Africa,Egypt,Luxor,Santiago,Chile,Wildlife,Santiago Wildlife 29,"Main Road, Santiago",Autumn,4.6,3.7943396226415094
798,21,2024,6,Solo,39,4.5,South America,Argentina,Buenos Aires,Munich,Germany,Shopping,Munich Shopping 39,"Main Road, Munich",Summer,4.15,3.965909090909091
799,603,2024,2,Solo,36,5.0,Europe,Spain,Madrid,Singapore,Singapore,Beach,Singapore Beach 36,"Main Road, Singapore",Winter,5.0,3.7410714285714284
800,412,2022,11,Family,1,4.6,Australia,Australia,Melbourne,Berlin,Germany,Wildlife,Berlin Wildlife 1,"Main Road, Berlin",Autumn,3.888888888888889,3.782051282051282
801,963,2024,2,Friends,63,3.5,South America,Chile,Santiago,Madrid,Spain,Shopping,Madrid Shopping 63,"Main Road, Madrid",Winter,3.9500000000000006,3.8245283018867924
802,581,2023,2,Family,9,5.0,Africa,South Africa,Johannesburg,Nice,France,Adventure,Nice Adventure 9,"Main Road, Nice",Winter,4.0,3.709803921568627
803,189,2023,2,Couples,31,3.3,Africa,Egypt,Luxor,Queenstown,New Zealand,Historical Site,Queenstown Historical Site 31,"Main Road, Queenstown",Winter,3.1666666666666665,3.663157894736842
804,838,2024,10,Friends,49,3.8,South America,Argentina,Buenos Aires,Santiago,Chile,Historical Site,Santiago Historical Site 49,"Main Road, Santiago",Autumn,3.75,3.8877551020408165
805,218,2022,10,Friends,61,3.2,Africa,Egypt,Luxor,Sydney,Australia,Shopping,Sydney Shopping 61,"Main Road, Sydney",Autumn,4.15,3.8000000000000003
806,766,2024,1,Business,15,3.0,Asia,Japan,Kyoto,Jaipur,India,Historical Site,Jaipur Historical Site 15,"Main Road, Jaipur",Winter,3.425,3.8632653061224493
807,259,2024,8,Solo,52,4.6,Europe,Spain,Barcelona,Mombasa,Kenya,Shopping,Mombasa Shopping 52,"Main Road, Mombasa",Summer,3.3833333333333333,3.9035087719298245
808,155,2023,10,Family,38,3.8,Australia,New Zealand,Queenstown,Luxor,Egypt,Museum,Luxor Museum 38,"Main Road, Luxor",Autumn,3.6875,3.784313725490196
809,358,2022,11,Couples,46,5.0,Asia,Japan,Kyoto,Jaipur,India,Shopping,Jaipur Shopping 46,"Main Road, Jaipur",Autumn,3.966666666666667,3.7113636363636364
810,486,2025,3,Family,21,3.4,North America,Canada,Vancouver,Luxor,Egypt,Temple,Luxor Temple 21,"Main Road, Luxor",Spring,3.6,3.8267857142857147
811,853,2025,4,Family,64,4.9,Australia,New Zealand,Queenstown,Madrid,Spain,Beach,Madrid Beach 64,"Main Road, Madrid",Spring,4.15,3.8058823529411763
812,605,2024,10,Friends,9,4.7,North America,USA,Los Angeles,Nice,France,Adventure,Nice Adventure 9,"Main Road, Nice",Autumn,3.783333333333333,3.709803921568627
813,502,2025,4,Couples,80,4.2,North America,Mexico,Mexico City,Nairobi,Kenya,Temple,Nairobi Temple 80,"Main Road, Nairobi",Spring,3.94,3.8166666666666664
814,425,2025,6,Business,93,3.7,South America,Argentina,Buenos Aires,Auckland,New Zealand,Adventure,Auckland Adventure 93,"Main Road, Auckland",Summer,3.1,3.7888888888888888
815,678,2023,5,Couples,31,4.6,Africa,Kenya,Mombasa,Queenstown,New Zealand,Historical Site,Queenstown Historical Site 31,"Main Road, Queenstown",Spring,3.35,3.663157894736842
816,216,2023,3,Couples,77,2.6,Asia,Singapore,Singapore,Rome,Italy,Temple,Rome Temple 77,"Main Road, Rome",Spring,3.5428571428571423,3.836734693877551
817,988,2025,7,Friends,92,4.0,Australia,Australia,Sydney,Queenstown,New Zealand,Museum,Queenstown Museum 92,"Main Road, Queenstown",Summer,3.6875,4.0339285714285715
818,873,2023,2,Friends,27,4.3,Australia,New Zealand,Auckland,Nairobi,Kenya,Temple,Nairobi Temple 27,"Main Road, Nairobi",Winter,4.275,3.6843137254901963
819,885,2022,7,Family,27,4.0,Europe,Italy,Rome,Nairobi,Kenya,Temple,Nairobi Temple 27,"Main Road, Nairobi",Summer,3.875,3.6843137254901963
820,326,2023,10,Friends,53,4.7,North America,Canada,Vancouver,Milan,Italy,Shopping,Milan Shopping 53,"Main Road, Milan",Autumn,3.95,3.685106382978723
821,599,2025,6,Friends,2,3.5,North America,Mexico,Cancun,Sao Paulo,Brazil,Historical Site,Sao Paulo Historical Site 2,"Main Road, Sao Paulo",Summer,3.7142857142857144,3.727272727272727
822,577,2022,11,Solo,65,4.3,Asia,India,Delhi,Vancouver,Canada,Museum,Vancouver Museum 65,"Main Road, Vancouver",Autumn,3.56,3.9294117647058826
823,628,2022,3,Friends,94,3.4,Australia,New Zealand,Queenstown,Melbourne,Australia,Temple,Melbourne Temple 94,"Main Road, Melbourne",Spring,3.56,3.6732142857142853
824,492,2023,1,Business,45,3.3,Africa,Egypt,Cairo,Cairo,Egypt,Park,Cairo Park 45,"Main Road, Cairo",Winter,3.966666666666667,3.852830188679245
825,458,2025,12,Couples,35,4.3,Africa,Egypt,Cairo,Paris,France,Beach,Paris Beach 35,"Main Road, Paris",Winter,3.9499999999999997,3.728
826,243,2024,9,Couples,54,3.3,South America,Argentina,Buenos Aires,Rio de Janeiro,Brazil,Shopping,Rio de Janeiro Shopping 54,"Main Road, Rio de Janeiro",Autumn,3.85,3.7326086956521736
827,705,2023,3,Solo,79,3.7,Africa,South Africa,Cape Town,Mexico City,Mexico,Historical Site,Mexico City Historical Site 79,"Main Road, Mexico City",Spring,3.45,3.861224489795918
828,716,2022,10,Couples,7,4.7,Australia,New Zealand,Queenstown,Santiago,Chile,Park,Santiago Park 7,"Main Road, Santiago",Autumn,4.766666666666667,3.6767857142857143
829,176,2023,9,Family,79,4.0,Australia,Australia,Melbourne,Mexico City,Mexico,Historical Site,Mexico City Historical Site 79,"Main Road, Mexico City",Autumn,3.9625,3.861224489795918
830,629,2025,12,Family,36,2.8,Europe,Italy,Rome,Singapore,Singapore,Beach,Singapore Beach 36,"Main Road, Singapore",Winter,3.3,3.7410714285714284
831,188,2024,6,Couples,56,4.2,Asia,Singapore,Singapore,Madrid,Spain,Historical Site,Madrid Historical Site 56,"Main Road, Madrid",Summer,3.483333333333334,3.892156862745098
832,595,2022,3,Business,65,5.0,Asia,Thailand,Phuket,Vancouver,Canada,Museum,Vancouver Museum 65,"Main Road, Vancouver",Spring,3.7285714285714286,3.9294117647058826
833,619,2025,4,Business,53,3.4,Australia,Australia,Sydney,Milan,Italy,Shopping,Milan Shopping 53,"Main Road, Milan",Spring,3.625,3.685106382978723
834,464,2023,6,Couples,41,3.5,Australia,New Zealand,Queenstown,Vancouver,Canada,Beach,Vancouver Beach 41,"Main Road, Vancouver",Summer,3.4799999999999995,3.7526315789473683
835,612,2024,7,Business,44,3.6,Africa,Kenya,Mombasa,Rio de Janeiro,Brazil,Temple,Rio de Janeiro Temple 44,"Main Road, Rio de Janeiro",Summer,3.483333333333333,3.825
836,188,2024,9,Family,31,2.9,Asia,Singapore,Singapore,Queenstown,New Zealand,Historical Site,Queenstown Historical Site 31,"Main Road, Queenstown",Autumn,3.483333333333334,3.663157894736842
837,561,2025,11,Friends,2,3.5,Europe,France,Nice,Sao Paulo,Brazil,Historical Site,Sao Paulo Historical Site 2,"Main Road, Sao Paulo",Autumn,3.56,3.727272727272727
838,947,2023,3,Couples,84,3.6,North America,USA,Los Angeles,Singapore,Singapore,Temple,Singapore Temple 84,"Main Road, Singapore",Spring,3.7125,3.7846153846153845
839,123,2025,4,Family,82,2.6,North America,Canada,Toronto,Sydney,Australia,Temple,Sydney Temple 82,"Main Road, Sydney",Spring,3.1500000000000004,3.7333333333333334
840,867,2022,10,Solo,5,2.4,North America,Canada,Toronto,Santiago,Chile,Adventure,Santiago Adventure 5,"Main Road, Santiago",Autumn,3.4166666666666665,3.691111111111111
841,74,2022,5,Solo,43,3.2,North America,Canada,Toronto,Cape Town,South Africa,Shopping,Cape Town Shopping 43,"Main Road, Cape Town",Spring,3.822222222222222,3.772
842,100,2022,9,Business,18,4.4,Africa,South Africa,Johannesburg,Madrid,Spain,Historical Site,Madrid Historical Site 18,"Main Road, Madrid",Autumn,4.36,3.7285714285714286
843,114,2022,6,Friends,78,3.7,Australia,New Zealand,Auckland,Santiago,Chile,Museum,Santiago Museum 78,"Main Road, Santiago",Summer,4.066666666666666,3.814814814814815
844,82,2022,12,Solo,57,3.6,Asia,Japan,Tokyo,Queenstown,New Zealand,Beach,Queenstown Beach 57,"Main Road, Queenstown",Winter,4.166666666666667,3.8095238095238093
845,75,2024,3,Solo,14,4.4,South America,Brazil,Rio de Janeiro,Sao Paulo,Brazil,Historical Site,Sao Paulo Historical Site 14,"Main Road, Sao Paulo",Spring,3.875,3.788235294117647
846,532,2025,9,Friends,58,3.9,Africa,South Africa,Johannesburg,Mumbai,India,Wildlife,Mumbai Wildlife 58,"Main Road, Mumbai",Autumn,3.525,3.7518518518518515
847,461,2024,1,Solo,68,3.8,North America,Canada,Toronto,Toronto,Canada,Shopping,Toronto Shopping 68,"Main Road, Toronto",Winter,3.7,3.607142857142857
848,236,2023,5,Solo,5,4.4,North America,USA,Los Angeles,Santiago,Chile,Adventure,Santiago Adventure 5,"Main Road, Santiago",Spring,3.533333333333333,3.691111111111111
849,649,2022,3,Business,32,4.4,Asia,India,Jaipur,Buenos Aires,Argentina,Shopping,Buenos Aires Shopping 32,"Main Road, Buenos Aires",Spring,3.8125,3.812244897959184
850,697,2022,10,Couples,30,3.4,Australia,New Zealand,Queenstown,Cape Town,South Africa,Museum,Cape Town Museum 30,"Main Road, Cape Town",Autumn,3.725,3.811111111111111
851,515,2025,9,Friends,46,4.1,South America,Brazil,Rio de Janeiro,Jaipur,India,Shopping,Jaipur Shopping 46,"Main Road, Jaipur",Autumn,3.8444444444444446,3.7113636363636364
852,31,2023,2,Couples,47,3.2,Europe,Germany,Munich,New York,USA,Historical Site,New York Historical Site 47,"Main Road, New York",Winter,3.5375,3.9181818181818184
853,581,2023,12,Family,58,3.8,Africa,South Africa,Johannesburg,Mumbai,India,Wildlife,Mumbai Wildlife 58,"Main Road, Mumbai",Winter,4.0,3.7518518518518515
854,767,2023,7,Couples,70,5.0,South America,Argentina,Buenos Aires,Sydney,Australia,Beach,Sydney Beach 70,"Main Road, Sydney",Summer,4.05,3.7588235294117647
855,515,2022,8,Family,26,4.1,South America,Brazil,Rio de Janeiro,Rome,Italy,Temple,Rome Temple 26,"Main Road, Rome",Summer,3.8444444444444446,3.829310344827586
856,810,2022,4,Family,76,4.7,Australia,New Zealand,Auckland,Tokyo,Japan,Temple,Tokyo Temple 76,"Main Road, Tokyo",Spring,4.0,3.817777777777778
857,871,2023,2,Business,98,3.6,Asia,Thailand,Pattaya,Mombasa,Kenya,Adventure,Mombasa Adventure 98,"Main Road, Mombasa",Winter,3.528571428571429,4.017543859649122
858,626,2025,2,Couples,30,4.1,Australia,Australia,Sydney,Cape Town,South Africa,Museum,Cape Town Museum 30,"Main Road, Cape Town",Winter,4.2,3.811111111111111
859,329,2025,9,Friends,20,4.0,Asia,India,Goa,Vancouver,Canada,Wildlife,Vancouver Wildlife 20,"Main Road, Vancouver",Autumn,3.85,3.775
860,992,2024,3,Family,26,3.9,Europe,France,Nice,Rome,Italy,Temple,Rome Temple 26,"Main Road, Rome",Spring,3.8857142857142857,3.829310344827586
861,682,2024,12,Friends,29,5.0,Europe,Italy,Milan,Santiago,Chile,Wildlife,Santiago Wildlife 29,"Main Road, Santiago",Winter,3.45,3.7943396226415094
862,367,2024,7,Family,16,3.5,Australia,New Zealand,Queenstown,Sao Paulo,Brazil,Historical Site,Sao Paulo Historical Site 16,"Main Road, Sao Paulo",Summer,3.6624999999999996,3.932758620689655
863,524,2022,10,Family,72,3.6,Australia,Australia,Melbourne,Luxor,Egypt,Temple,Luxor Temple 72,"Main Road, Luxor",Autumn,3.7,3.696296296296296
864,534,2022,12,Friends,79,4.6,South America,Brazil,Rio de Janeiro,Mexico City,Mexico,Historical Site,Mexico City Historical Site 79,"Main Road, Mexico City",Winter,4.066666666666666,3.861224489795918
865,791,2024,2,Couples,97,2.8,South America,Argentina,Buenos Aires,Los Angeles,USA,Historical Site,Los Angeles Historical Site 97,"Main Road, Los Angeles",Winter,3.542857142857143,3.661904761904762
866,551,2023,1,Business,33,4.7,Europe,Germany,Berlin,New York,USA,Historical Site,New York Historical Site 33,"Main Road, New York",Winter,4.05,3.8160000000000003
867,898,2023,2,Family,6,4.2,North America,Canada,Vancouver,Johannesburg,South Africa,Museum,Johannesburg Museum 6,"Main Road, Johannesburg",Winter,3.65,3.8461538461538463
868,72,2023,1,Family,92,4.9,Asia,Thailand,Phuket,Queenstown,New Zealand,Museum,Queenstown Museum 92,"Main Road, Queenstown",Winter,3.7857142857142856,4.0339285714285715
869,925,2023,6,Family,58,4.3,Africa,South Africa,Cape Town,Mumbai,India,Wildlife,Mumbai Wildlife 58,"Main Road, Mumbai",Summer,3.9272727272727277,3.7518518518518515
870,910,2024,7,Family,22,3.8,South America,Argentina,Buenos Aires,Melbourne,Australia,Adventure,Melbourne Adventure 22,"Main Road, Melbourne",Summer,3.9749999999999996,3.8629629629629627
871,104,2022,5,Family,50,3.3,North America,Mexico,Mexico City,Cancun,Mexico,Historical Site,Cancun Historical Site 50,"Main Road, Cancun",Spring,3.533333333333333,3.5078947368421054
872,79,2023,9,Solo,52,4.3,Europe,Germany,Munich,Mombasa,Kenya,Shopping,Mombasa Shopping 52,"Main Road, Mombasa",Autumn,3.766666666666666,3.9035087719298245
873,51,2023,3,Family,58,2.9,Australia,New Zealand,Auckland,Mumbai,India,Wildlife,Mumbai Wildlife 58,"Main Road, Mumbai",Spring,4.0600000000000005,3.7518518518518515
874,497,2024,2,Solo,19,4.5,Asia,India,Goa,Auckland,New Zealand,Park,Auckland Park 19,"Main Road, Auckland",Winter,3.822222222222222,3.689583333333333
875,372,2022,3,Couples,76,4.5,North America,Mexico,Cancun,Tokyo,Japan,Temple,Tokyo Temple 76,"Main Road, Tokyo",Spring,4.7,3.817777777777778
876,91,2024,2,Business,92,4.3,Africa,Kenya,Mombasa,Queenstown,New Zealand,Museum,Queenstown Museum 92,"Main Road, Queenstown",Winter,4.1,4.0339285714285715
877,297,2022,8,Couples,2,4.4,South America,Brazil,Sao Paulo,Sao Paulo,Brazil,Historical Site,Sao Paulo Historical Site 2,"Main Road, Sao Paulo",Summer,3.78,3.727272727272727
878,174,2024,6,Business,29,4.6,Europe,Italy,Rome,Santiago,Chile,Wildlife,Santiago Wildlife 29,"Main Road, Santiago",Summer,3.733333333333333,3.7943396226415094
879,351,2022,11,Couples,42,4.0,Europe,France,Nice,Singapore,Singapore,Wildlife,Singapore Wildlife 42,"Main Road, Singapore",Autumn,4.111111111111111,3.706382978723404
880,755,2025,7,Solo,2,3.4,Asia,India,Mumbai,Sao Paulo,Brazil,Historical Site,Sao Paulo Historical Site 2,"Main Road, Sao Paulo",Summer,3.8,3.727272727272727
881,543,2022,3,Friends,26,4.0,Asia,Japan,Tokyo,Rome,Italy,Temple,Rome Temple 26,"Main Road, Rome",Spring,3.725,3.829310344827586
882,914,2023,7,Business,9,3.2,Australia,New Zealand,Auckland,Nice,France,Adventure,Nice Adventure 9,"Main Road, Nice",Summer,4.033333333333333,3.709803921568627
883,833,2024,10,Business,21,3.4,Africa,Kenya,Nairobi,Luxor,Egypt,Temple,Luxor Temple 21,"Main Road, Luxor",Autumn,3.6999999999999997,3.8267857142857147
884,540,2022,11,Business,45,3.8,Asia,Japan,Kyoto,Cairo,Egypt,Park,Cairo Park 45,"Main Road, Cairo",Autumn,3.0749999999999997,3.852830188679245
885,756,2025,7,Friends,3,4.2,Asia,India,Goa,Rio de Janeiro,Brazil,Adventure,Rio de Janeiro Adventure 3,"Main Road, Rio de Janeiro",Summer,4.1,3.791111111111111
886,158,2022,5,Solo,69,3.4,Europe,France,Nice,Johannesburg,South Africa,Shopping,Johannesburg Shopping 69,"Main Road, Johannesburg",Spring,3.8200000000000003,3.818032786885246
887,611,2022,2,Family,91,5.0,Africa,Kenya,Nairobi,Singapore,Singapore,Historical Site,Singapore Historical Site 91,"Main Road, Singapore",Winter,4.08,3.924137931034483
888,677,2025,11,Business,92,4.5,North America,USA,New York,Queenstown,New Zealand,Museum,Queenstown Museum 92,"Main Road, Queenstown",Autumn,4.1625,4.0339285714285715
889,130,2024,2,Friends,27,2.4,South America,Chile,Santiago,Nairobi,Kenya,Temple,Nairobi Temple 27,"Main Road, Nairobi",Winter,3.8,3.6843137254901963
890,255,2023,4,Friends,61,5.0,Asia,Japan,Kyoto,Sydney,Australia,Shopping,Sydney Shopping 61,"Main Road, Sydney",Spring,3.8333333333333335,3.8000000000000003
891,386,2023,6,Couples,32,3.9,Australia,New Zealand,Auckland,Buenos Aires,Argentina,Shopping,Buenos Aires Shopping 32,"Main Road, Buenos Aires",Summer,3.233333333333333,3.812244897959184
892,773,2024,12,Family,13,4.7,South America,Argentina,Buenos Aires,Auckland,New Zealand,Wildlife,Auckland Wildlife 13,"Main Road, Auckland",Winter,3.28,3.8711864406779664
893,825,2025,5,Family,35,4.0,Australia,New Zealand,Queenstown,Paris,France,Beach,Paris Beach 35,"Main Road, Paris",Spring,3.6999999999999997,3.728
894,468,2022,8,Friends,31,3.2,Asia,India,Jaipur,Queenstown,New Zealand,Historical Site,Queenstown Historical Site 31,"Main Road, Queenstown",Summer,3.8600000000000003,3.663157894736842
895,161,2025,2,Friends,72,3.4,Africa,Kenya,Nairobi,Luxor,Egypt,Temple,Luxor Temple 72,"Main Road, Luxor",Winter,3.8666666666666667,3.696296296296296
896,717,2022,8,Business,39,4.3,North America,Mexico,Cancun,Munich,Germany,Shopping,Munich Shopping 39,"Main Road, Munich",Summer,3.6833333333333336,3.965909090909091
897,172,2025,2,Business,9,4.1,Europe,Spain,Barcelona,Nice,France,Adventure,Nice Adventure 9,"Main Road, Nice",Winter,3.8,3.709803921568627
898,992,2025,1,Family,15,3.9,Europe,France,Nice,Jaipur,India,Historical Site,Jaipur Historical Site 15,"Main Road, Jaipur",Winter,3.8857142857142857,3.8632653061224493
899,214,2022,10,Solo,80,3.1,Africa,South Africa,Cape Town,Nairobi,Kenya,Temple,Nairobi Temple 80,"Main Road, Nairobi",Autumn,3.783333333333333,3.8166666666666664
900,528,2025,10,Friends,99,4.0,Asia,Thailand,Bangkok,Toronto,Canada,Adventure,Toronto Adventure 99,"Main Road, Toronto",Autumn,3.7399999999999998,3.735416666666667
901,663,2024,1,Business,14,3.7,Africa,South Africa,Cape Town,Sao Paulo,Brazil,Historical Site,Sao Paulo Historical Site 14,"Main Road, Sao Paulo",Winter,4.1875,3.788235294117647
902,977,2023,4,Family,58,2.8,Australia,Australia,Melbourne,Mumbai,India,Wildlife,Mumbai Wildlife 58,"Main Road, Mumbai",Spring,3.3,3.7518518518518515
903,693,2022,2,Family,56,4.0,Europe,France,Nice,Madrid,Spain,Historical Site,Madrid Historical Site 56,"Main Road, Madrid",Winter,3.9333333333333336,3.892156862745098
904,530,2022,6,Family,73,4.0,South America,Brazil,Sao Paulo,Queenstown,New Zealand,Shopping,Queenstown Shopping 73,"Main Road, Queenstown",Summer,3.716666666666667,3.7816666666666667
905,731,2024,8,Family,70,3.3,Australia,New Zealand,Queenstown,Sydney,Australia,Beach,Sydney Beach 70,"Main Road, Sydney",Summer,3.78,3.7588235294117647
906,202,2022,11,Couples,88,3.6,South America,Argentina,Buenos Aires,Tokyo,Japan,Shopping,Tokyo Shopping 88,"Main Road, Tokyo",Autumn,3.9,3.901818181818182
907,218,2022,1,Business,61,4.1,Africa,Egypt,Luxor,Sydney,Australia,Shopping,Sydney Shopping 61,"Main Road, Sydney",Winter,4.15,3.8000000000000003
908,424,2024,1,Friends,12,2.4,Africa,Kenya,Mombasa,New York,USA,Historical Site,New York Historical Site 12,"Main Road, New York",Winter,4.016666666666667,3.8160714285714286
909,939,2025,1,Couples,100,2.5,Europe,Germany,Berlin,Mombasa,Kenya,Wildlife,Mombasa Wildlife 100,"Main Road, Mombasa",Winter,3.2399999999999998,3.75
910,665,2022,12,Friends,66,3.8,Australia,New Zealand,Auckland,Kyoto,Japan,Historical Site,Kyoto Historical Site 66,"Main Road, Kyoto",Winter,3.9,3.8181818181818183
911,934,2025,6,Couples,3,3.9,Africa,Kenya,Nairobi,Rio de Janeiro,Brazil,Adventure,Rio de Janeiro Adventure 3,"Main Road, Rio de Janeiro",Summer,3.4714285714285715,3.791111111111111
912,813,2024,10,Friends,98,3.8,Asia,Thailand,Bangkok,Mombasa,Kenya,Adventure,Mombasa Adventure 98,"Main Road, Mombasa",Autumn,3.5625,4.017543859649122
913,506,2024,10,Family,54,3.4,North America,Canada,Toronto,Rio de Janeiro,Brazil,Shopping,Rio de Janeiro Shopping 54,"Main Road, Rio de Janeiro",Autumn,3.5999999999999996,3.7326086956521736
914,736,2023,8,Couples,17,3.2,Asia,Japan,Tokyo,Buenos Aires,Argentina,Wildlife,Buenos Aires Wildlife 17,"Main Road, Buenos Aires",Summer,3.7399999999999998,3.9155555555555552
915,442,2022,6,Friends,24,3.7,Europe,Italy,Rome,Nairobi,Kenya,Museum,Nairobi Museum 24,"Main Road, Nairobi",Summer,4.375,3.8804878048780487
916,878,2022,10,Family,18,3.8,Africa,Egypt,Cairo,Madrid,Spain,Historical Site,Madrid Historical Site 18,"Main Road, Madrid",Autumn,4.114285714285714,3.7285714285714286
917,227,2025,4,Friends,64,2.8,Africa,Egypt,Cairo,Madrid,Spain,Beach,Madrid Beach 64,"Main Road, Madrid",Spring,3.325,3.8058823529411763
918,860,2024,11,Friends,99,3.9,Africa,Egypt,Luxor,Toronto,Canada,Adventure,Toronto Adventure 99,"Main Road, Toronto",Autumn,3.5799999999999996,3.735416666666667
919,496,2023,7,Business,100,5.0,Asia,Singapore,Singapore,Mombasa,Kenya,Wildlife,Mombasa Wildlife 100,"Main Road, Mombasa",Summer,4.0,3.75
920,677,2022,2,Couples,79,4.4,North America,USA,New York,Mexico City,Mexico,Historical Site,Mexico City Historical Site 79,"Main Road, Mexico City",Winter,4.1625,3.861224489795918
921,364,2025,4,Family,2,3.9,South America,Brazil,Sao Paulo,Sao Paulo,Brazil,Historical Site,Sao Paulo Historical Site 2,"Main Road, Sao Paulo",Spring,3.84,3.727272727272727
922,602,2025,8,Solo,75,4.2,North America,Canada,Toronto,Vancouver,Canada,Park,Vancouver Park 75,"Main Road, Vancouver",Summer,4.16,3.861818181818182
923,648,2024,5,Friends,29,4.2,Australia,Australia,Sydney,Santiago,Chile,Wildlife,Santiago Wildlife 29,"Main Road, Santiago",Spring,3.6333333333333333,3.7943396226415094
924,835,2024,8,Couples,53,3.1,Australia,Australia,Sydney,Milan,Italy,Shopping,Milan Shopping 53,"Main Road, Milan",Summer,3.716666666666667,3.685106382978723
925,295,2022,10,Friends,25,3.9,Australia,Australia,Sydney,Cairo,Egypt,Temple,Cairo Temple 25,"Main Road, Cairo",Autumn,3.7,3.595555555555556
926,700,2023,7,Couples,96,3.7,Asia,Singapore,Singapore,Cancun,Mexico,Adventure,Cancun Adventure 96,"Main Road, Cancun",Summer,3.766666666666667,3.5860000000000003
927,260,2023,8,Family,92,3.4,Europe,France,Paris,Queenstown,New Zealand,Museum,Queenstown Museum 92,"Main Road, Queenstown",Summer,3.6999999999999997,4.0339285714285715
928,555,2023,6,Family,95,3.9,Africa,Kenya,Mombasa,Singapore,Singapore,Park,Singapore Park 95,"Main Road, Singapore",Summer,3.783333333333333,3.819607843137255
929,67,2025,12,Couples,12,4.4,Europe,France,Nice,New York,USA,Historical Site,New York Historical Site 12,"Main Road, New York",Winter,4.633333333333334,3.8160714285714286
930,849,2024,12,Couples,96,2.6,Africa,Kenya,Nairobi,Cancun,Mexico,Adventure,Cancun Adventure 96,"Main Road, Cancun",Winter,3.9,3.5860000000000003
931,158,2025,6,Couples,81,4.5,Europe,France,Nice,Luxor,Egypt,Park,Luxor Park 81,"Main Road, Luxor",Summer,3.8200000000000003,3.8309090909090906
932,290,2024,11,Family,40,4.8,Europe,Germany,Munich,Cape Town,South Africa,Museum,Cape Town Museum 40,"Main Road, Cape Town",Autumn,4.18,3.815909090909091
933,24,2023,12,Business,65,3.9,South America,Chile,Santiago,Vancouver,Canada,Museum,Vancouver Museum 65,"Main Road, Vancouver",Winter,3.96,3.9294117647058826
934,711,2022,2,Family,23,4.1,Europe,France,Nice,Los Angeles,USA,Adventure,Los Angeles Adventure 23,"Main Road, Los Angeles",Winter,4.1,3.919047619047619
935,746,2025,10,Couples,35,3.1,South America,Argentina,Buenos Aires,Paris,France,Beach,Paris Beach 35,"Main Road, Paris",Autumn,3.2857142857142856,3.728
936,280,2023,6,Business,8,2.6,Africa,Egypt,Cairo,Las Vegas,USA,Museum,Las Vegas Museum 8,"Main Road, Las Vegas",Summer,3.5,3.716279069767442
937,456,2024,4,Friends,4,3.5,South America,Brazil,Sao Paulo,Buenos Aires,Argentina,Temple,Buenos Aires Temple 4,"Main Road, Buenos Aires",Spring,3.425,3.96
938,103,2024,10,Couples,63,4.1,Europe,Spain,Madrid,Madrid,Spain,Shopping,Madrid Shopping 63,"Main Road, Madrid",Autumn,4.091666666666667,3.8245283018867924
939,738,2024,8,Couples,7,3.2,South America,Chile,Santiago,Santiago,Chile,Park,Santiago Park 7,"Main Road, Santiago",Summer,3.8,3.6767857142857143
940,462,2023,6,Solo,53,3.6,North America,USA,Las Vegas,Milan,Italy,Shopping,Milan Shopping 53,"Main Road, Milan",Summer,3.35,3.685106382978723
941,978,2024,6,Solo,25,2.9,South America,Argentina,Buenos Aires,Cairo,Egypt,Temple,Cairo Temple 25,"Main Road, Cairo",Summer,3.9200000000000004,3.595555555555556
942,250,2024,12,Friends,20,3.9,Africa,Kenya,Mombasa,Vancouver,Canada,Wildlife,Vancouver Wildlife 20,"Main Road, Vancouver",Winter,4.1,3.775
943,835,2024,7,Solo,87,3.9,Australia,Australia,Sydney,Vancouver,Canada,Park,Vancouver Park 87,"Main Road, Vancouver",Summer,3.716666666666667,3.881818181818182
944,58,2025,3,Family,9,3.2,Asia,Thailand,Pattaya,Nice,France,Adventure,Nice Adventure 9,"Main Road, Nice",Spring,3.3000000000000003,3.709803921568627
945,816,2023,9,Friends,45,3.7,Africa,South Africa,Cape Town,Cairo,Egypt,Park,Cairo Park 45,"Main Road, Cairo",Autumn,3.225,3.852830188679245
946,119,2025,11,Business,79,3.2,South America,Chile,Santiago,Mexico City,Mexico,Historical Site,Mexico City Historical Site 79,"Main Road, Mexico City",Autumn,3.0125,3.861224489795918
947,191,2024,3,Family,68,4.5,Europe,Germany,Munich,Toronto,Canada,Shopping,Toronto Shopping 68,"Main Road, Toronto",Spring,3.516666666666667,3.607142857142857
948,929,2024,6,Couples,10,4.1,South America,Chile,Santiago,Toronto,Canada,Wildlife,Toronto Wildlife 10,"Main Road, Toronto",Summer,3.85,3.8257575757575757
949,105,2024,2,Business,82,3.5,Asia,India,Goa,Sydney,Australia,Temple,Sydney Temple 82,"Main Road, Sydney",Winter,3.75,3.7333333333333334
950,221,2023,9,Friends,94,4.4,Asia,Japan,Tokyo,Melbourne,Australia,Temple,Melbourne Temple 94,"Main Road, Melbourne",Autumn,3.985714285714286,3.6732142857142853
951,349,2023,2,Solo,97,4.2,South America,Brazil,Rio de Janeiro,Los Angeles,USA,Historical Site,Los Angeles Historical Site 97,"Main Road, Los Angeles",Winter,3.6833333333333336,3.661904761904762
952,865,2025,8,Friends,6,4.7,Africa,Egypt,Cairo,Johannesburg,South Africa,Museum,Johannesburg Museum 6,"Main Road, Johannesburg",Summer,3.9785714285714286,3.8461538461538463
953,480,2022,11,Couples,27,3.0,Australia,Australia,Sydney,Nairobi,Kenya,Temple,Nairobi Temple 27,"Main Road, Nairobi",Autumn,3.6714285714285713,3.6843137254901963
954,785,2022,10,Family,8,3.7,North America,USA,New York,Las Vegas,USA,Museum,Las Vegas Museum 8,"Main Road, Las Vegas",Autumn,4.022222222222222,3.716279069767442
955,376,2024,2,Solo,87,4.4,North America,Mexico,Mexico City,Vancouver,Canada,Park,Vancouver Park 87,"Main Road, Vancouver",Winter,3.55,3.881818181818182
956,281,2025,7,Friends,67,3.5,Africa,Kenya,Nairobi,Auckland,New Zealand,Historical Site,Auckland Historical Site 67,"Main Road, Auckland",Summer,3.411111111111111,3.736842105263158
957,994,2023,11,Friends,46,3.8,Asia,Singapore,Singapore,Jaipur,India,Shopping,Jaipur Shopping 46,"Main Road, Jaipur",Autumn,3.9499999999999997,3.7113636363636364
958,302,2025,6,Family,38,3.7,Europe,Italy,Venice,Luxor,Egypt,Museum,Luxor Museum 38,"Main Road, Luxor",Summer,3.9555555555555557,3.784313725490196
959,348,2023,12,Friends,40,3.8,North America,Canada,Vancouver,Cape Town,South Africa,Museum,Cape Town Museum 40,"Main Road, Cape Town",Winter,3.7714285714285714,3.815909090909091
960,374,2022,9,Couples,80,4.5,South America,Brazil,Sao Paulo,Nairobi,Kenya,Temple,Nairobi Temple 80,"Main Road, Nairobi",Autumn,3.62,3.8166666666666664
961,113,2022,5,Couples,93,4.0,Asia,Singapore,Singapore,Auckland,New Zealand,Adventure,Auckland Adventure 93,"Main Road, Auckland",Spring,4.2,3.7888888888888888
962,115,2022,4,Couples,13,3.4,Africa,South Africa,Cape Town,Auckland,New Zealand,Wildlife,Auckland Wildlife 13,"Main Road, Auckland",Spring,3.8000000000000003,3.8711864406779664
963,302,2023,9,Solo,8,3.2,Europe,Italy,Venice,Las Vegas,USA,Museum,Las Vegas Museum 8,"Main Road, Las Vegas",Autumn,3.9555555555555557,3.716279069767442
964,921,2022,9,Friends,49,2.1,North America,Mexico,Mexico City,Santiago,Chile,Historical Site,Santiago Historical Site 49,"Main Road, Santiago",Autumn,3.5142857142857147,3.8877551020408165
965,630,2024,5,Couples,36,3.3,Asia,Singapore,Singapore,Singapore,Singapore,Beach,Singapore Beach 36,"Main Road, Singapore",Spring,3.766666666666667,3.7410714285714284
966,56,2022,12,Couples,4,4.2,Europe,Spain,Madrid,Buenos Aires,Argentina,Temple,Buenos Aires Temple 4,"Main Road, Buenos Aires",Winter,3.5500000000000003,3.96
967,845,2024,6,Friends,52,3.3,South America,Chile,Santiago,Mombasa,Kenya,Shopping,Mombasa Shopping 52,"Main Road, Mombasa",Summer,3.7,3.9035087719298245
968,22,2024,8,Family,93,3.7,Europe,Italy,Rome,Auckland,New Zealand,Adventure,Auckland Adventure 93,"Main Road, Auckland",Summer,4.0,3.7888888888888888
969,93,2024,7,Family,64,3.9,South America,Chile,Santiago,Madrid,Spain,Beach,Madrid Beach 64,"Main Road, Madrid",Summer,3.1999999999999997,3.8058823529411763
970,874,2025,10,Family,62,3.4,Asia,India,Jaipur,Buenos Aires,Argentina,Park,Buenos Aires Park 62,"Main Road, Buenos Aires",Autumn,3.8333333333333335,3.8065217391304347
971,233,2022,7,Couples,98,5.0,Australia,New Zealand,Auckland,Mombasa,Kenya,Adventure,Mombasa Adventure 98,"Main Road, Mombasa",Summer,4.0,4.017543859649122
972,626,2025,11,Family,28,4.3,Australia,Australia,Sydney,Rio de Janeiro,Brazil,Beach,Rio de Janeiro Beach 28,"Main Road, Rio de Janeiro",Autumn,4.2,3.7065217391304346
973,744,2022,4,Solo,79,2.9,Australia,New Zealand,Auckland,Mexico City,Mexico,Historical Site,Mexico City Historical Site 79,"Main Road, Mexico City",Spring,3.65,3.861224489795918
974,736,2024,9,Business,14,4.1,Asia,Japan,Tokyo,Sao Paulo,Brazil,Historical Site,Sao Paulo Historical Site 14,"Main Road, Sao Paulo",Autumn,3.7399999999999998,3.788235294117647
975,85,2022,10,Solo,31,4.3,North America,USA,New York,Queenstown,New Zealand,Historical Site,Queenstown Historical Site 31,"Main Road, Queenstown",Autumn,3.8499999999999996,3.663157894736842
976,857,2024,7,Friends,99,5.0,South America,Brazil,Rio de Janeiro,Toronto,Canada,Adventure,Toronto Adventure 99,"Main Road, Toronto",Summer,3.7600000000000002,3.735416666666667
977,480,2023,7,Couples,67,3.2,Australia,Australia,Sydney,Auckland,New Zealand,Historical Site,Auckland Historical Site 67,"Main Road, Auckland",Summer,3.6714285714285713,3.736842105263158
978,977,2024,1,Friends,52,3.9,Australia,Australia,Melbourne,Mombasa,Kenya,Shopping,Mombasa Shopping 52,"Main Road, Mombasa",Winter,3.3,3.9035087719298245
979,810,2025,11,Couples,76,4.6,Australia,New Zealand,Auckland,Tokyo,Japan,Temple,Tokyo Temple 76,"Main Road, Tokyo",Autumn,4.0,3.817777777777778
980,881,2024,2,Solo,64,3.7,Europe,Spain,Madrid,Madrid,Spain,Beach,Madrid Beach 64,"Main Road, Madrid",Winter,3.966666666666667,3.8058823529411763
981,145,2024,8,Couples,80,3.9,Australia,Australia,Melbourne,Nairobi,Kenya,Temple,Nairobi Temple 80,"Main Road, Nairobi",Summer,3.6799999999999997,3.8166666666666664
982,617,2023,12,Couples,100,2.4,North America,Mexico,Cancun,Mombasa,Kenya,Wildlife,Mombasa Wildlife 100,"Main Road, Mombasa",Winter,3.2285714285714286,3.75
983,503,2024,9,Couples,17,4.0,North America,Canada,Vancouver,Buenos Aires,Argentina,Wildlife,Buenos Aires Wildlife 17,"Main Road, Buenos Aires",Autumn,3.9,3.9155555555555552
984,103,2024,6,Solo,18,4.1,Europe,Spain,Madrid,Madrid,Spain,Historical Site,Madrid Historical Site 18,"Main Road, Madrid",Summer,4.091666666666667,3.7285714285714286
985,427,2023,6,Family,35,4.0,North America,USA,Los Angeles,Paris,France,Beach,Paris Beach 35,"Main Road, Paris",Summer,3.84,3.728
986,656,2022,10,Couples,8,3.4,Asia,India,Goa,Las Vegas,USA,Museum,Las Vegas Museum 8,"Main Road, Las Vegas",Autumn,3.44,3.716279069767442
987,415,2025,9,Family,10,4.0,Asia,Japan,Kyoto,Toronto,Canada,Wildlife,Toronto Wildlife 10,"Main Road, Toronto",Autumn,3.6636363636363636,3.8257575757575757
988,133,2022,10,Business,23,4.8,North America,Canada,Toronto,Los Angeles,USA,Adventure,Los Angeles Adventure 23,"Main Road, Los Angeles",Autumn,3.7625,3.919047619047619
989,976,2023,6,Business,54,4.5,North America,Mexico,Mexico City,Rio de Janeiro,Brazil,Shopping,Rio de Janeiro Shopping 54,"Main Road, Rio de Janeiro",Summer,4.375,3.7326086956521736
990,331,2024,11,Family,33,5.0,Europe,Spain,Madrid,New York,USA,Historical Site,New York Historical Site 33,"Main Road, New York",Autumn,4.7,3.8160000000000003
991,34,2023,1,Business,71,5.0,Europe,Italy,Venice,Rio de Janeiro,Brazil,Museum,Rio de Janeiro Museum 71,"Main Road, Rio de Janeiro",Winter,4.1,3.9066666666666667
992,118,2022,3,Couples,89,3.8,Australia,New Zealand,Auckland,Sydney,Australia,Park,Sydney Park 89,"Main Road, Sydney",Spring,3.4199999999999995,3.811764705882353
993,212,2022,12,Friends,34,5.0,North America,Canada,Toronto,Mombasa,Kenya,Temple,Mombasa Temple 34,"Main Road, Mombasa",Winter,4.34,3.764
994,45,2024,11,Solo,91,3.7,North America,Mexico,Cancun,Singapore,Singapore,Historical Site,Singapore Historical Site 91,"Main Road, Singapore",Autumn,3.8428571428571425,3.924137931034483
995,703,2025,10,Family,87,4.0,Europe,Germany,Berlin,Vancouver,Canada,Park,Vancouver Park 87,"Main Road, Vancouver",Autumn,4.1,3.881818181818182
996,687,2025,5,Family,34,4.8,Europe,Germany,Berlin,Mombasa,Kenya,Temple,Mombasa Temple 34,"Main Road, Mombasa",Spring,4.125,3.764
997,872,2025,5,Friends,54,2.8,Africa,South Africa,Cape Town,Rio de Janeiro,Brazil,Shopping,Rio de Janeiro Shopping 54,"Main Road, Rio de Janeiro",Spring,3.3,3.7326086956521736
998,320,2024,6,Business,83,4.7,North America,USA,New York,Melbourne,Australia,Wildlife,Melbourne Wildlife 83,"Main Road, Melbourne",Summer,3.875,3.851282051282051
999,240,2025,11,Family,18,4.3,Asia,Singapore,Singapore,Madrid,Spain,Historical Site,Madrid Historical Site 18,"Main Road, Madrid",Autumn,3.9749999999999996,3.7285714285714286
1000,138,2023,7,Couples,71,4.9,Africa,Kenya,Nairobi,Rio de Janeiro,Brazil,Museum,Rio de Janeiro Museum 71,"Main Road, Rio de Janeiro",Summer,4.0,3.9066666666666667
1001,676,2022,4,Couples,21,3.3,North America,USA,New York,Luxor,Egypt,Temple,Luxor Temple 21,"Main Road, Luxor",Spring,2.9,3.8267857142857147
1002,225,2023,8,Business,71,4.2,Africa,Kenya,Nairobi,Rio de Janeiro,Brazil,Museum,Rio de Janeiro Museum 71,"Main Road, Rio de Janeiro",Summer,4.175,3.9066666666666667
1003,12,2024,4,Friends,35,3.6,Asia,India,Jaipur,Paris,France,Beach,Paris Beach 35,"Main Road, Paris",Spring,3.7399999999999998,3.728
1004,80,2025,2,Friends,97,3.9,North America,Canada,Vancouver,Los Angeles,USA,Historical Site,Los Angeles Historical Site 97,"Main Road, Los Angeles",Winter,3.6285714285714286,3.661904761904762
1005,671,2025,2,Couples,93,5.0,Europe,Spain,Barcelona,Auckland,New Zealand,Adventure,Auckland Adventure 93,"Main Road, Auckland",Winter,4.8,3.7888888888888888
1006,196,2022,2,Solo,75,4.0,North America,Canada,Vancouver,Vancouver,Canada,Park,Vancouver Park 75,"Main Road, Vancouver",Winter,3.783333333333333,3.861818181818182
1007,423,2022,1,Friends,77,3.6,Australia,Australia,Sydney,Rome,Italy,Temple,Rome Temple 77,"Main Road, Rome",Winter,4.16,3.836734693877551
1008,904,2022,2,Couples,77,3.9,Africa,Kenya,Nairobi,Rome,Italy,Temple,Rome Temple 77,"Main Road, Rome",Winter,4.0600000000000005,3.836734693877551
1009,715,2023,10,Business,88,4.4,South America,Argentina,Buenos Aires,Tokyo,Japan,Shopping,Tokyo Shopping 88,"Main Road, Tokyo",Autumn,4.0,3.901818181818182
1010,669,2024,4,Couples,66,3.0,Asia,Japan,Tokyo,Kyoto,Japan,Historical Site,Kyoto Historical Site 66,"Main Road, Kyoto",Spring,3.8857142857142857,3.8181818181818183
1011,625,2022,12,Family,57,3.0,South America,Brazil,Rio de Janeiro,Queenstown,New Zealand,Beach,Queenstown Beach 57,"Main Road, Queenstown",Winter,2.9,3.8095238095238093
1012,10,2024,1,Couples,92,4.3,South America,Argentina,Buenos Aires,Queenstown,New Zealand,Museum,Queenstown Museum 92,"Main Road, Queenstown",Winter,3.78,4.0339285714285715
1013,869,2022,4,Couples,84,4.2,Australia,Australia,Melbourne,Singapore,Singapore,Temple,Singapore Temple 84,"Main Road, Singapore",Spring,3.483333333333333,3.7846153846153845
1014,657,2022,9,Family,86,3.5,Australia,Australia,Melbourne,Cape Town,South Africa,Historical Site,Cape Town Historical Site 86,"Main Road, Cape Town",Autumn,3.988888888888889,3.6799999999999997
1015,854,2025,4,Friends,5,4.0,Asia,Japan,Osaka,Santiago,Chile,Adventure,Santiago Adventure 5,"Main Road, Santiago",Spring,3.8333333333333335,3.691111111111111
1016,601,2024,7,Business,26,3.2,South America,Chile,Santiago,Rome,Italy,Temple,Rome Temple 26,"Main Road, Rome",Summer,4.0,3.829310344827586
1017,270,2025,1,Business,56,4.1,North America,USA,New York,Madrid,Spain,Historical Site,Madrid Historical Site 56,"Main Road, Madrid",Winter,3.6384615384615384,3.892156862745098
1018,340,2025,8,Family,29,4.0,Africa,Egypt,Luxor,Santiago,Chile,Wildlife,Santiago Wildlife 29,"Main Road, Santiago",Summer,4.014285714285714,3.7943396226415094
1019,473,2022,2,Friends,19,4.0,Europe,France,Nice,Auckland,New Zealand,Park,Auckland Park 19,"Main Road, Auckland",Winter,4.3,3.689583333333333
1020,558,2022,1,Couples,91,3.4,Europe,Germany,Berlin,Singapore,Singapore,Historical Site,Singapore Historical Site 91,"Main Road, Singapore",Winter,3.6799999999999997,3.924137931034483
1021,589,2022,8,Friends,27,3.6,Australia,New Zealand,Queenstown,Nairobi,Kenya,Temple,Nairobi Temple 27,"Main Road, Nairobi",Summer,3.814285714285714,3.6843137254901963
1022,995,2024,12,Couples,48,5.0,Australia,Australia,Melbourne,Nairobi,Kenya,Adventure,Nairobi Adventure 48,"Main Road, Nairobi",Winter,4.466666666666666,3.845833333333333
1023,477,2022,8,Family,43,2.6,Africa,Kenya,Mombasa,Cape Town,South Africa,Shopping,Cape Town Shopping 43,"Main Road, Cape Town",Summer,3.25,3.772
1024,203,2022,2,Business,57,4.7,Europe,Germany,Berlin,Queenstown,New Zealand,Beach,Queenstown Beach 57,"Main Road, Queenstown",Winter,4.383333333333334,3.8095238095238093
1025,363,2025,8,Friends,70,3.4,Africa,Egypt,Luxor,Sydney,Australia,Beach,Sydney Beach 70,"Main Road, Sydney",Summer,3.9,3.7588235294117647
1026,321,2023,6,Friends,6,3.9,South America,Argentina,Buenos Aires,Johannesburg,South Africa,Museum,Johannesburg Museum 6,"Main Road, Johannesburg",Summer,3.96,3.8461538461538463
1027,665,2023,8,Friends,79,3.6,Australia,New Zealand,Auckland,Mexico City,Mexico,Historical Site,Mexico City Historical Site 79,"Main Road, Mexico City",Summer,3.9,3.861224489795918
1028,246,2023,1,Friends,99,3.1,Africa,Egypt,Cairo,Toronto,Canada,Adventure,Toronto Adventure 99,"Main Road, Toronto",Winter,3.5799999999999996,3.735416666666667
1029,548,2025,6,Friends,58,5.0,Africa,Kenya,Nairobi,Mumbai,India,Wildlife,Mumbai Wildlife 58,"Main Road, Mumbai",Summer,4.3,3.7518518518518515
1030,651,2025,1,Solo,36,4.2,Asia,India,Jaipur,Singapore,Singapore,Beach,Singapore Beach 36,"Main Road, Singapore",Winter,4.075,3.7410714285714284
1031,425,2025,8,Family,58,2.8,South America,Argentina,Buenos Aires,Mumbai,India,Wildlife,Mumbai Wildlife 58,"Main Road, Mumbai",Summer,3.1,3.7518518518518515
1032,778,2023,6,Couples,60,4.3,North America,Mexico,Mexico City,Johannesburg,South Africa,Museum,Johannesburg Museum 60,"Main Road, Johannesburg",Summer,3.95,3.7857142857142856
1033,811,2023,3,Business,31,2.6,Asia,Singapore,Singapore,Queenstown,New Zealand,Historical Site,Queenstown Historical Site 31,"Main Road, Queenstown",Spring,3.6666666666666665,3.663157894736842
1034,604,2023,9,Solo,10,3.8,Australia,Australia,Melbourne,Toronto,Canada,Wildlife,Toronto Wildlife 10,"Main Road, Toronto",Autumn,4.566666666666666,3.8257575757575757
1035,71,2023,2,Couples,15,3.4,Europe,Spain,Barcelona,Jaipur,India,Historical Site,Jaipur Historical Site 15,"Main Road, Jaipur",Winter,3.34,3.8632653061224493
1036,994,2023,7,Couples,43,3.3,Asia,Singapore,Singapore,Cape Town,South Africa,Shopping,Cape Town Shopping 43,"Main Road, Cape Town",Summer,3.9499999999999997,3.772
1037,810,2024,1,Family,5,2.4,Australia,New Zealand,Auckland,Santiago,Chile,Adventure,Santiago Adventure 5,"Main Road, Santiago",Winter,4.0,3.691111111111111
1038,148,2024,5,Friends,61,3.3,Africa,South Africa,Cape Town,Sydney,Australia,Shopping,Sydney Shopping 61,"Main Road, Sydney",Spring,3.95,3.8000000000000003
1039,895,2023,4,Couples,12,3.5,South America,Chile,Santiago,New York,USA,Historical Site,New York Historical Site 12,"Main Road, New York",Spring,3.7714285714285714,3.8160714285714286
1040,270,2022,11,Business,36,3.2,North America,USA,New York,Singapore,Singapore,Beach,Singapore Beach 36,"Main Road, Singapore",Autumn,3.6384615384615384,3.7410714285714284
1041,863,2022,8,Family,55,4.2,Asia,India,Delhi,Mumbai,India,Wildlife,Mumbai Wildlife 55,"Main Road, Mumbai",Summer,4.04,3.6921568627450982
1042,587,2024,11,Family,51,3.5,North America,Mexico,Cancun,Mexico City,Mexico,Temple,Mexico City Temple 51,"Main Road, Mexico City",Autumn,3.88,3.861290322580645
1043,849,2023,7,Couples,58,3.1,Africa,Kenya,Nairobi,Mumbai,India,Wildlife,Mumbai Wildlife 58,"Main Road, Mumbai",Summer,3.9,3.7518518518518515
1044,138,2023,12,Friends,59,4.3,Africa,Kenya,Nairobi,Melbourne,Australia,Museum,Melbourne Museum 59,"Main Road, Melbourne",Winter,4.0,3.853061224489796
1045,862,2025,10,Friends,32,2.9,Europe,Germany,Munich,Buenos Aires,Argentina,Shopping,Buenos Aires Shopping 32,"Main Road, Buenos Aires",Autumn,3.642857142857143,3.812244897959184
1046,634,2022,8,Friends,2,4.8,South America,Chile,Santiago,Sao Paulo,Brazil,Historical Site,Sao Paulo Historical Site 2,"Main Road, Sao Paulo",Summer,3.7,3.727272727272727
1047,308,2022,6,Family,91,5.0,Europe,Spain,Madrid,Singapore,Singapore,Historical Site,Singapore Historical Site 91,"Main Road, Singapore",Summer,4.057142857142857,3.924137931034483
1048,168,2025,9,Couples,45,4.2,South America,Chile,Santiago,Cairo,Egypt,Park,Cairo Park 45,"Main Road, Cairo",Autumn,3.8666666666666667,3.852830188679245
1049,150,2025,10,Solo,18,3.2,Africa,Egypt,Luxor,Madrid,Spain,Historical Site,Madrid Historical Site 18,"Main Road, Madrid",Autumn,3.85,3.7285714285714286
1050,638,2025,5,Family,7,3.7,Australia,New Zealand,Auckland,Santiago,Chile,Park,Santiago Park 7,"Main Road, Santiago",Spring,3.8428571428571425,3.6767857142857143
1051,371,2024,3,Friends,37,3.9,North America,Mexico,Cancun,Mumbai,India,Historical Site,Mumbai Historical Site 37,"Main Road, Mumbai",Spring,3.9250000000000003,3.752173913043478
1052,214,2025,1,Solo,62,3.5,Africa,South Africa,Cape Town,Buenos Aires,Argentina,Park,Buenos Aires Park 62,"Main Road, Buenos Aires",Winter,3.783333333333333,3.8065217391304347
1053,239,2025,2,Business,20,3.0,Africa,South Africa,Cape Town,Vancouver,Canada,Wildlife,Vancouver Wildlife 20,"Main Road, Vancouver",Winter,3.8857142857142857,3.775
1054,37,2022,9,Couples,4,3.6,Africa,Kenya,Nairobi,Buenos Aires,Argentina,Temple,Buenos Aires Temple 4,"Main Road, Buenos Aires",Autumn,3.56,3.96
1055,765,2023,1,Friends,88,4.2,Australia,Australia,Sydney,Tokyo,Japan,Shopping,Tokyo Shopping 88,"Main Road, Tokyo",Winter,3.6999999999999997,3.901818181818182
1056,999,2022,10,Friends,10,4.6,Asia,India,Delhi,Toronto,Canada,Wildlife,Toronto Wildlife 10,"Main Road, Toronto",Autumn,4.333333333333333,3.8257575757575757
1057,700,2024,9,Friends,15,3.8,Asia,Singapore,Singapore,Jaipur,India,Historical Site,Jaipur Historical Site 15,"Main Road, Jaipur",Autumn,3.766666666666667,3.8632653061224493
1058,215,2025,7,Solo,71,3.1,Africa,South Africa,Cape Town,Rio de Janeiro,Brazil,Museum,Rio de Janeiro Museum 71,"Main Road, Rio de Janeiro",Summer,3.725,3.9066666666666667
1059,987,2024,2,Solo,6,3.1,North America,Mexico,Mexico City,Johannesburg,South Africa,Museum,Johannesburg Museum 6,"Main Road, Johannesburg",Winter,3.4,3.8461538461538463
1060,819,2023,5,Couples,60,3.1,Australia,New Zealand,Queenstown,Johannesburg,South Africa,Museum,Johannesburg Museum 60,"Main Road, Johannesburg",Spring,3.9166666666666665,3.7857142857142856
1061,169,2022,10,Solo,62,4.1,South America,Argentina,Buenos Aires,Buenos Aires,Argentina,Park,Buenos Aires Park 62,"Main Road, Buenos Aires",Autumn,3.966666666666667,3.8065217391304347
1062,666,2025,5,Solo,36,3.6,Africa,Kenya,Mombasa,Singapore,Singapore,Beach,Singapore Beach 36,"Main Road, Singapore",Spring,4.06,3.7410714285714284
1063,446,2023,12,Family,80,4.5,South America,Chile,Santiago,Nairobi,Kenya,Temple,Nairobi Temple 80,"Main Road, Nairobi",Winter,3.942857142857143,3.8166666666666664
1064,541,2023,10,Business,82,3.2,North America,Canada,Toronto,Sydney,Australia,Temple,Sydney Temple 82,"Main Road, Sydney",Autumn,3.6999999999999997,3.7333333333333334
1065,769,2022,1,Family,39,3.3,North America,Mexico,Cancun,Munich,Germany,Shopping,Munich Shopping 39,"Main Road, Munich",Winter,3.9,3.965909090909091
1066,343,2025,1,Family,34,2.7,South America,Brazil,Sao Paulo,Mombasa,Kenya,Temple,Mombasa Temple 34,"Main Road, Mombasa",Winter,3.675,3.764
1067,317,2023,4,Couples,10,3.6,Europe,Italy,Milan,Toronto,Canada,Wildlife,Toronto Wildlife 10,"Main Road, Toronto",Spring,3.66,3.8257575757575757
1068,753,2024,7,Couples,28,2.4,Europe,Germany,Berlin,Rio de Janeiro,Brazil,Beach,Rio de Janeiro Beach 28,"Main Road, Rio de Janeiro",Summer,3.5999999999999996,3.7065217391304346
1069,619,2022,2,Business,17,3.6,Australia,Australia,Sydney,Buenos Aires,Argentina,Wildlife,Buenos Aires Wildlife 17,"Main Road, Buenos Aires",Winter,3.625,3.9155555555555552
1070,99,2024,1,Friends,61,3.6,North America,Canada,Vancouver,Sydney,Australia,Shopping,Sydney Shopping 61,"Main Road, Sydney",Winter,3.9142857142857146,3.8000000000000003
1071,522,2022,11,Couples,8,4.5,Europe,Spain,Barcelona,Las Vegas,USA,Museum,Las Vegas Museum 8,"Main Road, Las Vegas",Autumn,3.8000000000000003,3.716279069767442
1072,130,2022,4,Family,37,4.2,South America,Chile,Santiago,Mumbai,India,Historical Site,Mumbai Historical Site 37,"Main Road, Mumbai",Spring,3.8,3.752173913043478
1073,890,2024,9,Friends,25,4.3,North America,Mexico,Mexico City,Cairo,Egypt,Temple,Cairo Temple 25,"Main Road, Cairo",Autumn,3.8833333333333333,3.595555555555556
1074,754,2023,2,Family,2,4.4,Europe,France,Paris,Sao Paulo,Brazil,Historical Site,Sao Paulo Historical Site 2,"Main Road, Sao Paulo",Winter,3.72,3.727272727272727
1075,912,2022,5,Couples,76,3.6,Africa,Kenya,Nairobi,Tokyo,Japan,Temple,Tokyo Temple 76,"Main Road, Tokyo",Spring,3.875,3.817777777777778
1076,940,2023,5,Couples,8,4.5,Africa,Kenya,Mombasa,Las Vegas,USA,Museum,Las Vegas Museum 8,"Main Road, Las Vegas",Spring,3.988888888888889,3.716279069767442
1077,166,2022,11,Solo,11,2.9,Africa,Egypt,Luxor,Pattaya,Thailand,Beach,Pattaya Beach 11,"Main Road, Pattaya",Autumn,3.3000000000000003,3.7121951219512193
1078,445,2023,4,Couples,70,2.3,North America,Canada,Vancouver,Sydney,Australia,Beach,Sydney Beach 70,"Main Road, Sydney",Spring,3.56,3.7588235294117647
1079,880,2024,3,Business,17,4.6,Asia,Thailand,Phuket,Buenos Aires,Argentina,Wildlife,Buenos Aires Wildlife 17,"Main Road, Buenos Aires",Spring,3.8333333333333335,3.9155555555555552
1080,414,2025,11,Family,25,2.8,Africa,South Africa,Cape Town,Cairo,Egypt,Temple,Cairo Temple 25,"Main Road, Cairo",Autumn,3.8375000000000004,3.595555555555556
1081,666,2023,9,Solo,56,3.8,Africa,Kenya,Mombasa,Madrid,Spain,Historical Site,Madrid Historical Site 56,"Main Road, Madrid",Autumn,4.06,3.892156862745098
1082,23,2022,9,Couples,47,3.2,Europe,France,Nice,New York,USA,Historical Site,New York Historical Site 47,"Main Road, New York",Autumn,4.025,3.9181818181818184
1083,144,2025,3,Family,73,3.2,Africa,Kenya,Nairobi,Queenstown,New Zealand,Shopping,Queenstown Shopping 73,"Main Road, Queenstown",Spring,3.1714285714285713,3.7816666666666667
1084,482,2024,9,Family,72,4.7,Africa,Egypt,Luxor,Luxor,Egypt,Temple,Luxor Temple 72,"Main Road, Luxor",Autumn,3.8272727272727276,3.696296296296296
1085,230,2023,8,Friends,96,3.8,North America,USA,Las Vegas,Cancun,Mexico,Adventure,Cancun Adventure 96,"Main Road, Cancun",Summer,3.8666666666666667,3.5860000000000003
1086,382,2024,11,Solo,10,3.2,Africa,Egypt,Luxor,Toronto,Canada,Wildlife,Toronto Wildlife 10,"Main Road, Toronto",Autumn,3.2600000000000002,3.8257575757575757
1087,396,2022,3,Family,45,4.4,North America,Canada,Vancouver,Cairo,Egypt,Park,Cairo Park 45,"Main Road, Cairo",Spring,3.7,3.852830188679245
1088,274,2024,2,Family,20,3.7,Asia,Thailand,Bangkok,Vancouver,Canada,Wildlife,Vancouver Wildlife 20,"Main Road, Vancouver",Winter,3.825,3.775
1089,31,2025,10,Friends,58,2.6,Europe,Germany,Munich,Mumbai,India,Wildlife,Mumbai Wildlife 58,"Main Road, Mumbai",Autumn,3.5375,3.7518518518518515
1090,253,2025,12,Family,19,5.0,Africa,South Africa,Cape Town,Auckland,New Zealand,Park,Auckland Park 19,"Main Road, Auckland",Winter,4.3,3.689583333333333
1091,3,2025,6,Couples,67,4.1,Europe,Spain,Madrid,Auckland,New Zealand,Historical Site,Auckland Historical Site 67,"Main Road, Auckland",Summer,3.857142857142857,3.736842105263158
1092,702,2022,12,Solo,94,4.1,Australia,Australia,Melbourne,Melbourne,Australia,Temple,Melbourne Temple 94,"Main Road, Melbourne",Winter,3.6999999999999997,3.6732142857142853
1093,139,2024,5,Couples,20,3.5,South America,Chile,Santiago,Vancouver,Canada,Wildlife,Vancouver Wildlife 20,"Main Road, Vancouver",Spring,3.9666666666666663,3.775
1094,667,2025,6,Family,44,3.0,Australia,Australia,Melbourne,Rio de Janeiro,Brazil,Temple,Rio de Janeiro Temple 44,"Main Road, Rio de Janeiro",Summer,3.15,3.825
1095,940,2025,11,Couples,48,5.0,Africa,Kenya,Mombasa,Nairobi,Kenya,Adventure,Nairobi Adventure 48,"Main Road, Nairobi",Autumn,3.988888888888889,3.845833333333333
1096,205,2025,12,Couples,73,4.6,Australia,Australia,Sydney,Queenstown,New Zealand,Shopping,Queenstown Shopping 73,"Main Road, Queenstown",Winter,4.5,3.7816666666666667
1097,816,2023,10,Business,26,3.1,Africa,South Africa,Cape Town,Rome,Italy,Temple,Rome Temple 26,"Main Road, Rome",Autumn,3.225,3.829310344827586
1098,723,2022,10,Family,77,3.7,Asia,Japan,Kyoto,Rome,Italy,Temple,Rome Temple 77,"Main Road, Rome",Autumn,3.9200000000000004,3.836734693877551
1099,578,2023,6,Couples,10,4.5,Africa,South Africa,Johannesburg,Toronto,Canada,Wildlife,Toronto Wildlife 10,"Main Road, Toronto",Summer,4.125,3.8257575757575757
1100,368,2024,1,Friends,84,5.0,South America,Chile,Santiago,Singapore,Singapore,Temple,Singapore Temple 84,"Main Road, Singapore",Winter,4.5200000000000005,3.7846153846153845
1101,158,2022,11,Solo,62,3.3,Europe,France,Nice,Buenos Aires,Argentina,Park,Buenos Aires Park 62,"Main Road, Buenos Aires",Autumn,3.8200000000000003,3.8065217391304347
1102,43,2025,3,Family,8,4.3,Asia,Singapore,Singapore,Las Vegas,USA,Museum,Las Vegas Museum 8,"Main Road, Las Vegas",Spring,3.5625,3.716279069767442
1103,596,2023,11,Friends,16,3.9,Africa,Kenya,Mombasa,Sao Paulo,Brazil,Historical Site,Sao Paulo Historical Site 16,"Main Road, Sao Paulo",Autumn,3.45,3.932758620689655
1104,307,2023,11,Solo,33,3.8,Asia,Thailand,Bangkok,New York,USA,Historical Site,New York Historical Site 33,"Main Road, New York",Autumn,3.75,3.8160000000000003
1105,850,2023,7,Friends,92,4.8,Australia,Australia,Melbourne,Queenstown,New Zealand,Museum,Queenstown Museum 92,"Main Road, Queenstown",Summer,4.025,4.0339285714285715
1106,199,2025,10,Family,15,3.0,South America,Brazil,Rio de Janeiro,Jaipur,India,Historical Site,Jaipur Historical Site 15,"Main Road, Jaipur",Autumn,3.8428571428571425,3.8632653061224493
1107,230,2025,9,Family,46,4.9,North America,USA,Las Vegas,Jaipur,India,Shopping,Jaipur Shopping 46,"Main Road, Jaipur",Autumn,3.8666666666666667,3.7113636363636364
1108,985,2023,8,Business,52,3.5,Australia,New Zealand,Queenstown,Mombasa,Kenya,Shopping,Mombasa Shopping 52,"Main Road, Mombasa",Summer,3.811111111111111,3.9035087719298245
1109,66,2025,1,Solo,22,4.0,South America,Argentina,Buenos Aires,Melbourne,Australia,Adventure,Melbourne Adventure 22,"Main Road, Melbourne",Winter,3.8375,3.8629629629629627
1110,343,2024,9,Friends,5,4.0,South America,Brazil,Sao Paulo,Santiago,Chile,Adventure,Santiago Adventure 5,"Main Road, Santiago",Autumn,3.675,3.691111111111111
1111,246,2022,4,Friends,48,4.7,Africa,Egypt,Cairo,Nairobi,Kenya,Adventure,Nairobi Adventure 48,"Main Road, Nairobi",Spring,3.5799999999999996,3.845833333333333
1112,310,2025,2,Family,14,3.1,Asia,India,Delhi,Sao Paulo,Brazil,Historical Site,Sao Paulo Historical Site 14,"Main Road, Sao Paulo",Winter,3.6166666666666667,3.788235294117647
1113,338,2023,1,Friends,67,4.3,South America,Argentina,Buenos Aires,Auckland,New Zealand,Historical Site,Auckland Historical Site 67,"Main Road, Auckland",Winter,3.233333333333333,3.736842105263158
1114,971,2024,3,Couples,5,3.0,Africa,Kenya,Mombasa,Santiago,Chile,Adventure,Santiago Adventure 5,"Main Road, Santiago",Spring,3.8833333333333333,3.691111111111111
1115,349,2024,5,Business,15,3.0,South America,Brazil,Rio de Janeiro,Jaipur,India,Historical Site,Jaipur Historical Site 15,"Main Road, Jaipur",Spring,3.6833333333333336,3.8632653061224493
1116,329,2024,10,Couples,41,4.4,Asia,India,Goa,Vancouver,Canada,Beach,Vancouver Beach 41,"Main Road, Vancouver",Autumn,3.85,3.7526315789473683
1117,279,2025,9,Solo,85,4.3,Australia,New Zealand,Queenstown,Rome,Italy,Historical Site,Rome Historical Site 85,"Main Road, Rome",Autumn,3.8,3.8607843137254902
1118,402,2024,9,Friends,63,3.2,North America,Mexico,Mexico City,Madrid,Spain,Shopping,Madrid Shopping 63,"Main Road, Madrid",Autumn,3.5666666666666664,3.8245283018867924
1119,823,2024,12,Solo,79,3.1,South America,Chile,Santiago,Mexico City,Mexico,Historical Site,Mexico City Historical Site 79,"Main Road, Mexico City",Winter,4.083333333333333,3.861224489795918
1120,640,2025,4,Family,10,3.6,Asia,Thailand,Pattaya,Toronto,Canada,Wildlife,Toronto Wildlife 10,"Main Road, Toronto",Spring,3.9666666666666663,3.8257575757575757
1121,365,2025,2,Solo,75,4.2,Asia,Thailand,Bangkok,Vancouver,Canada,Park,Vancouver Park 75,"Main Road, Vancouver",Winter,3.5666666666666664,3.861818181818182
1122,11,2022,2,Solo,64,2.7,Australia,Australia,Melbourne,Madrid,Spain,Beach,Madrid Beach 64,"Main Road, Madrid",Winter,3.4375,3.8058823529411763
1123,89,2025,1,Friends,99,3.7,Africa,Egypt,Cairo,Toronto,Canada,Adventure,Toronto Adventure 99,"Main Road, Toronto",Winter,3.54,3.735416666666667
1124,837,2022,3,Family,5,3.0,Asia,Thailand,Phuket,Santiago,Chile,Adventure,Santiago Adventure 5,"Main Road, Santiago",Spring,3.8714285714285714,3.691111111111111
1125,521,2023,1,Family,94,2.3,Asia,Singapore,Singapore,Melbourne,Australia,Temple,Melbourne Temple 94,"Main Road, Melbourne",Winter,3.783333333333333,3.6732142857142853
1126,345,2024,10,Couples,16,4.7,Africa,Kenya,Nairobi,Sao Paulo,Brazil,Historical Site,Sao Paulo Historical Site 16,"Main Road, Sao Paulo",Autumn,3.6714285714285713,3.932758620689655
1127,464,2022,8,Family,14,3.0,Australia,New Zealand,Queenstown,Sao Paulo,Brazil,Historical Site,Sao Paulo Historical Site 14,"Main Road, Sao Paulo",Summer,3.4799999999999995,3.788235294117647
1128,898,2023,3,Family,27,2.7,North America,Canada,Vancouver,Nairobi,Kenya,Temple,Nairobi Temple 27,"Main Road, Nairobi",Spring,3.65,3.6843137254901963
1129,328,2024,4,Solo,92,4.3,Australia,New Zealand,Auckland,Queenstown,New Zealand,Museum,Queenstown Museum 92,"Main Road, Queenstown",Spring,3.7333333333333334,4.0339285714285715
1130,324,2025,1,Family,63,3.4,Europe,Italy,Venice,Madrid,Spain,Shopping,Madrid Shopping 63,"Main Road, Madrid",Winter,3.883333333333333,3.8245283018867924
1131,849,2025,4,Family,87,5.0,Africa,Kenya,Nairobi,Vancouver,Canada,Park,Vancouver Park 87,"Main Road, Vancouver",Spring,3.9,3.881818181818182
1132,664,2024,11,Couples,88,3.6,Europe,Germany,Munich,Tokyo,Japan,Shopping,Tokyo Shopping 88,"Main Road, Tokyo",Autumn,3.6999999999999997,3.901818181818182
1133,778,2024,12,Family,41,3.6,North America,Mexico,Mexico City,Vancouver,Canada,Beach,Vancouver Beach 41,"Main Road, Vancouver",Winter,3.95,3.7526315789473683
1134,351,2023,5,Friends,44,4.9,Europe,France,Nice,Rio de Janeiro,Brazil,Temple,Rio de Janeiro Temple 44,"Main Road, Rio de Janeiro",Spring,4.111111111111111,3.825
1135,210,2023,7,Solo,47,3.9,Africa,Egypt,Luxor,New York,USA,Historical Site,New York Historical Site 47,"Main Road, New York",Summer,3.6624999999999996,3.9181818181818184
1136,276,2024,7,Business,79,4.1,Asia,Thailand,Bangkok,Mexico City,Mexico,Historical Site,Mexico City Historical Site 79,"Main Road, Mexico City",Summer,3.6333333333333333,3.861224489795918
1137,266,2025,7,Friends,10,3.6,South America,Chile,Santiago,Toronto,Canada,Wildlife,Toronto Wildlife 10,"Main Road, Toronto",Summer,3.7600000000000002,3.8257575757575757
1138,299,2022,4,Friends,79,3.7,North America,USA,Los Angeles,Mexico City,Mexico,Historical Site,Mexico City Historical Site 79,"Main Road, Mexico City",Spring,3.5799999999999996,3.861224489795918
1139,332,2024,9,Business,68,3.3,Australia,New Zealand,Queenstown,Toronto,Canada,Shopping,Toronto Shopping 68,"Main Road, Toronto",Autumn,3.8,3.607142857142857
1140,109,2025,12,Friends,61,4.0,Australia,New Zealand,Auckland,Sydney,Australia,Shopping,Sydney Shopping 61,"Main Road, Sydney",Winter,4.0,3.8000000000000003
1141,435,2023,1,Business,58,3.1,Australia,New Zealand,Queenstown,Mumbai,India,Wildlife,Mumbai Wildlife 58,"Main Road, Mumbai",Winter,3.1999999999999997,3.7518518518518515
1142,875,2024,2,Family,82,3.0,Asia,Singapore,Singapore,Sydney,Australia,Temple,Sydney Temple 82,"Main Road, Sydney",Winter,3.9285714285714284,3.7333333333333334
1143,838,2024,7,Family,30,4.2,South America,Argentina,Buenos Aires,Cape Town,South Africa,Museum,Cape Town Museum 30,"Main Road, Cape Town",Summer,3.75,3.811111111111111
1144,777,2024,9,Business,31,4.1,Africa,South Africa,Johannesburg,Queenstown,New Zealand,Historical Site,Queenstown Historical Site 31,"Main Road, Queenstown",Autumn,4.266666666666667,3.663157894736842
1145,131,2022,5,Friends,35,3.9,North America,USA,New York,Paris,France,Beach,Paris Beach 35,"Main Road, Paris",Spring,3.6,3.728
1146,163,2025,6,Family,15,3.7,Asia,Singapore,Singapore,Jaipur,India,Historical Site,Jaipur Historical Site 15,"Main Road, Jaipur",Summer,3.966666666666667,3.8632653061224493
1147,981,2025,4,Friends,97,3.2,South America,Brazil,Sao Paulo,Los Angeles,USA,Historical Site,Los Angeles Historical Site 97,"Main Road, Los Angeles",Spring,3.6,3.661904761904762
1148,482,2024,3,Family,64,3.1,Africa,Egypt,Luxor,Madrid,Spain,Beach,Madrid Beach 64,"Main Road, Madrid",Spring,3.8272727272727276,3.8058823529411763
1149,783,2025,9,Family,6,3.4,Africa,Egypt,Cairo,Johannesburg,South Africa,Museum,Johannesburg Museum 6,"Main Road, Johannesburg",Autumn,3.533333333333333,3.8461538461538463
1150,604,2022,11,Family,51,4.9,Australia,Australia,Melbourne,Mexico City,Mexico,Temple,Mexico City Temple 51,"Main Road, Mexico City",Autumn,4.566666666666666,3.861290322580645
1151,699,2023,12,Couples,70,4.6,South America,Chile,Santiago,Sydney,Australia,Beach,Sydney Beach 70,"Main Road, Sydney",Winter,3.744444444444445,3.7588235294117647
1152,122,2025,10,Solo,83,3.4,South America,Argentina,Buenos Aires,Melbourne,Australia,Wildlife,Melbourne Wildlife 83,"Main Road, Melbourne",Autumn,3.78,3.851282051282051
1153,238,2025,4,Family,82,3.5,South America,Brazil,Sao Paulo,Sydney,Australia,Temple,Sydney Temple 82,"Main Road, Sydney",Spring,4.166666666666667,3.7333333333333334
1154,573,2025,10,Family,93,2.8,Australia,Australia,Sydney,Auckland,New Zealand,Adventure,Auckland Adventure 93,"Main Road, Auckland",Autumn,4.1499999999999995,3.7888888888888888
1155,323,2022,9,Family,2,4.6,Europe,Germany,Berlin,Sao Paulo,Brazil,Historical Site,Sao Paulo Historical Site 2,"Main Road, Sao Paulo",Autumn,4.5,3.727272727272727
1156,601,2023,1,Couples,18,5.0,South America,Chile,Santiago,Madrid,Spain,Historical Site,Madrid Historical Site 18,"Main Road, Madrid",Winter,4.0,3.7285714285714286
1157,871,2024,4,Business,3,3.7,Asia,Thailand,Pattaya,Rio de Janeiro,Brazil,Adventure,Rio de Janeiro Adventure 3,"Main Road, Rio de Janeiro",Spring,3.528571428571429,3.791111111111111
1158,986,2023,1,Solo,10,4.2,Australia,New Zealand,Queenstown,Toronto,Canada,Wildlife,Toronto Wildlife 10,"Main Road, Toronto",Winter,3.957142857142857,3.8257575757575757
1159,798,2024,7,Friends,5,4.2,Europe,Spain,Madrid,Santiago,Chile,Adventure,Santiago Adventure 5,"Main Road, Santiago",Summer,3.9285714285714284,3.691111111111111
1160,482,2025,8,Solo,23,3.7,Africa,Egypt,Luxor,Los Angeles,USA,Adventure,Los Angeles Adventure 23,"Main Road, Los Angeles",Summer,3.8272727272727276,3.919047619047619
1161,681,2024,11,Business,100,4.1,Europe,France,Paris,Mombasa,Kenya,Wildlife,Mombasa Wildlife 100,"Main Road, Mombasa",Autumn,3.5999999999999996,3.75
1162,13,2025,10,Solo,11,3.8,North America,Mexico,Mexico City,Pattaya,Thailand,Beach,Pattaya Beach 11,"Main Road, Pattaya",Autumn,4.033333333333333,3.7121951219512193
1163,792,2022,10,Business,93,3.7,South America,Argentina,Buenos Aires,Auckland,New Zealand,Adventure,Auckland Adventure 93,"Main Road, Auckland",Autumn,3.644444444444444,3.7888888888888888
1164,208,2022,7,Business,33,4.2,Europe,Italy,Milan,New York,USA,Historical Site,New York Historical Site 33,"Main Road, New York",Summer,4.0200000000000005,3.8160000000000003
1165,329,2024,12,Family,59,4.5,Asia,India,Goa,Melbourne,Australia,Museum,Melbourne Museum 59,"Main Road, Melbourne",Winter,3.85,3.853061224489796
1166,442,2024,2,Friends,89,4.0,Europe,Italy,Rome,Sydney,Australia,Park,Sydney Park 89,"Main Road, Sydney",Winter,4.375,3.811764705882353
1167,832,2025,2,Friends,71,5.0,Europe,France,Paris,Rio de Janeiro,Brazil,Museum,Rio de Janeiro Museum 71,"Main Road, Rio de Janeiro",Winter,4.285714285714286,3.9066666666666667
1168,65,2022,9,Solo,4,2.7,North America,Mexico,Mexico City,Buenos Aires,Argentina,Temple,Buenos Aires Temple 4,"Main Road, Buenos Aires",Autumn,3.6833333333333336,3.96
1169,306,2024,10,Couples,86,3.3,Europe,Germany,Berlin,Cape Town,South Africa,Historical Site,Cape Town Historical Site 86,"Main Road, Cape Town",Autumn,4.025,3.6799999999999997
1170,385,2022,6,Friends,70,4.6,South America,Chile,Santiago,Sydney,Australia,Beach,Sydney Beach 70,"Main Road, Sydney",Summer,3.8499999999999996,3.7588235294117647
1171,982,2024,11,Couples,37,2.3,Europe,Germany,Berlin,Mumbai,India,Historical Site,Mumbai Historical Site 37,"Main Road, Mumbai",Autumn,3.414285714285714,3.752173913043478
1172,325,2025,2,Business,58,3.6,Australia,New Zealand,Auckland,Mumbai,India,Wildlife,Mumbai Wildlife 58,"Main Road, Mumbai",Winter,3.45,3.7518518518518515
1173,938,2023,2,Friends,48,4.9,North America,Canada,Vancouver,Nairobi,Kenya,Adventure,Nairobi Adventure 48,"Main Road, Nairobi",Winter,3.7857142857142856,3.845833333333333
1174,577,2023,9,Business,33,3.5,Asia,India,Delhi,New York,USA,Historical Site,New York Historical Site 33,"Main Road, New York",Autumn,3.56,3.8160000000000003
1175,571,2022,5,Couples,92,5.0,South America,Chile,Santiago,Queenstown,New Zealand,Museum,Queenstown Museum 92,"Main Road, Queenstown",Spring,4.0181818181818185,4.0339285714285715
1176,328,2024,8,Friends,49,4.0,Australia,New Zealand,Auckland,Santiago,Chile,Historical Site,Santiago Historical Site 49,"Main Road, Santiago",Summer,3.7333333333333334,3.8877551020408165
1177,69,2025,6,Business,88,2.9,South America,Argentina,Buenos Aires,Tokyo,Japan,Shopping,Tokyo Shopping 88,"Main Road, Tokyo",Summer,3.9,3.901818181818182
1178,746,2022,3,Family,3,3.8,South America,Argentina,Buenos Aires,Rio de Janeiro,Brazil,Adventure,Rio de Janeiro Adventure 3,"Main Road, Rio de Janeiro",Spring,3.2857142857142856,3.791111111111111
1179,413,2023,9,Business,50,2.6,North America,Mexico,Mexico City,Cancun,Mexico,Historical Site,Cancun Historical Site 50,"Main Road, Cancun",Autumn,3.533333333333333,3.5078947368421054
1180,785,2025,12,Solo,49,3.4,North America,USA,New York,Santiago,Chile,Historical Site,Santiago Historical Site 49,"Main Road, Santiago",Winter,4.022222222222222,3.8877551020408165
1181,643,2022,2,Friends,43,2.5,Africa,Kenya,Mombasa,Cape Town,South Africa,Shopping,Cape Town Shopping 43,"Main Road, Cape Town",Winter,3.28,3.772
1182,247,2023,8,Solo,20,4.0,South America,Brazil,Sao Paulo,Vancouver,Canada,Wildlife,Vancouver Wildlife 20,"Main Road, Vancouver",Summer,4.2,3.775
1183,374,2023,2,Family,80,2.7,South America,Brazil,Sao Paulo,Nairobi,Kenya,Temple,Nairobi Temple 80,"Main Road, Nairobi",Winter,3.62,3.8166666666666664
1184,573,2023,3,Couples,15,5.0,Australia,Australia,Sydney,Jaipur,India,Historical Site,Jaipur Historical Site 15,"Main Road, Jaipur",Spring,4.1499999999999995,3.8632653061224493
1185,74,2023,11,Business,61,4.8,North America,Canada,Toronto,Sydney,Australia,Shopping,Sydney Shopping 61,"Main Road, Sydney",Autumn,3.822222222222222,3.8000000000000003
1186,237,2022,5,Couples,99,5.0,Asia,India,Mumbai,Toronto,Canada,Adventure,Toronto Adventure 99,"Main Road, Toronto",Spring,3.914285714285714,3.735416666666667
1187,647,2024,4,Friends,4,4.3,Australia,Australia,Sydney,Buenos Aires,Argentina,Temple,Buenos Aires Temple 4,"Main Road, Buenos Aires",Spring,4.35,3.96
1188,292,2023,7,Family,54,3.8,South America,Argentina,Buenos Aires,Rio de Janeiro,Brazil,Shopping,Rio de Janeiro Shopping 54,"Main Road, Rio de Janeiro",Summer,3.457142857142857,3.7326086956521736
1189,493,2023,3,Family,75,5.0,Africa,South Africa,Cape Town,Vancouver,Canada,Park,Vancouver Park 75,"Main Road, Vancouver",Spring,3.966666666666667,3.861818181818182
1190,115,2022,1,Business,27,3.6,Africa,South Africa,Cape Town,Nairobi,Kenya,Temple,Nairobi Temple 27,"Main Road, Nairobi",Winter,3.8000000000000003,3.6843137254901963
1191,336,2022,10,Business,80,3.1,Europe,Germany,Berlin,Nairobi,Kenya,Temple,Nairobi Temple 80,"Main Road, Nairobi",Autumn,3.7000000000000006,3.8166666666666664
1192,666,2024,10,Couples,22,4.2,Africa,Kenya,Mombasa,Melbourne,Australia,Adventure,Melbourne Adventure 22,"Main Road, Melbourne",Autumn,4.06,3.8629629629629627
1193,668,2025,4,Couples,65,4.2,Africa,Egypt,Cairo,Vancouver,Canada,Museum,Vancouver Museum 65,"Main Road, Vancouver",Spring,4.0,3.9294117647058826
1194,597,2022,11,Couples,61,3.2,Australia,Australia,Sydney,Sydney,Australia,Shopping,Sydney Shopping 61,"Main Road, Sydney",Autumn,3.6875,3.8000000000000003
1195,912,2023,12,Couples,2,2.6,Africa,Kenya,Nairobi,Sao Paulo,Brazil,Historical Site,Sao Paulo Historical Site 2,"Main Road, Sao Paulo",Winter,3.875,3.727272727272727
1196,337,2024,4,Couples,88,3.3,Australia,Australia,Melbourne,Tokyo,Japan,Shopping,Tokyo Shopping 88,"Main Road, Tokyo",Spring,3.783333333333333,3.901818181818182
1197,7,2024,6,Couples,9,3.8,South America,Argentina,Buenos Aires,Nice,France,Adventure,Nice Adventure 9,"Main Road, Nice",Summer,3.6166666666666667,3.709803921568627
1198,178,2024,1,Solo,75,4.0,Africa,Egypt,Cairo,Vancouver,Canada,Park,Vancouver Park 75,"Main Road, Vancouver",Winter,3.8666666666666667,3.861818181818182
1199,523,2023,7,Family,33,2.6,Australia,New Zealand,Queenstown,New York,USA,Historical Site,New York Historical Site 33,"Main Road, New York",Summer,3.55,3.8160000000000003
1200,619,2024,1,Solo,80,4.0,Australia,Australia,Sydney,Nairobi,Kenya,Temple,Nairobi Temple 80,"Main Road, Nairobi",Winter,3.625,3.8166666666666664
1201,134,2022,2,Family,49,3.7,Australia,New Zealand,Queenstown,Santiago,Chile,Historical Site,Santiago Historical Site 49,"Main Road, Santiago",Winter,3.9857142857142853,3.8877551020408165
1202,766,2024,4,Family,69,3.0,Asia,Japan,Kyoto,Johannesburg,South Africa,Shopping,Johannesburg Shopping 69,"Main Road, Johannesburg",Spring,3.425,3.818032786885246
1203,771,2025,7,Business,58,3.7,Australia,New Zealand,Auckland,Mumbai,India,Wildlife,Mumbai Wildlife 58,"Main Road, Mumbai",Summer,3.642857142857143,3.7518518518518515
1204,557,2022,5,Couples,76,3.2,Australia,Australia,Melbourne,Tokyo,Japan,Temple,Tokyo Temple 76,"Main Road, Tokyo",Spring,3.766666666666667,3.817777777777778
1205,52,2024,4,Couples,82,3.7,North America,Canada,Toronto,Sydney,Australia,Temple,Sydney Temple 82,"Main Road, Sydney",Spring,3.78,3.7333333333333334
1206,832,2022,4,Couples,79,3.7,Europe,France,Paris,Mexico City,Mexico,Historical Site,Mexico City Historical Site 79,"Main Road, Mexico City",Spring,4.285714285714286,3.861224489795918
1207,949,2022,4,Family,51,4.0,South America,Brazil,Sao Paulo,Mexico City,Mexico,Temple,Mexico City Temple 51,"Main Road, Mexico City",Spring,3.95,3.861290322580645
1208,129,2025,5,Family,35,4.3,Asia,Japan,Tokyo,Paris,France,Beach,Paris Beach 35,"Main Road, Paris",Spring,4.366666666666666,3.728
1209,571,2024,3,Couples,1,3.3,South America,Chile,Santiago,Berlin,Germany,Wildlife,Berlin Wildlife 1,"Main Road, Berlin",Spring,4.0181818181818185,3.782051282051282
1210,189,2023,10,Business,93,3.2,Africa,Egypt,Luxor,Auckland,New Zealand,Adventure,Auckland Adventure 93,"Main Road, Auckland",Autumn,3.1666666666666665,3.7888888888888888
1211,782,2022,6,Friends,91,4.1,Europe,Spain,Barcelona,Singapore,Singapore,Historical Site,Singapore Historical Site 91,"Main Road, Singapore",Summer,3.45,3.924137931034483
1212,452,2022,11,Couples,21,4.2,Asia,Japan,Kyoto,Luxor,Egypt,Temple,Luxor Temple 21,"Main Road, Luxor",Autumn,3.7714285714285714,3.8267857142857147
1213,282,2023,3,Friends,41,3.2,North America,USA,Las Vegas,Vancouver,Canada,Beach,Vancouver Beach 41,"Main Road, Vancouver",Spring,3.775,3.7526315789473683
1214,759,2024,1,Solo,60,3.8,Europe,Italy,Venice,Johannesburg,South Africa,Museum,Johannesburg Museum 60,"Main Road, Johannesburg",Winter,4.2,3.7857142857142856
1215,502,2023,1,Friends,19,3.5,North America,Mexico,Mexico City,Auckland,New Zealand,Park,Auckland Park 19,"Main Road, Auckland",Winter,3.94,3.689583333333333
1216,44,2022,6,Friends,16,3.9,North America,Mexico,Cancun,Sao Paulo,Brazil,Historical Site,Sao Paulo Historical Site 16,"Main Road, Sao Paulo",Summer,3.8857142857142857,3.932758620689655
1217,55,2023,7,Couples,51,3.8,North America,USA,New York,Mexico City,Mexico,Temple,Mexico City Temple 51,"Main Road, Mexico City",Summer,4.057142857142857,3.861290322580645
1218,558,2022,4,Friends,97,4.6,Europe,Germany,Berlin,Los Angeles,USA,Historical Site,Los Angeles Historical Site 97,"Main Road, Los Angeles",Spring,3.6799999999999997,3.661904761904762
1219,74,2024,3,Business,41,3.8,North America,Canada,Toronto,Vancouver,Canada,Beach,Vancouver Beach 41,"Main Road, Vancouver",Spring,3.822222222222222,3.7526315789473683
1220,467,2022,1,Solo,87,3.8,Africa,Kenya,Mombasa,Vancouver,Canada,Park,Vancouver Park 87,"Main Road, Vancouver",Winter,3.766666666666667,3.881818181818182
1221,248,2025,3,Solo,69,3.2,North America,USA,New York,Johannesburg,South Africa,Shopping,Johannesburg Shopping 69,"Main Road, Johannesburg",Spring,3.6333333333333333,3.818032786885246
1222,956,2025,8,Family,18,4.2,South America,Brazil,Rio de Janeiro,Madrid,Spain,Historical Site,Madrid Historical Site 18,"Main Road, Madrid",Summer,3.8600000000000003,3.7285714285714286
1223,97,2022,12,Solo,69,3.9,Australia,New Zealand,Auckland,Johannesburg,South Africa,Shopping,Johannesburg Shopping 69,"Main Road, Johannesburg",Winter,3.6666666666666665,3.818032786885246
1224,965,2022,5,Friends,33,2.0,South America,Brazil,Rio de Janeiro,New York,USA,Historical Site,New York Historical Site 33,"Main Road, New York",Spring,3.38,3.8160000000000003
1225,634,2022,4,Couples,26,3.9,South America,Chile,Santiago,Rome,Italy,Temple,Rome Temple 26,"Main Road, Rome",Spring,3.7,3.829310344827586
1226,200,2025,5,Family,20,4.5,Asia,Japan,Kyoto,Vancouver,Canada,Wildlife,Vancouver Wildlife 20,"Main Road, Vancouver",Spring,3.35,3.775
1227,248,2024,2,Friends,90,3.1,North America,USA,New York,Nice,France,Temple,Nice Temple 90,"Main Road, Nice",Winter,3.6333333333333333,3.7215686274509805
1228,746,2024,12,Couples,73,3.2,South America,Argentina,Buenos Aires,Queenstown,New Zealand,Shopping,Queenstown Shopping 73,"Main Road, Queenstown",Winter,3.2857142857142856,3.7816666666666667
1229,649,2025,8,Solo,51,4.3,Asia,India,Jaipur,Mexico City,Mexico,Temple,Mexico City Temple 51,"Main Road, Mexico City",Summer,3.8125,3.861290322580645
1230,754,2022,2,Couples,24,4.4,Europe,France,Paris,Nairobi,Kenya,Museum,Nairobi Museum 24,"Main Road, Nairobi",Winter,3.72,3.8804878048780487
1231,639,2024,9,Couples,21,4.7,Australia,Australia,Melbourne,Luxor,Egypt,Temple,Luxor Temple 21,"Main Road, Luxor",Autumn,4.625,3.8267857142857147
1232,512,2024,4,Friends,85,3.8,Africa,South Africa,Cape Town,Rome,Italy,Historical Site,Rome Historical Site 85,"Main Road, Rome",Spring,3.4799999999999995,3.8607843137254902
1233,997,2022,9,Solo,9,3.5,South America,Chile,Santiago,Nice,France,Adventure,Nice Adventure 9,"Main Road, Nice",Autumn,3.2600000000000002,3.709803921568627
1234,745,2023,1,Friends,93,4.8,Africa,Egypt,Cairo,Auckland,New Zealand,Adventure,Auckland Adventure 93,"Main Road, Auckland",Winter,4.625,3.7888888888888888
1235,486,2023,4,Friends,68,3.7,North America,Canada,Vancouver,Toronto,Canada,Shopping,Toronto Shopping 68,"Main Road, Toronto",Spring,3.6,3.607142857142857
1236,740,2025,1,Family,64,4.2,Africa,Kenya,Mombasa,Madrid,Spain,Beach,Madrid Beach 64,"Main Road, Madrid",Winter,3.857142857142857,3.8058823529411763
1237,493,2024,4,Family,97,4.2,Africa,South Africa,Cape Town,Los Angeles,USA,Historical Site,Los Angeles Historical Site 97,"Main Road, Los Angeles",Spring,3.966666666666667,3.661904761904762
1238,867,2025,7,Friends,37,4.4,North America,Canada,Toronto,Mumbai,India,Historical Site,Mumbai Historical Site 37,"Main Road, Mumbai",Summer,3.4166666666666665,3.752173913043478
1239,951,2024,8,Friends,12,4.5,Europe,Spain,Barcelona,New York,USA,Historical Site,New York Historical Site 12,"Main Road, New York",Summer,3.6166666666666667,3.8160714285714286
1240,482,2025,4,Family,19,3.2,Africa,Egypt,Luxor,Auckland,New Zealand,Park,Auckland Park 19,"Main Road, Auckland",Spring,3.8272727272727276,3.689583333333333
1241,545,2025,4,Family,10,4.1,Asia,Japan,Kyoto,Toronto,Canada,Wildlife,Toronto Wildlife 10,"Main Road, Toronto",Spring,3.25,3.8257575757575757
1242,436,2025,3,Couples,97,4.0,South America,Brazil,Rio de Janeiro,Los Angeles,USA,Historical Site,Los Angeles Historical Site 97,"Main Road, Los Angeles",Spring,3.88,3.661904761904762
1243,265,2022,11,Family,9,3.2,South America,Argentina,Buenos Aires,Nice,France,Adventure,Nice Adventure 9,"Main Road, Nice",Autumn,3.6799999999999997,3.709803921568627
1244,914,2022,12,Couples,33,5.0,Australia,New Zealand,Auckland,New York,USA,Historical Site,New York Historical Site 33,"Main Road, New York",Winter,4.033333333333333,3.8160000000000003
1245,951,2024,2,Solo,5,3.9,Europe,Spain,Barcelona,Santiago,Chile,Adventure,Santiago Adventure 5,"Main Road, Santiago",Winter,3.6166666666666667,3.691111111111111
1246,136,2023,9,Friends,3,3.9,North America,Canada,Vancouver,Rio de Janeiro,Brazil,Adventure,Rio de Janeiro Adventure 3,"Main Road, Rio de Janeiro",Autumn,3.6,3.791111111111111
1247,695,2024,2,Friends,40,4.2,South America,Chile,Santiago,Cape Town,South Africa,Museum,Cape Town Museum 40,"Main Road, Cape Town",Winter,3.6166666666666667,3.815909090909091
1248,893,2024,6,Friends,57,3.6,Africa,South Africa,Cape Town,Queenstown,New Zealand,Beach,Queenstown Beach 57,"Main Road, Queenstown",Summer,4.3,3.8095238095238093
1249,846,2024,9,Friends,53,3.4,Australia,Australia,Melbourne,Milan,Italy,Shopping,Milan Shopping 53,"Main Road, Milan",Autumn,3.6999999999999997,3.685106382978723
1250,541,2025,1,Solo,16,3.8,North America,Canada,Toronto,Sao Paulo,Brazil,Historical Site,Sao Paulo Historical Site 16,"Main Road, Sao Paulo",Winter,3.6999999999999997,3.932758620689655
1251,859,2022,8,Friends,89,4.0,Australia,Australia,Melbourne,Sydney,Australia,Park,Sydney Park 89,"Main Road, Sydney",Summer,4.016666666666667,3.811764705882353
1252,33,2023,8,Solo,86,3.5,Europe,Germany,Munich,Cape Town,South Africa,Historical Site,Cape Town Historical Site 86,"Main Road, Cape Town",Summer,3.56,3.6799999999999997
1253,489,2023,7,Family,82,3.8,North America,Mexico,Cancun,Sydney,Australia,Temple,Sydney Temple 82,"Main Road, Sydney",Summer,3.975,3.7333333333333334
1254,558,2022,3,Business,67,3.4,Europe,Germany,Berlin,Auckland,New Zealand,Historical Site,Auckland Historical Site 67,"Main Road, Auckland",Spring,3.6799999999999997,3.736842105263158
1255,606,2024,11,Business,61,2.4,North America,USA,Las Vegas,Sydney,Australia,Shopping,Sydney Shopping 61,"Main Road, Sydney",Autumn,3.7600000000000002,3.8000000000000003
1256,610,2025,5,Couples,55,3.4,Africa,Kenya,Nairobi,Mumbai,India,Wildlife,Mumbai Wildlife 55,"Main Road, Mumbai",Spring,3.55,3.6921568627450982
1257,768,2024,6,Couples,81,4.4,South America,Argentina,Buenos Aires,Luxor,Egypt,Park,Luxor Park 81,"Main Road, Luxor",Summer,3.8333333333333335,3.8309090909090906
1258,888,2022,11,Business,50,2.6,Africa,South Africa,Johannesburg,Cancun,Mexico,Historical Site,Cancun Historical Site 50,"Main Road, Cancun",Autumn,3.6999999999999997,3.5078947368421054
1259,845,2024,1,Friends,8,4.5,South America,Chile,Santiago,Las Vegas,USA,Museum,Las Vegas Museum 8,"Main Road, Las Vegas",Winter,3.7,3.716279069767442
1260,125,2024,7,Friends,41,4.7,Europe,Germany,Munich,Vancouver,Canada,Beach,Vancouver Beach 41,"Main Road, Vancouver",Summer,3.7399999999999998,3.7526315789473683
1261,511,2022,1,Couples,69,3.7,South America,Brazil,Sao Paulo,Johannesburg,South Africa,Shopping,Johannesburg Shopping 69,"Main Road, Johannesburg",Winter,3.9799999999999995,3.818032786885246
1262,213,2023,5,Couples,66,3.8,South America,Brazil,Rio de Janeiro,Kyoto,Japan,Historical Site,Kyoto Historical Site 66,"Main Road, Kyoto",Spring,3.9,3.8181818181818183
1263,77,2022,8,Family,32,5.0,North America,USA,Los Angeles,Buenos Aires,Argentina,Shopping,Buenos Aires Shopping 32,"Main Road, Buenos Aires",Summer,4.2375,3.812244897959184
1264,415,2022,5,Business,97,4.2,Asia,Japan,Kyoto,Los Angeles,USA,Historical Site,Los Angeles Historical Site 97,"Main Road, Los Angeles",Spring,3.6636363636363636,3.661904761904762
1265,983,2024,7,Family,3,4.9,Asia,Japan,Kyoto,Rio de Janeiro,Brazil,Adventure,Rio de Janeiro Adventure 3,"Main Road, Rio de Janeiro",Summer,4.9,3.791111111111111
1266,542,2024,11,Couples,82,4.1,Asia,Japan,Osaka,Sydney,Australia,Temple,Sydney Temple 82,"Main Road, Sydney",Autumn,3.766666666666667,3.7333333333333334
1267,486,2022,10,Friends,40,3.1,North America,Canada,Vancouver,Cape Town,South Africa,Museum,Cape Town Museum 40,"Main Road, Cape Town",Autumn,3.6,3.815909090909091
1268,747,2025,4,Couples,90,4.0,Asia,Singapore,Singapore,Nice,France,Temple,Nice Temple 90,"Main Road, Nice",Spring,3.8833333333333333,3.7215686274509805
1269,77,2022,5,Business,33,5.0,North America,USA,Los Angeles,New York,USA,Historical Site,New York Historical Site 33,"Main Road, New York",Spring,4.2375,3.8160000000000003
1270,487,2024,6,Friends,83,4.2,Europe,Spain,Barcelona,Melbourne,Australia,Wildlife,Melbourne Wildlife 83,"Main Road, Melbourne",Summer,3.9499999999999997,3.851282051282051
1271,723,2024,9,Business,95,2.9,Asia,Japan,Kyoto,Singapore,Singapore,Park,Singapore Park 95,"Main Road, Singapore",Autumn,3.9200000000000004,3.819607843137255
1272,822,2025,5,Business,74,3.3,Asia,India,Delhi,Sydney,Australia,Historical Site,Sydney Historical Site 74,"Main Road, Sydney",Spring,3.85,4.0487179487179485
1273,70,2023,3,Family,90,4.1,Australia,Australia,Melbourne,Nice,France,Temple,Nice Temple 90,"Main Road, Nice",Spring,3.125,3.7215686274509805
1274,552,2025,7,Family,38,4.0,Australia,New Zealand,Auckland,Luxor,Egypt,Museum,Luxor Museum 38,"Main Road, Luxor",Summer,3.9799999999999995,3.784313725490196
1275,183,2024,12,Family,51,4.3,South America,Argentina,Buenos Aires,Mexico City,Mexico,Temple,Mexico City Temple 51,"Main Road, Mexico City",Winter,3.8600000000000003,3.861290322580645
1276,571,2025,8,Business,19,4.0,South America,Chile,Santiago,Auckland,New Zealand,Park,Auckland Park 19,"Main Road, Auckland",Summer,4.0181818181818185,3.689583333333333
1277,624,2022,8,Friends,44,3.6,Asia,Thailand,Pattaya,Rio de Janeiro,Brazil,Temple,Rio de Janeiro Temple 44,"Main Road, Rio de Janeiro",Summer,4.325,3.825
1278,937,2022,4,Friends,66,2.5,South America,Argentina,Buenos Aires,Kyoto,Japan,Historical Site,Kyoto Historical Site 66,"Main Road, Kyoto",Spring,3.0444444444444443,3.8181818181818183
1279,578,2022,4,Couples,42,3.3,Africa,South Africa,Johannesburg,Singapore,Singapore,Wildlife,Singapore Wildlife 42,"Main Road, Singapore",Spring,4.125,3.706382978723404
1280,476,2022,10,Friends,38,4.1,Asia,Japan,Tokyo,Luxor,Egypt,Museum,Luxor Museum 38,"Main Road, Luxor",Autumn,3.814285714285714,3.784313725490196
1281,470,2022,2,Solo,89,4.1,South America,Brazil,Sao Paulo,Sydney,Australia,Park,Sydney Park 89,"Main Road, Sydney",Winter,4.25,3.811764705882353
1282,456,2024,11,Friends,13,2.9,South America,Brazil,Sao Paulo,Auckland,New Zealand,Wildlife,Auckland Wildlife 13,"Main Road, Auckland",Autumn,3.425,3.8711864406779664
1283,569,2022,2,Couples,71,3.2,Australia,New Zealand,Auckland,Rio de Janeiro,Brazil,Museum,Rio de Janeiro Museum 71,"Main Road, Rio de Janeiro",Winter,3.6125000000000003,3.9066666666666667
1284,303,2023,6,Friends,87,3.6,Europe,Spain,Madrid,Vancouver,Canada,Park,Vancouver Park 87,"Main Road, Vancouver",Summer,3.775,3.881818181818182
1285,833,2025,5,Couples,29,3.8,Africa,Kenya,Nairobi,Santiago,Chile,Wildlife,Santiago Wildlife 29,"Main Road, Santiago",Spring,3.6999999999999997,3.7943396226415094
1286,141,2023,6,Business,10,3.8,Africa,South Africa,Johannesburg,Toronto,Canada,Wildlife,Toronto Wildlife 10,"Main Road, Toronto",Summer,3.9444444444444446,3.8257575757575757
1287,281,2025,8,Couples,44,4.6,Africa,Kenya,Nairobi,Rio de Janeiro,Brazil,Temple,Rio de Janeiro Temple 44,"Main Road, Rio de Janeiro",Summer,3.411111111111111,3.825
1288,397,2022,11,Family,21,3.6,Australia,Australia,Melbourne,Luxor,Egypt,Temple,Luxor Temple 21,"Main Road, Luxor",Autumn,3.55,3.8267857142857147
1289,444,2025,10,Friends,33,3.3,Australia,New Zealand,Auckland,New York,USA,Historical Site,New York Historical Site 33,"Main Road, New York",Autumn,4.25,3.8160000000000003
1290,144,2022,9,Friends,24,3.2,Africa,Kenya,Nairobi,Nairobi,Kenya,Museum,Nairobi Museum 24,"Main Road, Nairobi",Autumn,3.1714285714285713,3.8804878048780487
1291,175,2022,5,Solo,76,3.8,South America,Argentina,Buenos Aires,Tokyo,Japan,Temple,Tokyo Temple 76,"Main Road, Tokyo",Spring,3.0625,3.817777777777778
1292,155,2023,9,Family,99,2.6,Australia,New Zealand,Queenstown,Toronto,Canada,Adventure,Toronto Adventure 99,"Main Road, Toronto",Autumn,3.6875,3.735416666666667
1293,883,2023,1,Family,60,4.6,Europe,Italy,Rome,Johannesburg,South Africa,Museum,Johannesburg Museum 60,"Main Road, Johannesburg",Winter,3.975,3.7857142857142856
1294,898,2024,11,Family,97,2.5,North America,Canada,Vancouver,Los Angeles,USA,Historical Site,Los Angeles Historical Site 97,"Main Road, Los Angeles",Autumn,3.65,3.661904761904762
1295,992,2022,2,Family,18,3.5,Europe,France,Nice,Madrid,Spain,Historical Site,Madrid Historical Site 18,"Main Road, Madrid",Winter,3.8857142857142857,3.7285714285714286
1296,862,2024,11,Couples,76,5.0,Europe,Germany,Munich,Tokyo,Japan,Temple,Tokyo Temple 76,"Main Road, Tokyo",Autumn,3.642857142857143,3.817777777777778
1297,121,2022,4,Family,68,4.0,South America,Argentina,Buenos Aires,Toronto,Canada,Shopping,Toronto Shopping 68,"Main Road, Toronto",Spring,4.116666666666666,3.607142857142857
1298,703,2022,3,Family,47,3.6,Europe,Germany,Berlin,New York,USA,Historical Site,New York Historical Site 47,"Main Road, New York",Spring,4.1,3.9181818181818184
1299,574,2022,9,Family,64,3.3,North America,Canada,Toronto,Madrid,Spain,Beach,Madrid Beach 64,"Main Road, Madrid",Autumn,4.116666666666666,3.8058823529411763
1300,898,2024,3,Solo,56,3.7,North America,Canada,Vancouver,Madrid,Spain,Historical Site,Madrid Historical Site 56,"Main Road, Madrid",Spring,3.65,3.892156862745098
1301,658,2022,4,Business,7,2.9,North America,USA,Las Vegas,Santiago,Chile,Park,Santiago Park 7,"Main Road, Santiago",Spring,3.4,3.6767857142857143
1302,60,2024,11,Business,40,4.3,North America,Mexico,Mexico City,Cape Town,South Africa,Museum,Cape Town Museum 40,"Main Road, Cape Town",Autumn,4.166666666666667,3.815909090909091
1303,234,2022,8,Business,55,2.8,South America,Brazil,Rio de Janeiro,Mumbai,India,Wildlife,Mumbai Wildlife 55,"Main Road, Mumbai",Summer,3.557142857142857,3.6921568627450982
1304,800,2023,2,Solo,74,4.5,South America,Chile,Santiago,Sydney,Australia,Historical Site,Sydney Historical Site 74,"Main Road, Sydney",Winter,3.825,4.0487179487179485
1305,457,2023,8,Friends,7,3.2,South America,Chile,Santiago,Santiago,Chile,Park,Santiago Park 7,"Main Road, Santiago",Summer,3.8600000000000003,3.6767857142857143
1306,913,2024,2,Family,66,4.6,North America,USA,Las Vegas,Kyoto,Japan,Historical Site,Kyoto Historical Site 66,"Main Road, Kyoto",Winter,4.82,3.8181818181818183
1307,918,2022,4,Family,4,3.5,Asia,India,Mumbai,Buenos Aires,Argentina,Temple,Buenos Aires Temple 4,"Main Road, Buenos Aires",Spring,4.1,3.96
1308,728,2024,6,Friends,92,4.0,South America,Argentina,Buenos Aires,Queenstown,New Zealand,Museum,Queenstown Museum 92,"Main Road, Queenstown",Summer,3.725,4.0339285714285715
1309,207,2024,5,Family,18,3.8,Africa,Kenya,Mombasa,Madrid,Spain,Historical Site,Madrid Historical Site 18,"Main Road, Madrid",Spring,3.75,3.7285714285714286
1310,759,2025,6,Family,35,3.0,Europe,Italy,Venice,Paris,France,Beach,Paris Beach 35,"Main Road, Paris",Summer,4.2,3.728
1311,359,2025,5,Solo,9,2.8,Africa,South Africa,Cape Town,Nice,France,Adventure,Nice Adventure 9,"Main Road, Nice",Spring,3.9799999999999995,3.709803921568627
1312,55,2022,12,Business,87,4.1,North America,USA,New York,Vancouver,Canada,Park,Vancouver Park 87,"Main Road, Vancouver",Winter,4.057142857142857,3.881818181818182
1313,861,2025,9,Friends,88,4.6,Australia,New Zealand,Queenstown,Tokyo,Japan,Shopping,Tokyo Shopping 88,"Main Road, Tokyo",Autumn,4.25,3.901818181818182
1314,527,2024,1,Family,1,4.4,Europe,Spain,Barcelona,Berlin,Germany,Wildlife,Berlin Wildlife 1,"Main Road, Berlin",Winter,4.040000000000001,3.782051282051282
1315,713,2023,7,Family,29,3.2,Asia,Thailand,Pattaya,Santiago,Chile,Wildlife,Santiago Wildlife 29,"Main Road, Santiago",Summer,3.757142857142857,3.7943396226415094
1316,839,2024,6,Business,12,4.0,South America,Brazil,Sao Paulo,New York,USA,Historical Site,New York Historical Site 12,"Main Road, New York",Summer,3.75,3.8160714285714286
1317,51,2025,3,Solo,81,4.1,Australia,New Zealand,Auckland,Luxor,Egypt,Park,Luxor Park 81,"Main Road, Luxor",Spring,4.0600000000000005,3.8309090909090906
1318,481,2023,4,Friends,84,4.1,Africa,South Africa,Cape Town,Singapore,Singapore,Temple,Singapore Temple 84,"Main Road, Singapore",Spring,3.525,3.7846153846153845
1319,621,2023,1,Business,79,5.0,Asia,Singapore,Singapore,Mexico City,Mexico,Historical Site,Mexico City Historical Site 79,"Main Road, Mexico City",Winter,3.88,3.861224489795918
1320,966,2025,8,Couples,79,4.0,Australia,Australia,Melbourne,Mexico City,Mexico,Historical Site,Mexico City Historical Site 79,"Main Road, Mexico City",Summer,4.05,3.861224489795918
1321,266,2022,9,Couples,54,3.1,South America,Chile,Santiago,Rio de Janeiro,Brazil,Shopping,Rio de Janeiro Shopping 54,"Main Road, Rio de Janeiro",Autumn,3.7600000000000002,3.7326086956521736
1322,158,2023,10,Solo,44,3.6,Europe,France,Nice,Rio de Janeiro,Brazil,Temple,Rio de Janeiro Temple 44,"Main Road, Rio de Janeiro",Autumn,3.8200000000000003,3.825
1323,669,2025,3,Business,2,3.4,Asia,Japan,Tokyo,Sao Paulo,Brazil,Historical Site,Sao Paulo Historical Site 2,"Main Road, Sao Paulo",Spring,3.8857142857142857,3.727272727272727
1324,643,2023,12,Solo,80,3.9,Africa,Kenya,Mombasa,Nairobi,Kenya,Temple,Nairobi Temple 80,"Main Road, Nairobi",Winter,3.28,3.8166666666666664
1325,683,2024,4,Couples,62,3.7,Africa,Kenya,Nairobi,Buenos Aires,Argentina,Park,Buenos Aires Park 62,"Main Road, Buenos Aires",Spring,3.875,3.8065217391304347
1326,605,2022,7,Couples,44,3.0,North America,USA,Los Angeles,Rio de Janeiro,Brazil,Temple,Rio de Janeiro Temple 44,"Main Road, Rio de Janeiro",Summer,3.783333333333333,3.825
1327,670,2023,3,Solo,29,3.0,Australia,Australia,Sydney,Santiago,Chile,Wildlife,Santiago Wildlife 29,"Main Road, Santiago",Spring,3.6666666666666665,3.7943396226415094
1328,889,2022,9,Friends,73,3.8,South America,Chile,Santiago,Queenstown,New Zealand,Shopping,Queenstown Shopping 73,"Main Road, Queenstown",Autumn,3.966666666666667,3.7816666666666667
1329,463,2024,5,Couples,54,3.1,Australia,New Zealand,Queenstown,Rio de Janeiro,Brazil,Shopping,Rio de Janeiro Shopping 54,"Main Road, Rio de Janeiro",Spring,3.3428571428571425,3.7326086956521736
1330,468,2023,3,Couples,64,4.3,Asia,India,Jaipur,Madrid,Spain,Beach,Madrid Beach 64,"Main Road, Madrid",Spring,3.8600000000000003,3.8058823529411763
1331,264,2024,9,Friends,29,3.9,Asia,India,Goa,Santiago,Chile,Wildlife,Santiago Wildlife 29,"Main Road, Santiago",Autumn,3.6999999999999997,3.7943396226415094
1332,690,2023,2,Family,41,4.3,Europe,Germany,Munich,Vancouver,Canada,Beach,Vancouver Beach 41,"Main Road, Vancouver",Winter,4.199999999999999,3.7526315789473683
1333,435,2024,9,Friends,68,3.2,Australia,New Zealand,Queenstown,Toronto,Canada,Shopping,Toronto Shopping 68,"Main Road, Toronto",Autumn,3.1999999999999997,3.607142857142857
1334,651,2022,10,Business,93,4.6,Asia,India,Jaipur,Auckland,New Zealand,Adventure,Auckland Adventure 93,"Main Road, Auckland",Autumn,4.075,3.7888888888888888
1335,279,2025,4,Couples,56,3.8,Australia,New Zealand,Queenstown,Madrid,Spain,Historical Site,Madrid Historical Site 56,"Main Road, Madrid",Spring,3.8,3.892156862745098
1336,505,2025,1,Family,78,3.8,Africa,Egypt,Luxor,Santiago,Chile,Museum,Santiago Museum 78,"Main Road, Santiago",Winter,3.816666666666667,3.814814814814815
1337,675,2023,6,Family,72,4.5,South America,Brazil,Rio de Janeiro,Luxor,Egypt,Temple,Luxor Temple 72,"Main Road, Luxor",Summer,3.7600000000000002,3.696296296296296
1338,714,2024,4,Family,23,3.7,Africa,Egypt,Cairo,Los Angeles,USA,Adventure,Los Angeles Adventure 23,"Main Road, Los Angeles",Spring,4.08,3.919047619047619
1339,361,2024,2,Friends,52,3.9,Asia,Japan,Osaka,Mombasa,Kenya,Shopping,Mombasa Shopping 52,"Main Road, Mombasa",Winter,3.466666666666667,3.9035087719298245
1340,838,2025,12,Family,11,2.7,South America,Argentina,Buenos Aires,Pattaya,Thailand,Beach,Pattaya Beach 11,"Main Road, Pattaya",Winter,3.75,3.7121951219512193
1341,490,2022,5,Business,93,4.3,Australia,New Zealand,Auckland,Auckland,New Zealand,Adventure,Auckland Adventure 93,"Main Road, Auckland",Spring,3.957142857142857,3.7888888888888888
1342,522,2025,7,Solo,27,3.5,Europe,Spain,Barcelona,Nairobi,Kenya,Temple,Nairobi Temple 27,"Main Road, Nairobi",Summer,3.8000000000000003,3.6843137254901963
1343,192,2024,3,Family,26,4.0,Australia,New Zealand,Auckland,Rome,Italy,Temple,Rome Temple 26,"Main Road, Rome",Spring,3.6799999999999997,3.829310344827586
1344,35,2025,12,Business,65,3.4,Australia,Australia,Melbourne,Vancouver,Canada,Museum,Vancouver Museum 65,"Main Road, Vancouver",Winter,4.228571428571429,3.9294117647058826
1345,761,2022,9,Solo,83,4.5,Europe,Spain,Barcelona,Melbourne,Australia,Wildlife,Melbourne Wildlife 83,"Main Road, Melbourne",Autumn,3.942857142857143,3.851282051282051
1346,1,2023,8,Couples,51,4.2,South America,Brazil,Rio de Janeiro,Mexico City,Mexico,Temple,Mexico City Temple 51,"Main Road, Mexico City",Summer,4.125,3.861290322580645
1347,985,2025,7,Family,86,3.8,Australia,New Zealand,Queenstown,Cape Town,South Africa,Historical Site,Cape Town Historical Site 86,"Main Road, Cape Town",Summer,3.811111111111111,3.6799999999999997
1348,49,2022,4,Family,16,3.6,South America,Argentina,Buenos Aires,Sao Paulo,Brazil,Historical Site,Sao Paulo Historical Site 16,"Main Road, Sao Paulo",Spring,3.725,3.932758620689655
1349,354,2023,1,Friends,75,4.4,Europe,France,Nice,Vancouver,Canada,Park,Vancouver Park 75,"Main Road, Vancouver",Winter,4.0,3.861818181818182
1350,982,2023,12,Family,58,4.2,Europe,Germany,Berlin,Mumbai,India,Wildlife,Mumbai Wildlife 58,"Main Road, Mumbai",Winter,3.414285714285714,3.7518518518518515
1351,783,2022,9,Couples,42,3.5,Africa,Egypt,Cairo,Singapore,Singapore,Wildlife,Singapore Wildlife 42,"Main Road, Singapore",Autumn,3.533333333333333,3.706382978723404
1352,292,2025,4,Friends,73,3.5,South America,Argentina,Buenos Aires,Queenstown,New Zealand,Shopping,Queenstown Shopping 73,"Main Road, Queenstown",Spring,3.457142857142857,3.7816666666666667
1353,97,2023,10,Couples,95,3.3,Australia,New Zealand,Auckland,Singapore,Singapore,Park,Singapore Park 95,"Main Road, Singapore",Autumn,3.6666666666666665,3.819607843137255
1354,884,2023,10,Family,93,2.9,North America,USA,Los Angeles,Auckland,New Zealand,Adventure,Auckland Adventure 93,"Main Road, Auckland",Autumn,2.9,3.7888888888888888
1355,989,2025,10,Couples,3,5.0,Africa,South Africa,Johannesburg,Rio de Janeiro,Brazil,Adventure,Rio de Janeiro Adventure 3,"Main Road, Rio de Janeiro",Autumn,4.2,3.791111111111111
1356,747,2023,12,Couples,90,2.8,Asia,Singapore,Singapore,Nice,France,Temple,Nice Temple 90,"Main Road, Nice",Winter,3.8833333333333333,3.7215686274509805
1357,584,2025,7,Solo,68,2.9,North America,USA,New York,Toronto,Canada,Shopping,Toronto Shopping 68,"Main Road, Toronto",Summer,2.5999999999999996,3.607142857142857
1358,858,2023,10,Couples,50,3.6,North America,Mexico,Mexico City,Cancun,Mexico,Historical Site,Cancun Historical Site 50,"Main Road, Cancun",Autumn,3.8818181818181823,3.5078947368421054
1359,427,2022,6,Couples,42,3.2,North America,USA,Los Angeles,Singapore,Singapore,Wildlife,Singapore Wildlife 42,"Main Road, Singapore",Summer,3.84,3.706382978723404
1360,403,2023,9,Friends,16,4.6,Australia,Australia,Melbourne,Sao Paulo,Brazil,Historical Site,Sao Paulo Historical Site 16,"Main Road, Sao Paulo",Autumn,3.766666666666667,3.932758620689655
1361,407,2024,7,Friends,85,3.5,Africa,Egypt,Luxor,Rome,Italy,Historical Site,Rome Historical Site 85,"Main Road, Rome",Summer,3.783333333333333,3.8607843137254902
1362,393,2023,6,Solo,76,4.2,Asia,India,Mumbai,Tokyo,Japan,Temple,Tokyo Temple 76,"Main Road, Tokyo",Summer,4.2,3.817777777777778
1363,709,2025,6,Business,52,4.1,North America,Mexico,Mexico City,Mombasa,Kenya,Shopping,Mombasa Shopping 52,"Main Road, Mombasa",Summer,3.6,3.9035087719298245
1364,662,2023,10,Family,27,3.7,Asia,Thailand,Bangkok,Nairobi,Kenya,Temple,Nairobi Temple 27,"Main Road, Nairobi",Autumn,3.533333333333333,3.6843137254901963
1365,573,2023,6,Family,51,3.4,Australia,Australia,Sydney,Mexico City,Mexico,Temple,Mexico City Temple 51,"Main Road, Mexico City",Summer,4.1499999999999995,3.861290322580645
1366,891,2024,9,Couples,56,4.0,Australia,New Zealand,Queenstown,Madrid,Spain,Historical Site,Madrid Historical Site 56,"Main Road, Madrid",Autumn,3.8333333333333335,3.892156862745098
1367,946,2025,11,Solo,4,3.4,South America,Brazil,Sao Paulo,Buenos Aires,Argentina,Temple,Buenos Aires Temple 4,"Main Road, Buenos Aires",Autumn,3.233333333333333,3.96
1368,842,2025,6,Family,34,4.2,Africa,Egypt,Cairo,Mombasa,Kenya,Temple,Mombasa Temple 34,"Main Road, Mombasa",Summer,3.8428571428571425,3.764
1369,784,2022,3,Business,59,3.4,North America,Canada,Toronto,Melbourne,Australia,Museum,Melbourne Museum 59,"Main Road, Melbourne",Spring,3.975,3.853061224489796
1370,175,2024,6,Business,94,2.0,South America,Argentina,Buenos Aires,Melbourne,Australia,Temple,Melbourne Temple 94,"Main Road, Melbourne",Summer,3.0625,3.6732142857142853
1371,403,2024,11,Family,62,3.0,Australia,Australia,Melbourne,Buenos Aires,Argentina,Park,Buenos Aires Park 62,"Main Road, Buenos Aires",Autumn,3.766666666666667,3.8065217391304347
1372,915,2024,12,Solo,55,4.2,Australia,New Zealand,Auckland,Mumbai,India,Wildlife,Mumbai Wildlife 55,"Main Road, Mumbai",Winter,3.7,3.6921568627450982
1373,641,2022,3,Business,8,3.3,South America,Brazil,Rio de Janeiro,Las Vegas,USA,Museum,Las Vegas Museum 8,"Main Road, Las Vegas",Spring,4.0,3.716279069767442
1374,268,2025,7,Couples,33,3.0,North America,Canada,Vancouver,New York,USA,Historical Site,New York Historical Site 33,"Main Road, New York",Summer,3.15,3.8160000000000003
1375,957,2024,12,Business,10,3.3,Africa,South Africa,Cape Town,Toronto,Canada,Wildlife,Toronto Wildlife 10,"Main Road, Toronto",Winter,3.6,3.8257575757575757
1376,730,2025,8,Family,80,4.1,Africa,South Africa,Cape Town,Nairobi,Kenya,Temple,Nairobi Temple 80,"Main Road, Nairobi",Summer,3.84,3.8166666666666664
1377,416,2025,11,Friends,88,3.6,Europe,France,Paris,Tokyo,Japan,Shopping,Tokyo Shopping 88,"Main Road, Tokyo",Autumn,3.22,3.901818181818182
1378,346,2025,1,Business,81,3.2,North America,Mexico,Cancun,Luxor,Egypt,Park,Luxor Park 81,"Main Road, Luxor",Winter,3.9714285714285715,3.8309090909090906
1379,34,2025,4,Solo,10,3.2,Europe,Italy,Venice,Toronto,Canada,Wildlife,Toronto Wildlife 10,"Main Road, Toronto",Spring,4.1,3.8257575757575757
1380,282,2023,12,Friends,83,4.8,North America,USA,Las Vegas,Melbourne,Australia,Wildlife,Melbourne Wildlife 83,"Main Road, Melbourne",Winter,3.775,3.851282051282051
1381,317,2022,6,Couples,58,3.3,Europe,Italy,Milan,Mumbai,India,Wildlife,Mumbai Wildlife 58,"Main Road, Mumbai",Summer,3.66,3.7518518518518515
1382,474,2022,10,Solo,99,2.9,North America,USA,Los Angeles,Toronto,Canada,Adventure,Toronto Adventure 99,"Main Road, Toronto",Autumn,3.25,3.735416666666667
1383,847,2024,6,Business,86,4.0,Europe,Italy,Milan,Cape Town,South Africa,Historical Site,Cape Town Historical Site 86,"Main Road, Cape Town",Summer,4.014285714285714,3.6799999999999997
1384,765,2025,5,Friends,93,2.4,Australia,Australia,Sydney,Auckland,New Zealand,Adventure,Auckland Adventure 93,"Main Road, Auckland",Spring,3.6999999999999997,3.7888888888888888
1385,69,2025,6,Couples,62,4.5,South America,Argentina,Buenos Aires,Buenos Aires,Argentina,Park,Buenos Aires Park 62,"Main Road, Buenos Aires",Summer,3.9,3.8065217391304347
1386,792,2022,6,Friends,66,4.6,South America,Argentina,Buenos Aires,Kyoto,Japan,Historical Site,Kyoto Historical Site 66,"Main Road, Kyoto",Summer,3.644444444444444,3.8181818181818183
1387,899,2022,5,Business,37,4.7,Africa,Egypt,Luxor,Mumbai,India,Historical Site,Mumbai Historical Site 37,"Main Road, Mumbai",Spring,4.1,3.752173913043478
1388,412,2023,10,Family,94,3.5,Australia,Australia,Melbourne,Melbourne,Australia,Temple,Melbourne Temple 94,"Main Road, Melbourne",Autumn,3.888888888888889,3.6732142857142853
1389,929,2023,8,Couples,64,3.5,South America,Chile,Santiago,Madrid,Spain,Beach,Madrid Beach 64,"Main Road, Madrid",Summer,3.85,3.8058823529411763
1390,373,2023,11,Friends,56,3.2,Australia,Australia,Sydney,Madrid,Spain,Historical Site,Madrid Historical Site 56,"Main Road, Madrid",Autumn,3.9,3.892156862745098
1391,176,2025,3,Business,31,2.9,Australia,Australia,Melbourne,Queenstown,New Zealand,Historical Site,Queenstown Historical Site 31,"Main Road, Queenstown",Spring,3.9625,3.663157894736842
1392,304,2025,6,Friends,71,4.8,Africa,South Africa,Johannesburg,Rio de Janeiro,Brazil,Museum,Rio de Janeiro Museum 71,"Main Road, Rio de Janeiro",Summer,4.075,3.9066666666666667
1393,715,2022,10,Solo,71,3.1,South America,Argentina,Buenos Aires,Rio de Janeiro,Brazil,Museum,Rio de Janeiro Museum 71,"Main Road, Rio de Janeiro",Autumn,4.0,3.9066666666666667
1394,184,2022,9,Family,95,4.1,Australia,Australia,Sydney,Singapore,Singapore,Park,Singapore Park 95,"Main Road, Singapore",Autumn,3.1999999999999997,3.819607843137255
1395,930,2025,9,Business,45,4.4,North America,Canada,Toronto,Cairo,Egypt,Park,Cairo Park 45,"Main Road, Cairo",Autumn,3.966666666666667,3.852830188679245
1396,499,2022,12,Solo,11,4.2,Africa,Egypt,Cairo,Pattaya,Thailand,Beach,Pattaya Beach 11,"Main Road, Pattaya",Winter,3.585714285714286,3.7121951219512193
1397,810,2025,5,Solo,13,3.5,Australia,New Zealand,Auckland,Auckland,New Zealand,Wildlife,Auckland Wildlife 13,"Main Road, Auckland",Spring,4.0,3.8711864406779664
1398,69,2022,12,Friends,37,3.9,South America,Argentina,Buenos Aires,Mumbai,India,Historical Site,Mumbai Historical Site 37,"Main Road, Mumbai",Winter,3.9,3.752173913043478
1399,867,2023,2,Couples,40,3.8,North America,Canada,Toronto,Cape Town,South Africa,Museum,Cape Town Museum 40,"Main Road, Cape Town",Winter,3.4166666666666665,3.815909090909091
1400,190,2024,5,Business,86,3.5,Europe,France,Paris,Cape Town,South Africa,Historical Site,Cape Town Historical Site 86,"Main Road, Cape Town",Spring,3.266666666666667,3.6799999999999997
1401,812,2023,3,Couples,22,4.0,Europe,Spain,Barcelona,Melbourne,Australia,Adventure,Melbourne Adventure 22,"Main Road, Melbourne",Spring,4.225,3.8629629629629627
1402,682,2023,10,Family,82,1.9,Europe,Italy,Milan,Sydney,Australia,Temple,Sydney Temple 82,"Main Road, Sydney",Autumn,3.45,3.7333333333333334
1403,122,2024,7,Business,87,4.2,South America,Argentina,Buenos Aires,Vancouver,Canada,Park,Vancouver Park 87,"Main Road, Vancouver",Summer,3.78,3.881818181818182
1404,933,2022,3,Friends,94,2.4,Europe,Germany,Berlin,Melbourne,Australia,Temple,Melbourne Temple 94,"Main Road, Melbourne",Spring,3.5714285714285716,3.6732142857142853
1405,664,2025,8,Family,21,4.3,Europe,Germany,Munich,Luxor,Egypt,Temple,Luxor Temple 21,"Main Road, Luxor",Summer,3.6999999999999997,3.8267857142857147
1406,398,2023,4,Solo,42,4.8,Asia,Thailand,Pattaya,Singapore,Singapore,Wildlife,Singapore Wildlife 42,"Main Road, Singapore",Spring,4.433333333333334,3.706382978723404
1407,459,2023,5,Friends,17,4.0,South America,Brazil,Sao Paulo,Buenos Aires,Argentina,Wildlife,Buenos Aires Wildlife 17,"Main Road, Buenos Aires",Spring,3.533333333333333,3.9155555555555552
1408,731,2024,10,Solo,80,4.7,Australia,New Zealand,Queenstown,Nairobi,Kenya,Temple,Nairobi Temple 80,"Main Road, Nairobi",Autumn,3.78,3.8166666666666664
1409,31,2023,12,Solo,47,3.7,Europe,Germany,Munich,New York,USA,Historical Site,New York Historical Site 47,"Main Road, New York",Winter,3.5375,3.9181818181818184
1410,272,2025,9,Family,43,3.2,Europe,Germany,Munich,Cape Town,South Africa,Shopping,Cape Town Shopping 43,"Main Road, Cape Town",Autumn,3.875,3.772
1411,81,2025,6,Couples,12,3.7,Asia,Singapore,Singapore,New York,USA,Historical Site,New York Historical Site 12,"Main Road, New York",Summer,3.96,3.8160714285714286
1412,571,2022,8,Business,89,4.5,South America,Chile,Santiago,Sydney,Australia,Park,Sydney Park 89,"Main Road, Sydney",Summer,4.0181818181818185,3.811764705882353
1413,948,2023,5,Family,80,3.6,Europe,Spain,Barcelona,Nairobi,Kenya,Temple,Nairobi Temple 80,"Main Road, Nairobi",Spring,3.8666666666666667,3.8166666666666664
1414,348,2023,7,Business,81,4.9,North America,Canada,Vancouver,Luxor,Egypt,Park,Luxor Park 81,"Main Road, Luxor",Summer,3.7714285714285714,3.8309090909090906
1415,577,2025,9,Friends,93,2.5,Asia,India,Delhi,Auckland,New Zealand,Adventure,Auckland Adventure 93,"Main Road, Auckland",Autumn,3.56,3.7888888888888888
1416,554,2024,8,Family,11,4.7,Europe,Germany,Berlin,Pattaya,Thailand,Beach,Pattaya Beach 11,"Main Road, Pattaya",Summer,3.866666666666667,3.7121951219512193
1417,72,2022,8,Friends,18,3.5,Asia,Thailand,Phuket,Madrid,Spain,Historical Site,Madrid Historical Site 18,"Main Road, Madrid",Summer,3.7857142857142856,3.7285714285714286
1418,92,2025,12,Couples,22,4.3,Australia,New Zealand,Auckland,Melbourne,Australia,Adventure,Melbourne Adventure 22,"Main Road, Melbourne",Winter,3.9333333333333336,3.8629629629629627
1419,281,2023,7,Friends,51,2.5,Africa,Kenya,Nairobi,Mexico City,Mexico,Temple,Mexico City Temple 51,"Main Road, Mexico City",Summer,3.411111111111111,3.861290322580645
1420,221,2025,5,Family,24,4.5,Asia,Japan,Tokyo,Nairobi,Kenya,Museum,Nairobi Museum 24,"Main Road, Nairobi",Spring,3.985714285714286,3.8804878048780487
1421,170,2022,10,Couples,45,4.0,Europe,Germany,Berlin,Cairo,Egypt,Park,Cairo Park 45,"Main Road, Cairo",Autumn,3.4,3.852830188679245
1422,549,2023,7,Business,53,4.0,Africa,South Africa,Johannesburg,Milan,Italy,Shopping,Milan Shopping 53,"Main Road, Milan",Summer,4.34,3.685106382978723
1423,699,2025,3,Solo,1,4.3,South America,Chile,Santiago,Berlin,Germany,Wildlife,Berlin Wildlife 1,"Main Road, Berlin",Spring,3.744444444444445,3.782051282051282
1424,602,2024,12,Couples,52,4.3,North America,Canada,Toronto,Mombasa,Kenya,Shopping,Mombasa Shopping 52,"Main Road, Mombasa",Winter,4.16,3.9035087719298245
1425,875,2022,3,Couples,80,5.0,Asia,Singapore,Singapore,Nairobi,Kenya,Temple,Nairobi Temple 80,"Main Road, Nairobi",Spring,3.9285714285714284,3.8166666666666664
1426,26,2024,10,Couples,70,3.5,South America,Brazil,Sao Paulo,Sydney,Australia,Beach,Sydney Beach 70,"Main Road, Sydney",Autumn,3.25,3.7588235294117647
1427,51,2022,1,Business,5,3.8,Australia,New Zealand,Auckland,Santiago,Chile,Adventure,Santiago Adventure 5,"Main Road, Santiago",Winter,4.0600000000000005,3.691111111111111
1428,540,2022,3,Couples,78,2.6,Asia,Japan,Kyoto,Santiago,Chile,Museum,Santiago Museum 78,"Main Road, Santiago",Spring,3.0749999999999997,3.814814814814815
1429,767,2025,11,Couples,91,3.1,South America,Argentina,Buenos Aires,Singapore,Singapore,Historical Site,Singapore Historical Site 91,"Main Road, Singapore",Autumn,4.05,3.924137931034483
1430,701,2023,1,Family,44,5.0,Australia,Australia,Melbourne,Rio de Janeiro,Brazil,Temple,Rio de Janeiro Temple 44,"Main Road, Rio de Janeiro",Winter,3.783333333333333,3.825
1431,648,2023,1,Friends,48,3.3,Australia,Australia,Sydney,Nairobi,Kenya,Adventure,Nairobi Adventure 48,"Main Road, Nairobi",Winter,3.6333333333333333,3.845833333333333
1432,383,2022,9,Solo,55,4.0,Europe,Spain,Madrid,Mumbai,India,Wildlife,Mumbai Wildlife 55,"Main Road, Mumbai",Autumn,3.533333333333333,3.6921568627450982
1433,527,2023,3,Friends,57,4.3,Europe,Spain,Barcelona,Queenstown,New Zealand,Beach,Queenstown Beach 57,"Main Road, Queenstown",Spring,4.040000000000001,3.8095238095238093
1434,685,2025,1,Family,95,3.2,Australia,Australia,Sydney,Singapore,Singapore,Park,Singapore Park 95,"Main Road, Singapore",Winter,3.6999999999999997,3.819607843137255
1435,782,2022,5,Family,59,2.5,Europe,Spain,Barcelona,Melbourne,Australia,Museum,Melbourne Museum 59,"Main Road, Melbourne",Spring,3.45,3.853061224489796
1436,390,2022,12,Couples,55,3.9,Europe,Germany,Munich,Mumbai,India,Wildlife,Mumbai Wildlife 55,"Main Road, Mumbai",Winter,3.6166666666666667,3.6921568627450982
1437,12,2022,8,Friends,20,4.0,Asia,India,Jaipur,Vancouver,Canada,Wildlife,Vancouver Wildlife 20,"Main Road, Vancouver",Summer,3.7399999999999998,3.775
1438,999,2022,6,Family,47,5.0,Asia,India,Delhi,New York,USA,Historical Site,New York Historical Site 47,"Main Road, New York",Summer,4.333333333333333,3.9181818181818184
1439,521,2024,4,Friends,24,3.6,Asia,Singapore,Singapore,Nairobi,Kenya,Museum,Nairobi Museum 24,"Main Road, Nairobi",Spring,3.783333333333333,3.8804878048780487
1440,485,2023,12,Business,78,3.9,South America,Brazil,Sao Paulo,Santiago,Chile,Museum,Santiago Museum 78,"Main Road, Santiago",Winter,4.0,3.814814814814815
1441,573,2025,5,Solo,81,3.8,Australia,Australia,Sydney,Luxor,Egypt,Park,Luxor Park 81,"Main Road, Luxor",Spring,4.1499999999999995,3.8309090909090906
1442,391,2022,3,Family,65,3.9,North America,Mexico,Cancun,Vancouver,Canada,Museum,Vancouver Museum 65,"Main Road, Vancouver",Spring,4.25,3.9294117647058826
1443,847,2023,10,Friends,95,4.5,Europe,Italy,Milan,Singapore,Singapore,Park,Singapore Park 95,"Main Road, Singapore",Autumn,4.014285714285714,3.819607843137255
1444,785,2023,8,Couples,60,4.3,North America,USA,New York,Johannesburg,South Africa,Museum,Johannesburg Museum 60,"Main Road, Johannesburg",Summer,4.022222222222222,3.7857142857142856
1445,341,2023,11,Friends,51,3.0,Europe,Germany,Berlin,Mexico City,Mexico,Temple,Mexico City Temple 51,"Main Road, Mexico City",Autumn,3.6333333333333333,3.861290322580645
1446,560,2022,2,Couples,57,4.6,Europe,France,Paris,Queenstown,New Zealand,Beach,Queenstown Beach 57,"Main Road, Queenstown",Winter,3.8999999999999995,3.8095238095238093
1447,527,2022,3,Family,69,4.2,Europe,Spain,Barcelona,Johannesburg,South Africa,Shopping,Johannesburg Shopping 69,"Main Road, Johannesburg",Spring,4.040000000000001,3.818032786885246
1448,455,2023,8,Family,26,4.6,Australia,New Zealand,Auckland,Rome,Italy,Temple,Rome Temple 26,"Main Road, Rome",Summer,3.9166666666666665,3.829310344827586
1449,516,2024,5,Family,21,4.8,South America,Argentina,Buenos Aires,Luxor,Egypt,Temple,Luxor Temple 21,"Main Road, Luxor",Spring,3.8,3.8267857142857147
1450,185,2024,12,Business,42,4.0,North America,Canada,Toronto,Singapore,Singapore,Wildlife,Singapore Wildlife 42,"Main Road, Singapore",Winter,4.016666666666667,3.706382978723404
1451,324,2025,2,Solo,53,5.0,Europe,Italy,Venice,Milan,Italy,Shopping,Milan Shopping 53,"Main Road, Milan",Winter,3.883333333333333,3.685106382978723
1452,798,2024,8,Couples,88,4.4,Europe,Spain,Madrid,Tokyo,Japan,Shopping,Tokyo Shopping 88,"Main Road, Tokyo",Summer,3.9285714285714284,3.901818181818182
1453,550,2025,7,Couples,80,4.0,Europe,Germany,Berlin,Nairobi,Kenya,Temple,Nairobi Temple 80,"Main Road, Nairobi",Summer,3.7777777777777777,3.8166666666666664
1454,277,2023,10,Friends,15,3.3,Asia,Singapore,Singapore,Jaipur,India,Historical Site,Jaipur Historical Site 15,"Main Road, Jaipur",Autumn,3.733333333333333,3.8632653061224493
1455,527,2025,11,Couples,63,3.2,Europe,Spain,Barcelona,Madrid,Spain,Shopping,Madrid Shopping 63,"Main Road, Madrid",Autumn,4.040000000000001,3.8245283018867924
1456,969,2022,8,Friends,53,5.0,South America,Argentina,Buenos Aires,Milan,Italy,Shopping,Milan Shopping 53,"Main Road, Milan",Summer,4.033333333333333,3.685106382978723
1457,43,2022,10,Family,7,3.1,Asia,Singapore,Singapore,Santiago,Chile,Park,Santiago Park 7,"Main Road, Santiago",Autumn,3.5625,3.6767857142857143
1458,732,2022,6,Couples,80,3.4,North America,USA,New York,Nairobi,Kenya,Temple,Nairobi Temple 80,"Main Road, Nairobi",Summer,3.8000000000000003,3.8166666666666664
1459,255,2023,3,Solo,2,3.2,Asia,Japan,Kyoto,Sao Paulo,Brazil,Historical Site,Sao Paulo Historical Site 2,"Main Road, Sao Paulo",Spring,3.8333333333333335,3.727272727272727
1460,620,2022,4,Couples,69,3.0,Australia,Australia,Melbourne,Johannesburg,South Africa,Shopping,Johannesburg Shopping 69,"Main Road, Johannesburg",Spring,3.7,3.818032786885246
1461,594,2024,9,Business,83,4.1,Europe,Germany,Berlin,Melbourne,Australia,Wildlife,Melbourne Wildlife 83,"Main Road, Melbourne",Autumn,3.6999999999999997,3.851282051282051
1462,617,2024,3,Friends,69,3.5,North America,Mexico,Cancun,Johannesburg,South Africa,Shopping,Johannesburg Shopping 69,"Main Road, Johannesburg",Spring,3.2285714285714286,3.818032786885246
1463,259,2025,11,Business,4,2.9,Europe,Spain,Barcelona,Buenos Aires,Argentina,Temple,Buenos Aires Temple 4,"Main Road, Buenos Aires",Autumn,3.3833333333333333,3.96
1464,495,2022,10,Solo,26,2.6,Europe,France,Paris,Rome,Italy,Temple,Rome Temple 26,"Main Road, Rome",Autumn,3.4000000000000004,3.829310344827586
1465,266,2025,9,Family,72,3.0,South America,Chile,Santiago,Luxor,Egypt,Temple,Luxor Temple 72,"Main Road, Luxor",Autumn,3.7600000000000002,3.696296296296296
1466,330,2022,7,Solo,20,4.4,Africa,Egypt,Luxor,Vancouver,Canada,Wildlife,Vancouver Wildlife 20,"Main Road, Vancouver",Summer,4.0,3.775
1467,641,2023,3,Couples,2,3.8,South America,Brazil,Rio de Janeiro,Sao Paulo,Brazil,Historical Site,Sao Paulo Historical Site 2,"Main Road, Sao Paulo",Spring,4.0,3.727272727272727
1468,883,2025,12,Family,18,2.9,Europe,Italy,Rome,Madrid,Spain,Historical Site,Madrid Historical Site 18,"Main Road, Madrid",Winter,3.975,3.7285714285714286
1469,989,2025,10,Couples,89,4.6,Africa,South Africa,Johannesburg,Sydney,Australia,Park,Sydney Park 89,"Main Road, Sydney",Autumn,4.2,3.811764705882353
1470,278,2022,6,Family,93,4.6,Asia,Japan,Tokyo,Auckland,New Zealand,Adventure,Auckland Adventure 93,"Main Road, Auckland",Summer,3.84,3.7888888888888888
1471,803,2024,10,Family,67,3.6,North America,Canada,Vancouver,Auckland,New Zealand,Historical Site,Auckland Historical Site 67,"Main Road, Auckland",Autumn,3.8499999999999996,3.736842105263158
1472,280,2025,5,Family,77,4.4,Africa,Egypt,Cairo,Rome,Italy,Temple,Rome Temple 77,"Main Road, Rome",Spring,3.5,3.836734693877551
1473,457,2022,2,Couples,57,3.9,South America,Chile,Santiago,Queenstown,New Zealand,Beach,Queenstown Beach 57,"Main Road, Queenstown",Winter,3.8600000000000003,3.8095238095238093
1474,250,2022,11,Friends,12,4.3,Africa,Kenya,Mombasa,New York,USA,Historical Site,New York Historical Site 12,"Main Road, New York",Autumn,4.1,3.8160714285714286
1475,698,2023,2,Couples,44,5.0,South America,Argentina,Buenos Aires,Rio de Janeiro,Brazil,Temple,Rio de Janeiro Temple 44,"Main Road, Rio de Janeiro",Winter,4.220000000000001,3.825
1476,887,2025,10,Solo,90,2.2,South America,Brazil,Sao Paulo,Nice,France,Temple,Nice Temple 90,"Main Road, Nice",Autumn,3.56,3.7215686274509805
1477,35,2023,3,Business,83,5.0,Australia,Australia,Melbourne,Melbourne,Australia,Wildlife,Melbourne Wildlife 83,"Main Road, Melbourne",Spring,4.228571428571429,3.851282051282051
1478,522,2023,7,Couples,67,3.7,Europe,Spain,Barcelona,Auckland,New Zealand,Historical Site,Auckland Historical Site 67,"Main Road, Auckland",Summer,3.8000000000000003,3.736842105263158
1479,46,2025,10,Business,83,2.8,North America,USA,Los Angeles,Melbourne,Australia,Wildlife,Melbourne Wildlife 83,"Main Road, Melbourne",Autumn,3.375,3.851282051282051
1480,135,2025,10,Family,55,3.8,Australia,New Zealand,Auckland,Mumbai,India,Wildlife,Mumbai Wildlife 55,"Main Road, Mumbai",Autumn,4.166666666666667,3.6921568627450982
1481,849,2024,5,Solo,28,3.6,Africa,Kenya,Nairobi,Rio de Janeiro,Brazil,Beach,Rio de Janeiro Beach 28,"Main Road, Rio de Janeiro",Spring,3.9,3.7065217391304346
1482,306,2024,4,Family,28,4.5,Europe,Germany,Berlin,Rio de Janeiro,Brazil,Beach,Rio de Janeiro Beach 28,"Main Road, Rio de Janeiro",Spring,4.025,3.7065217391304346
1483,887,2023,1,Family,39,2.9,South America,Brazil,Sao Paulo,Munich,Germany,Shopping,Munich Shopping 39,"Main Road, Munich",Winter,3.56,3.965909090909091
1484,156,2023,1,Couples,74,4.4,Australia,Australia,Melbourne,Sydney,Australia,Historical Site,Sydney Historical Site 74,"Main Road, Sydney",Winter,3.2875,4.0487179487179485
1485,455,2025,12,Family,72,3.0,Australia,New Zealand,Auckland,Luxor,Egypt,Temple,Luxor Temple 72,"Main Road, Luxor",Winter,3.9166666666666665,3.696296296296296
1486,214,2022,11,Solo,37,3.3,Africa,South Africa,Cape Town,Mumbai,India,Historical Site,Mumbai Historical Site 37,"Main Road, Mumbai",Autumn,3.783333333333333,3.752173913043478
1487,86,2024,8,Family,94,5.0,Asia,Singapore,Singapore,Melbourne,Australia,Temple,Melbourne Temple 94,"Main Road, Melbourne",Summer,3.8000000000000003,3.6732142857142853
1488,560,2023,3,Friends,99,3.8,Europe,France,Paris,Toronto,Canada,Adventure,Toronto Adventure 99,"Main Road, Toronto",Spring,3.8999999999999995,3.735416666666667
1489,545,2022,12,Solo,44,2.4,Asia,Japan,Kyoto,Rio de Janeiro,Brazil,Temple,Rio de Janeiro Temple 44,"Main Road, Rio de Janeiro",Winter,3.25,3.825
1490,917,2024,12,Couples,2,3.8,Europe,Germany,Munich,Sao Paulo,Brazil,Historical Site,Sao Paulo Historical Site 2,"Main Road, Sao Paulo",Winter,3.8833333333333333,3.727272727272727
1491,204,2025,3,Family,44,3.4,South America,Brazil,Sao Paulo,Rio de Janeiro,Brazil,Temple,Rio de Janeiro Temple 44,"Main Road, Rio de Janeiro",Spring,3.9,3.825
1492,188,2022,11,Friends,11,3.0,Asia,Singapore,Singapore,Pattaya,Thailand,Beach,Pattaya Beach 11,"Main Road, Pattaya",Autumn,3.483333333333334,3.7121951219512193
1493,768,2025,4,Couples,72,3.8,South America,Argentina,Buenos Aires,Luxor,Egypt,Temple,Luxor Temple 72,"Main Road, Luxor",Spring,3.8333333333333335,3.696296296296296
1494,889,2025,5,Couples,43,3.9,South America,Chile,Santiago,Cape Town,South Africa,Shopping,Cape Town Shopping 43,"Main Road, Cape Town",Spring,3.966666666666667,3.772
1495,803,2023,2,Friends,23,3.9,North America,Canada,Vancouver,Los Angeles,USA,Adventure,Los Angeles Adventure 23,"Main Road, Los Angeles",Winter,3.8499999999999996,3.919047619047619
1496,932,2022,3,Solo,67,3.6,Asia,Japan,Tokyo,Auckland,New Zealand,Historical Site,Auckland Historical Site 67,"Main Road, Auckland",Spring,4.1,3.736842105263158
1497,851,2025,5,Couples,2,4.2,Asia,Thailand,Pattaya,Sao Paulo,Brazil,Historical Site,Sao Paulo Historical Site 2,"Main Road, Sao Paulo",Spring,3.814285714285714,3.727272727272727
1498,54,2024,4,Couples,74,4.1,Africa,South Africa,Johannesburg,Sydney,Australia,Historical Site,Sydney Historical Site 74,"Main Road, Sydney",Spring,3.716666666666667,4.0487179487179485
1499,703,2023,7,Business,25,4.0,Europe,Germany,Berlin,Cairo,Egypt,Temple,Cairo Temple 25,"Main Road, Cairo",Summer,4.1,3.595555555555556
1500,889,2024,6,Business,26,5.0,South America,Chile,Santiago,Rome,Italy,Temple,Rome Temple 26,"Main Road, Rome",Summer,3.966666666666667,3.829310344827586
1501,677,2022,9,Couples,77,3.2,North America,USA,New York,Rome,Italy,Temple,Rome Temple 77,"Main Road, Rome",Autumn,4.1625,3.836734693877551
1502,566,2025,7,Friends,86,3.2,Africa,Egypt,Cairo,Cape Town,South Africa,Historical Site,Cape Town Historical Site 86,"Main Road, Cape Town",Summer,3.766666666666667,3.6799999999999997
1503,144,2022,9,Couples,90,3.3,Africa,Kenya,Nairobi,Nice,France,Temple,Nice Temple 90,"Main Road, Nice",Autumn,3.1714285714285713,3.7215686274509805
1504,222,2025,10,Couples,52,4.6,Europe,Italy,Venice,Mombasa,Kenya,Shopping,Mombasa Shopping 52,"Main Road, Mombasa",Autumn,4.449999999999999,3.9035087719298245
1505,541,2024,8,Business,19,3.7,North America,Canada,Toronto,Auckland,New Zealand,Park,Auckland Park 19,"Main Road, Auckland",Summer,3.6999999999999997,3.689583333333333
1506,739,2023,5,Solo,96,3.7,Australia,New Zealand,Auckland,Cancun,Mexico,Adventure,Cancun Adventure 96,"Main Road, Cancun",Spring,3.4,3.5860000000000003
1507,160,2025,4,Couples,96,3.8,Australia,New Zealand,Auckland,Cancun,Mexico,Adventure,Cancun Adventure 96,"Main Road, Cancun",Spring,3.775,3.5860000000000003
1508,210,2023,3,Family,1,3.5,Africa,Egypt,Luxor,Berlin,Germany,Wildlife,Berlin Wildlife 1,"Main Road, Berlin",Spring,3.6624999999999996,3.782051282051282
1509,774,2023,8,Friends,50,4.8,Australia,Australia,Melbourne,Cancun,Mexico,Historical Site,Cancun Historical Site 50,"Main Road, Cancun",Summer,3.8666666666666667,3.5078947368421054
1510,808,2025,7,Family,34,3.5,Africa,Egypt,Luxor,Mombasa,Kenya,Temple,Mombasa Temple 34,"Main Road, Mombasa",Summer,3.75,3.764
1511,155,2023,12,Friends,78,4.3,Australia,New Zealand,Queenstown,Santiago,Chile,Museum,Santiago Museum 78,"Main Road, Santiago",Winter,3.6875,3.814814814814815
1512,420,2025,3,Couples,7,5.0,Asia,India,Delhi,Santiago,Chile,Park,Santiago Park 7,"Main Road, Santiago",Spring,4.029999999999999,3.6767857142857143
1513,536,2023,8,Business,86,3.5,Asia,Japan,Tokyo,Cape Town,South Africa,Historical Site,Cape Town Historical Site 86,"Main Road, Cape Town",Summer,3.8333333333333335,3.6799999999999997
1514,203,2022,6,Friends,32,4.3,Europe,Germany,Berlin,Buenos Aires,Argentina,Shopping,Buenos Aires Shopping 32,"Main Road, Buenos Aires",Summer,4.383333333333334,3.812244897959184
1515,309,2025,8,Friends,51,4.3,Australia,Australia,Sydney,Mexico City,Mexico,Temple,Mexico City Temple 51,"Main Road, Mexico City",Summer,3.6,3.861290322580645
1516,103,2024,5,Friends,64,3.8,Europe,Spain,Madrid,Madrid,Spain,Beach,Madrid Beach 64,"Main Road, Madrid",Spring,4.091666666666667,3.8058823529411763
1517,245,2022,4,Couples,49,3.7,Europe,Spain,Barcelona,Santiago,Chile,Historical Site,Santiago Historical Site 49,"Main Road, Santiago",Spring,3.38,3.8877551020408165
1518,706,2023,5,Solo,100,3.8,South America,Brazil,Sao Paulo,Mombasa,Kenya,Wildlife,Mombasa Wildlife 100,"Main Road, Mombasa",Spring,3.575,3.75
1519,786,2022,10,Solo,32,3.5,Australia,Australia,Sydney,Buenos Aires,Argentina,Shopping,Buenos Aires Shopping 32,"Main Road, Buenos Aires",Autumn,3.96,3.812244897959184
1520,265,2025,8,Couples,88,3.8,South America,Argentina,Buenos Aires,Tokyo,Japan,Shopping,Tokyo Shopping 88,"Main Road, Tokyo",Summer,3.6799999999999997,3.901818181818182
1521,531,2025,9,Family,63,4.2,Europe,Italy,Rome,Madrid,Spain,Shopping,Madrid Shopping 63,"Main Road, Madrid",Autumn,3.814285714285714,3.8245283018867924
1522,46,2024,5,Family,46,3.5,North America,USA,Los Angeles,Jaipur,India,Shopping,Jaipur Shopping 46,"Main Road, Jaipur",Spring,3.375,3.7113636363636364
1523,3,2022,7,Family,28,3.1,Europe,Spain,Madrid,Rio de Janeiro,Brazil,Beach,Rio de Janeiro Beach 28,"Main Road, Rio de Janeiro",Summer,3.857142857142857,3.7065217391304346
1524,114,2024,11,Family,5,4.3,Australia,New Zealand,Auckland,Santiago,Chile,Adventure,Santiago Adventure 5,"Main Road, Santiago",Autumn,4.066666666666666,3.691111111111111
1525,715,2024,10,Solo,59,4.1,South America,Argentina,Buenos Aires,Melbourne,Australia,Museum,Melbourne Museum 59,"Main Road, Melbourne",Autumn,4.0,3.853061224489796
1526,621,2022,1,Couples,89,3.5,Asia,Singapore,Singapore,Sydney,Australia,Park,Sydney Park 89,"Main Road, Sydney",Winter,3.88,3.811764705882353
1527,16,2023,8,Friends,44,3.1,Australia,Australia,Melbourne,Rio de Janeiro,Brazil,Temple,Rio de Janeiro Temple 44,"Main Road, Rio de Janeiro",Summer,3.9333333333333336,3.825
1528,824,2025,2,Couples,64,4.6,South America,Brazil,Rio de Janeiro,Madrid,Spain,Beach,Madrid Beach 64,"Main Road, Madrid",Winter,4.1,3.8058823529411763
1529,568,2025,7,Family,32,3.3,North America,Canada,Vancouver,Buenos Aires,Argentina,Shopping,Buenos Aires Shopping 32,"Main Road, Buenos Aires",Summer,3.72,3.812244897959184
1530,673,2022,7,Couples,87,3.8,Africa,Egypt,Cairo,Vancouver,Canada,Park,Vancouver Park 87,"Main Road, Vancouver",Summer,3.6,3.881818181818182
1531,898,2023,11,Business,13,4.2,North America,Canada,Vancouver,Auckland,New Zealand,Wildlife,Auckland Wildlife 13,"Main Road, Auckland",Autumn,3.65,3.8711864406779664
1532,78,2022,8,Business,30,2.3,Africa,Egypt,Cairo,Cape Town,South Africa,Museum,Cape Town Museum 30,"Main Road, Cape Town",Summer,3.22,3.811111111111111
1533,998,2023,2,Couples,26,4.8,North America,USA,Los Angeles,Rome,Italy,Temple,Rome Temple 26,"Main Road, Rome",Winter,3.84,3.829310344827586
1534,940,2024,11,Family,89,4.3,Africa,Kenya,Mombasa,Sydney,Australia,Park,Sydney Park 89,"Main Road, Sydney",Autumn,3.988888888888889,3.811764705882353
1535,272,2024,1,Business,38,4.6,Europe,Germany,Munich,Luxor,Egypt,Museum,Luxor Museum 38,"Main Road, Luxor",Winter,3.875,3.784313725490196
1536,638,2024,12,Family,60,4.0,Australia,New Zealand,Auckland,Johannesburg,South Africa,Museum,Johannesburg Museum 60,"Main Road, Johannesburg",Winter,3.8428571428571425,3.7857142857142856
1537,103,2023,6,Family,98,3.3,Europe,Spain,Madrid,Mombasa,Kenya,Adventure,Mombasa Adventure 98,"Main Road, Mombasa",Summer,4.091666666666667,4.017543859649122
1538,701,2025,1,Couples,8,4.0,Australia,Australia,Melbourne,Las Vegas,USA,Museum,Las Vegas Museum 8,"Main Road, Las Vegas",Winter,3.783333333333333,3.716279069767442
1539,463,2025,9,Solo,100,3.7,Australia,New Zealand,Queenstown,Mombasa,Kenya,Wildlife,Mombasa Wildlife 100,"Main Road, Mombasa",Autumn,3.3428571428571425,3.75
1540,439,2023,5,Solo,51,4.1,Africa,Kenya,Nairobi,Mexico City,Mexico,Temple,Mexico City Temple 51,"Main Road, Mexico City",Spring,4.1,3.861290322580645
1541,540,2022,7,Business,84,2.5,Asia,Japan,Kyoto,Singapore,Singapore,Temple,Singapore Temple 84,"Main Road, Singapore",Summer,3.0749999999999997,3.7846153846153845
1542,580,2023,6,Solo,98,4.3,North America,Mexico,Mexico City,Mombasa,Kenya,Adventure,Mombasa Adventure 98,"Main Road, Mombasa",Summer,3.814285714285714,4.017543859649122
1543,690,2023,12,Couples,87,4.8,Europe,Germany,Munich,Vancouver,Canada,Park,Vancouver Park 87,"Main Road, Vancouver",Winter,4.199999999999999,3.881818181818182
1544,949,2022,1,Family,25,4.7,South America,Brazil,Sao Paulo,Cairo,Egypt,Temple,Cairo Temple 25,"Main Road, Cairo",Winter,3.95,3.595555555555556
1545,759,2023,11,Family,38,4.5,Europe,Italy,Venice,Luxor,Egypt,Museum,Luxor Museum 38,"Main Road, Luxor",Autumn,4.2,3.784313725490196
1546,822,2022,4,Couples,30,4.9,Asia,India,Delhi,Cape Town,South Africa,Museum,Cape Town Museum 30,"Main Road, Cape Town",Spring,3.85,3.811111111111111
1547,492,2025,6,Friends,100,2.8,Africa,Egypt,Cairo,Mombasa,Kenya,Wildlife,Mombasa Wildlife 100,"Main Road, Mombasa",Summer,3.966666666666667,3.75
1548,201,2025,10,Family,89,3.3,Australia,New Zealand,Auckland,Sydney,Australia,Park,Sydney Park 89,"Main Road, Sydney",Autumn,3.425,3.811764705882353
1549,768,2025,3,Solo,12,4.0,South America,Argentina,Buenos Aires,New York,USA,Historical Site,New York Historical Site 12,"Main Road, New York",Spring,3.8333333333333335,3.8160714285714286
1550,897,2024,4,Family,29,4.7,Africa,Egypt,Luxor,Santiago,Chile,Wildlife,Santiago Wildlife 29,"Main Road, Santiago",Spring,3.966666666666667,3.7943396226415094
1551,784,2025,5,Couples,63,5.0,North America,Canada,Toronto,Madrid,Spain,Shopping,Madrid Shopping 63,"Main Road, Madrid",Spring,3.975,3.8245283018867924
1552,121,2023,6,Couples,79,3.9,South America,Argentina,Buenos Aires,Mexico City,Mexico,Historical Site,Mexico City Historical Site 79,"Main Road, Mexico City",Summer,4.116666666666666,3.861224489795918
1553,497,2022,11,Business,20,5.0,Asia,India,Goa,Vancouver,Canada,Wildlife,Vancouver Wildlife 20,"Main Road, Vancouver",Autumn,3.822222222222222,3.775
1554,385,2023,11,Friends,13,3.4,South America,Chile,Santiago,Auckland,New Zealand,Wildlife,Auckland Wildlife 13,"Main Road, Auckland",Autumn,3.8499999999999996,3.8711864406779664
1555,518,2023,3,Friends,97,4.2,North America,Mexico,Cancun,Los Angeles,USA,Historical Site,Los Angeles Historical Site 97,"Main Road, Los Angeles",Spring,4.35,3.661904761904762
1556,87,2025,3,Family,68,3.5,Asia,Thailand,Bangkok,Toronto,Canada,Shopping,Toronto Shopping 68,"Main Road, Toronto",Spring,3.45,3.607142857142857
1557,57,2025,8,Business,98,4.7,Australia,Australia,Sydney,Mombasa,Kenya,Adventure,Mombasa Adventure 98,"Main Road, Mombasa",Summer,3.4875,4.017543859649122
1558,758,2022,4,Family,19,3.1,Europe,Italy,Milan,Auckland,New Zealand,Park,Auckland Park 19,"Main Road, Auckland",Spring,3.925,3.689583333333333
1559,818,2023,1,Friends,80,3.7,North America,Canada,Toronto,Nairobi,Kenya,Temple,Nairobi Temple 80,"Main Road, Nairobi",Winter,4.0200000000000005,3.8166666666666664
1560,274,2025,12,Friends,66,3.0,Asia,Thailand,Bangkok,Kyoto,Japan,Historical Site,Kyoto Historical Site 66,"Main Road, Kyoto",Winter,3.825,3.8181818181818183
1561,822,2022,12,Solo,26,4.7,Asia,India,Delhi,Rome,Italy,Temple,Rome Temple 26,"Main Road, Rome",Winter,3.85,3.829310344827586
1562,695,2023,8,Family,54,3.8,South America,Chile,Santiago,Rio de Janeiro,Brazil,Shopping,Rio de Janeiro Shopping 54,"Main Road, Rio de Janeiro",Summer,3.6166666666666667,3.7326086956521736
1563,81,2025,6,Friends,18,4.3,Asia,Singapore,Singapore,Madrid,Spain,Historical Site,Madrid Historical Site 18,"Main Road, Madrid",Summer,3.96,3.7285714285714286
1564,911,2025,12,Friends,53,2.6,Australia,Australia,Melbourne,Milan,Italy,Shopping,Milan Shopping 53,"Main Road, Milan",Winter,3.66,3.685106382978723
1565,360,2023,6,Family,70,4.0,Europe,France,Paris,Sydney,Australia,Beach,Sydney Beach 70,"Main Road, Sydney",Summer,3.733333333333333,3.7588235294117647
1566,677,2023,3,Couples,43,4.1,North America,USA,New York,Cape Town,South Africa,Shopping,Cape Town Shopping 43,"Main Road, Cape Town",Spring,4.1625,3.772
1567,967,2025,12,Friends,34,3.2,Australia,New Zealand,Queenstown,Mombasa,Kenya,Temple,Mombasa Temple 34,"Main Road, Mombasa",Winter,3.8857142857142857,3.764
1568,855,2022,2,Friends,96,4.3,Asia,Singapore,Singapore,Cancun,Mexico,Adventure,Cancun Adventure 96,"Main Road, Cancun",Winter,3.5,3.5860000000000003
1569,303,2022,5,Family,58,4.0,Europe,Spain,Madrid,Mumbai,India,Wildlife,Mumbai Wildlife 58,"Main Road, Mumbai",Spring,3.775,3.7518518518518515
1570,755,2025,12,Business,21,4.1,Asia,India,Mumbai,Luxor,Egypt,Temple,Luxor Temple 21,"Main Road, Luxor",Winter,3.8,3.8267857142857147
1571,822,2025,8,Family,10,3.5,Asia,India,Delhi,Toronto,Canada,Wildlife,Toronto Wildlife 10,"Main Road, Toronto",Summer,3.85,3.8257575757575757
1572,251,2023,4,Friends,23,4.3,Australia,Australia,Melbourne,Los Angeles,USA,Adventure,Los Angeles Adventure 23,"Main Road, Los Angeles",Spring,3.7249999999999996,3.919047619047619
1573,582,2024,3,Business,28,3.4,Australia,New Zealand,Queenstown,Rio de Janeiro,Brazil,Beach,Rio de Janeiro Beach 28,"Main Road, Rio de Janeiro",Spring,3.8333333333333335,3.7065217391304346
1574,664,2022,1,Family,17,3.0,Europe,Germany,Munich,Buenos Aires,Argentina,Wildlife,Buenos Aires Wildlife 17,"Main Road, Buenos Aires",Winter,3.6999999999999997,3.9155555555555552
1575,633,2024,2,Family,60,2.4,Asia,Singapore,Singapore,Johannesburg,South Africa,Museum,Johannesburg Museum 60,"Main Road, Johannesburg",Winter,3.4499999999999997,3.7857142857142856
1576,321,2025,8,Family,27,5.0,South America,Argentina,Buenos Aires,Nairobi,Kenya,Temple,Nairobi Temple 27,"Main Road, Nairobi",Summer,3.96,3.6843137254901963
1577,403,2025,7,Solo,59,3.7,Australia,Australia,Melbourne,Melbourne,Australia,Museum,Melbourne Museum 59,"Main Road, Melbourne",Summer,3.766666666666667,3.853061224489796
1578,369,2022,1,Solo,39,4.5,Australia,New Zealand,Queenstown,Munich,Germany,Shopping,Munich Shopping 39,"Main Road, Munich",Winter,4.35,3.965909090909091
1579,267,2025,11,Friends,10,5.0,North America,USA,Los Angeles,Toronto,Canada,Wildlife,Toronto Wildlife 10,"Main Road, Toronto",Autumn,4.220000000000001,3.8257575757575757
1580,430,2023,12,Family,52,4.0,South America,Brazil,Sao Paulo,Mombasa,Kenya,Shopping,Mombasa Shopping 52,"Main Road, Mombasa",Winter,3.533333333333333,3.9035087719298245
1581,154,2023,11,Family,55,2.9,Europe,Spain,Barcelona,Mumbai,India,Wildlife,Mumbai Wildlife 55,"Main Road, Mumbai",Autumn,3.522222222222222,3.6921568627450982
1582,581,2023,5,Friends,74,3.5,Africa,South Africa,Johannesburg,Sydney,Australia,Historical Site,Sydney Historical Site 74,"Main Road, Sydney",Spring,4.0,4.0487179487179485
1583,899,2023,9,Business,95,4.1,Africa,Egypt,Luxor,Singapore,Singapore,Park,Singapore Park 95,"Main Road, Singapore",Autumn,4.1,3.819607843137255
1584,938,2023,4,Family,34,4.2,North America,Canada,Vancouver,Mombasa,Kenya,Temple,Mombasa Temple 34,"Main Road, Mombasa",Spring,3.7857142857142856,3.764
1585,173,2022,10,Couples,75,3.0,Africa,Kenya,Mombasa,Vancouver,Canada,Park,Vancouver Park 75,"Main Road, Vancouver",Autumn,4.0,3.861818181818182
1586,162,2023,2,Solo,73,3.3,Europe,Spain,Barcelona,Queenstown,New Zealand,Shopping,Queenstown Shopping 73,"Main Road, Queenstown",Winter,3.963636363636364,3.7816666666666667
1587,206,2022,12,Family,40,4.0,Europe,Italy,Venice,Cape Town,South Africa,Museum,Cape Town Museum 40,"Main Road, Cape Town",Winter,4.04,3.815909090909091
1588,328,2022,5,Couples,65,2.6,Australia,New Zealand,Auckland,Vancouver,Canada,Museum,Vancouver Museum 65,"Main Road, Vancouver",Spring,3.7333333333333334,3.9294117647058826
1589,901,2025,11,Family,24,4.5,South America,Chile,Santiago,Nairobi,Kenya,Museum,Nairobi Museum 24,"Main Road, Nairobi",Autumn,3.94,3.8804878048780487
1590,911,2025,8,Business,51,5.0,Australia,Australia,Melbourne,Mexico City,Mexico,Temple,Mexico City Temple 51,"Main Road, Mexico City",Summer,3.66,3.861290322580645
1591,515,2022,9,Business,65,4.6,South America,Brazil,Rio de Janeiro,Vancouver,Canada,Museum,Vancouver Museum 65,"Main Road, Vancouver",Autumn,3.8444444444444446,3.9294117647058826
1592,318,2022,9,Solo,13,4.5,Asia,India,Mumbai,Auckland,New Zealand,Wildlife,Auckland Wildlife 13,"Main Road, Auckland",Autumn,4.0,3.8711864406779664
1593,89,2025,4,Family,47,3.8,Africa,Egypt,Cairo,New York,USA,Historical Site,New York Historical Site 47,"Main Road, New York",Spring,3.54,3.9181818181818184
1594,134,2025,12,Family,27,4.7,Australia,New Zealand,Queenstown,Nairobi,Kenya,Temple,Nairobi Temple 27,"Main Road, Nairobi",Winter,3.9857142857142853,3.6843137254901963
1595,176,2023,1,Family,67,3.8,Australia,Australia,Melbourne,Auckland,New Zealand,Historical Site,Auckland Historical Site 67,"Main Road, Auckland",Winter,3.9625,3.736842105263158
1596,369,2023,6,Friends,67,4.5,Australia,New Zealand,Queenstown,Auckland,New Zealand,Historical Site,Auckland Historical Site 67,"Main Road, Auckland",Summer,4.35,3.736842105263158
1597,460,2022,10,Solo,54,3.7,North America,Mexico,Cancun,Rio de Janeiro,Brazil,Shopping,Rio de Janeiro Shopping 54,"Main Road, Rio de Janeiro",Autumn,3.45,3.7326086956521736
1598,288,2025,6,Family,75,3.3,Australia,New Zealand,Queenstown,Vancouver,Canada,Park,Vancouver Park 75,"Main Road, Vancouver",Summer,4.1571428571428575,3.861818181818182
1599,851,2025,6,Business,70,3.9,Asia,Thailand,Pattaya,Sydney,Australia,Beach,Sydney Beach 70,"Main Road, Sydney",Summer,3.814285714285714,3.7588235294117647
1600,545,2025,4,Solo,77,3.2,Asia,Japan,Kyoto,Rome,Italy,Temple,Rome Temple 77,"Main Road, Rome",Spring,3.25,3.836734693877551
1601,659,2025,11,Solo,43,4.8,North America,USA,New York,Cape Town,South Africa,Shopping,Cape Town Shopping 43,"Main Road, Cape Town",Autumn,3.75,3.772
1602,362,2024,4,Solo,3,3.3,Australia,Australia,Sydney,Rio de Janeiro,Brazil,Adventure,Rio de Janeiro Adventure 3,"Main Road, Rio de Janeiro",Spring,3.775,3.791111111111111
1603,176,2023,8,Couples,67,5.0,Australia,Australia,Melbourne,Auckland,New Zealand,Historical Site,Auckland Historical Site 67,"Main Road, Auckland",Summer,3.9625,3.736842105263158
1604,752,2023,3,Family,13,3.8,South America,Brazil,Sao Paulo,Auckland,New Zealand,Wildlife,Auckland Wildlife 13,"Main Road, Auckland",Spring,4.15,3.8711864406779664
1605,412,2023,2,Family,21,3.4,Australia,Australia,Melbourne,Luxor,Egypt,Temple,Luxor Temple 21,"Main Road, Luxor",Winter,3.888888888888889,3.8267857142857147
1606,526,2024,8,Family,89,3.2,Africa,Kenya,Nairobi,Sydney,Australia,Park,Sydney Park 89,"Main Road, Sydney",Summer,3.6,3.811764705882353
1607,279,2024,12,Couples,95,4.2,Australia,New Zealand,Queenstown,Singapore,Singapore,Park,Singapore Park 95,"Main Road, Singapore",Winter,3.8,3.819607843137255
1608,550,2024,9,Couples,83,4.3,Europe,Germany,Berlin,Melbourne,Australia,Wildlife,Melbourne Wildlife 83,"Main Road, Melbourne",Autumn,3.7777777777777777,3.851282051282051
1609,372,2022,11,Friends,87,4.6,North America,Mexico,Cancun,Vancouver,Canada,Park,Vancouver Park 87,"Main Road, Vancouver",Autumn,4.7,3.881818181818182
1610,128,2024,5,Solo,83,4.1,South America,Brazil,Sao Paulo,Melbourne,Australia,Wildlife,Melbourne Wildlife 83,"Main Road, Melbourne",Spring,4.2124999999999995,3.851282051282051
1611,506,2023,10,Friends,14,3.3,North America,Canada,Toronto,Sao Paulo,Brazil,Historical Site,Sao Paulo Historical Site 14,"Main Road, Sao Paulo",Autumn,3.5999999999999996,3.788235294117647
1612,846,2022,4,Couples,56,4.3,Australia,Australia,Melbourne,Madrid,Spain,Historical Site,Madrid Historical Site 56,"Main Road, Madrid",Spring,3.6999999999999997,3.892156862745098
1613,248,2024,4,Business,17,4.2,North America,USA,New York,Buenos Aires,Argentina,Wildlife,Buenos Aires Wildlife 17,"Main Road, Buenos Aires",Spring,3.6333333333333333,3.9155555555555552
1614,752,2022,10,Friends,62,3.7,South America,Brazil,Sao Paulo,Buenos Aires,Argentina,Park,Buenos Aires Park 62,"Main Road, Buenos Aires",Autumn,4.15,3.8065217391304347
1615,413,2025,12,Family,78,4.7,North America,Mexico,Mexico City,Santiago,Chile,Museum,Santiago Museum 78,"Main Road, Santiago",Winter,3.533333333333333,3.814814814814815
1616,397,2024,2,Family,46,4.2,Australia,Australia,Melbourne,Jaipur,India,Shopping,Jaipur Shopping 46,"Main Road, Jaipur",Winter,3.55,3.7113636363636364
1617,464,2023,9,Family,79,3.8,Australia,New Zealand,Queenstown,Mexico City,Mexico,Historical Site,Mexico City Historical Site 79,"Main Road, Mexico City",Autumn,3.4799999999999995,3.861224489795918
1618,972,2022,4,Friends,100,3.5,Asia,Thailand,Phuket,Mombasa,Kenya,Wildlife,Mombasa Wildlife 100,"Main Road, Mombasa",Spring,3.85,3.75
1619,149,2024,8,Business,27,4.2,South America,Brazil,Sao Paulo,Nairobi,Kenya,Temple,Nairobi Temple 27,"Main Road, Nairobi",Summer,3.675,3.6843137254901963
1620,322,2023,1,Couples,12,3.3,Asia,India,Goa,New York,USA,Historical Site,New York Historical Site 12,"Main Road, New York",Winter,3.733333333333333,3.8160714285714286
1621,580,2023,11,Family,37,3.9,North America,Mexico,Mexico City,Mumbai,India,Historical Site,Mumbai Historical Site 37,"Main Road, Mumbai",Autumn,3.814285714285714,3.752173913043478
1622,235,2024,1,Solo,56,4.4,Africa,South Africa,Cape Town,Madrid,Spain,Historical Site,Madrid Historical Site 56,"Main Road, Madrid",Winter,4.025,3.892156862745098
1623,941,2025,2,Family,27,4.0,Africa,Egypt,Luxor,Nairobi,Kenya,Temple,Nairobi Temple 27,"Main Road, Nairobi",Winter,4.25,3.6843137254901963
1624,899,2023,1,Solo,91,3.8,Africa,Egypt,Luxor,Singapore,Singapore,Historical Site,Singapore Historical Site 91,"Main Road, Singapore",Winter,4.1,3.924137931034483
1625,115,2023,6,Friends,7,4.5,Africa,South Africa,Cape Town,Santiago,Chile,Park,Santiago Park 7,"Main Road, Santiago",Summer,3.8000000000000003,3.6767857142857143
1626,555,2022,9,Couples,91,4.3,Africa,Kenya,Mombasa,Singapore,Singapore,Historical Site,Singapore Historical Site 91,"Main Road, Singapore",Autumn,3.783333333333333,3.924137931034483
1627,221,2025,5,Family,96,3.1,Asia,Japan,Tokyo,Cancun,Mexico,Adventure,Cancun Adventure 96,"Main Road, Cancun",Spring,3.985714285714286,3.5860000000000003
1628,568,2024,9,Family,93,4.7,North America,Canada,Vancouver,Auckland,New Zealand,Adventure,Auckland Adventure 93,"Main Road, Auckland",Autumn,3.72,3.7888888888888888
1629,131,2025,11,Family,90,3.6,North America,USA,New York,Nice,France,Temple,Nice Temple 90,"Main Road, Nice",Autumn,3.6,3.7215686274509805
1630,246,2024,11,Couples,16,4.3,Africa,Egypt,Cairo,Sao Paulo,Brazil,Historical Site,Sao Paulo Historical Site 16,"Main Road, Sao Paulo",Autumn,3.5799999999999996,3.932758620689655
1631,895,2022,10,Business,55,4.2,South America,Chile,Santiago,Mumbai,India,Wildlife,Mumbai Wildlife 55,"Main Road, Mumbai",Autumn,3.7714285714285714,3.6921568627450982
1632,876,2025,10,Friends,22,4.1,Europe,Spain,Madrid,Melbourne,Australia,Adventure,Melbourne Adventure 22,"Main Road, Melbourne",Autumn,3.3499999999999996,3.8629629629629627
1633,923,2024,9,Family,39,3.4,South America,Argentina,Buenos Aires,Munich,Germany,Shopping,Munich Shopping 39,"Main Road, Munich",Autumn,3.62,3.965909090909091
1634,467,2024,2,Friends,50,3.2,Africa,Kenya,Mombasa,Cancun,Mexico,Historical Site,Cancun Historical Site 50,"Main Road, Cancun",Winter,3.766666666666667,3.5078947368421054
1635,928,2025,7,Couples,96,3.7,Africa,South Africa,Cape Town,Cancun,Mexico,Adventure,Cancun Adventure 96,"Main Road, Cancun",Summer,3.6333333333333337,3.5860000000000003
1636,43,2023,11,Solo,51,3.7,Asia,Singapore,Singapore,Mexico City,Mexico,Temple,Mexico City Temple 51,"Main Road, Mexico City",Autumn,3.5625,3.861290322580645
1637,868,2022,3,Couples,63,2.5,Australia,New Zealand,Queenstown,Madrid,Spain,Shopping,Madrid Shopping 63,"Main Road, Madrid",Spring,4.0600000000000005,3.8245283018867924
1638,986,2025,7,Solo,71,4.6,Australia,New Zealand,Queenstown,Rio de Janeiro,Brazil,Museum,Rio de Janeiro Museum 71,"Main Road, Rio de Janeiro",Summer,3.957142857142857,3.9066666666666667
1639,67,2023,7,Business,10,4.9,Europe,France,Nice,Toronto,Canada,Wildlife,Toronto Wildlife 10,"Main Road, Toronto",Summer,4.633333333333334,3.8257575757575757
1640,697,2025,6,Couples,91,4.2,Australia,New Zealand,Queenstown,Singapore,Singapore,Historical Site,Singapore Historical Site 91,"Main Road, Singapore",Summer,3.725,3.924137931034483
1641,638,2023,1,Business,27,2.1,Australia,New Zealand,Auckland,Nairobi,Kenya,Temple,Nairobi Temple 27,"Main Road, Nairobi",Winter,3.8428571428571425,3.6843137254901963
1642,771,2024,12,Business,91,4.2,Australia,New Zealand,Auckland,Singapore,Singapore,Historical Site,Singapore Historical Site 91,"Main Road, Singapore",Winter,3.642857142857143,3.924137931034483
1643,927,2022,6,Business,10,3.6,Africa,Egypt,Luxor,Toronto,Canada,Wildlife,Toronto Wildlife 10,"Main Road, Toronto",Summer,3.3666666666666667,3.8257575757575757
1644,855,2022,6,Friends,76,3.7,Asia,Singapore,Singapore,Tokyo,Japan,Temple,Tokyo Temple 76,"Main Road, Tokyo",Summer,3.5,3.817777777777778
1645,881,2023,7,Family,49,3.9,Europe,Spain,Madrid,Santiago,Chile,Historical Site,Santiago Historical Site 49,"Main Road, Santiago",Summer,3.966666666666667,3.8877551020408165
1646,16,2023,6,Family,94,3.3,Australia,Australia,Melbourne,Melbourne,Australia,Temple,Melbourne Temple 94,"Main Road, Melbourne",Summer,3.9333333333333336,3.6732142857142853
1647,133,2024,2,Family,56,4.2,North America,Canada,Toronto,Madrid,Spain,Historical Site,Madrid Historical Site 56,"Main Road, Madrid",Winter,3.7625,3.892156862745098
1648,981,2024,5,Friends,60,3.7,South America,Brazil,Sao Paulo,Johannesburg,South Africa,Museum,Johannesburg Museum 60,"Main Road, Johannesburg",Spring,3.6,3.7857142857142856
1649,826,2023,5,Friends,20,4.2,Asia,Thailand,Bangkok,Vancouver,Canada,Wildlife,Vancouver Wildlife 20,"Main Road, Vancouver",Spring,4.0,3.775
1650,971,2022,6,Friends,54,3.2,Africa,Kenya,Mombasa,Rio de Janeiro,Brazil,Shopping,Rio de Janeiro Shopping 54,"Main Road, Rio de Janeiro",Summer,3.8833333333333333,3.7326086956521736
1651,304,2025,6,Business,54,3.4,Africa,South Africa,Johannesburg,Rio de Janeiro,Brazil,Shopping,Rio de Janeiro Shopping 54,"Main Road, Rio de Janeiro",Summer,4.075,3.7326086956521736
1652,852,2024,12,Solo,13,2.9,Europe,Spain,Barcelona,Auckland,New Zealand,Wildlife,Auckland Wildlife 13,"Main Road, Auckland",Winter,3.966666666666667,3.8711864406779664
1653,154,2023,4,Friends,53,3.6,Europe,Spain,Barcelona,Milan,Italy,Shopping,Milan Shopping 53,"Main Road, Milan",Spring,3.522222222222222,3.685106382978723
1654,16,2025,12,Business,91,4.2,Australia,Australia,Melbourne,Singapore,Singapore,Historical Site,Singapore Historical Site 91,"Main Road, Singapore",Winter,3.9333333333333336,3.924137931034483
1655,266,2024,5,Couples,25,3.4,South America,Chile,Santiago,Cairo,Egypt,Temple,Cairo Temple 25,"Main Road, Cairo",Spring,3.7600000000000002,3.595555555555556
1656,132,2023,4,Couples,68,5.0,South America,Chile,Santiago,Toronto,Canada,Shopping,Toronto Shopping 68,"Main Road, Toronto",Spring,3.9499999999999997,3.607142857142857
1657,30,2025,5,Family,45,3.4,Australia,New Zealand,Queenstown,Cairo,Egypt,Park,Cairo Park 45,"Main Road, Cairo",Spring,3.483333333333333,3.852830188679245
1658,584,2023,1,Couples,48,2.3,North America,USA,New York,Nairobi,Kenya,Adventure,Nairobi Adventure 48,"Main Road, Nairobi",Winter,2.5999999999999996,3.845833333333333
1659,230,2022,7,Solo,80,3.4,North America,USA,Las Vegas,Nairobi,Kenya,Temple,Nairobi Temple 80,"Main Road, Nairobi",Summer,3.8666666666666667,3.8166666666666664
1660,175,2025,12,Family,67,3.6,South America,Argentina,Buenos Aires,Auckland,New Zealand,Historical Site,Auckland Historical Site 67,"Main Road, Auckland",Winter,3.0625,3.736842105263158
1661,973,2024,6,Family,48,3.6,Africa,Kenya,Nairobi,Nairobi,Kenya,Adventure,Nairobi Adventure 48,"Main Road, Nairobi",Summer,3.4857142857142853,3.845833333333333
1662,511,2025,5,Couples,20,3.3,South America,Brazil,Sao Paulo,Vancouver,Canada,Wildlife,Vancouver Wildlife 20,"Main Road, Vancouver",Spring,3.9799999999999995,3.775
1663,220,2022,7,Couples,69,3.8,North America,Canada,Toronto,Johannesburg,South Africa,Shopping,Johannesburg Shopping 69,"Main Road, Johannesburg",Summer,4.12,3.818032786885246
1664,680,2023,12,Family,82,3.2,Africa,South Africa,Cape Town,Sydney,Australia,Temple,Sydney Temple 82,"Main Road, Sydney",Winter,3.783333333333333,3.7333333333333334
1665,878,2024,7,Business,38,3.9,Africa,Egypt,Cairo,Luxor,Egypt,Museum,Luxor Museum 38,"Main Road, Luxor",Summer,4.114285714285714,3.784313725490196
1666,812,2024,2,Friends,31,3.5,Europe,Spain,Barcelona,Queenstown,New Zealand,Historical Site,Queenstown Historical Site 31,"Main Road, Queenstown",Winter,4.225,3.663157894736842
1667,209,2024,4,Family,61,4.0,Europe,Germany,Berlin,Sydney,Australia,Shopping,Sydney Shopping 61,"Main Road, Sydney",Spring,3.7857142857142856,3.8000000000000003
1668,446,2025,7,Friends,13,5.0,South America,Chile,Santiago,Auckland,New Zealand,Wildlife,Auckland Wildlife 13,"Main Road, Auckland",Summer,3.942857142857143,3.8711864406779664
1669,53,2025,12,Solo,90,3.5,North America,USA,Las Vegas,Nice,France,Temple,Nice Temple 90,"Main Road, Nice",Winter,3.96,3.7215686274509805
1670,802,2023,4,Couples,87,3.1,Africa,South Africa,Cape Town,Vancouver,Canada,Park,Vancouver Park 87,"Main Road, Vancouver",Spring,3.6999999999999997,3.881818181818182
1671,35,2025,1,Family,75,4.7,Australia,Australia,Melbourne,Vancouver,Canada,Park,Vancouver Park 75,"Main Road, Vancouver",Winter,4.228571428571429,3.861818181818182
1672,999,2024,3,Couples,48,4.2,Asia,India,Delhi,Nairobi,Kenya,Adventure,Nairobi Adventure 48,"Main Road, Nairobi",Spring,4.333333333333333,3.845833333333333
1673,455,2025,2,Business,92,2.8,Australia,New Zealand,Auckland,Queenstown,New Zealand,Museum,Queenstown Museum 92,"Main Road, Queenstown",Winter,3.9166666666666665,4.0339285714285715
1674,474,2025,3,Business,76,2.5,North America,USA,Los Angeles,Tokyo,Japan,Temple,Tokyo Temple 76,"Main Road, Tokyo",Spring,3.25,3.817777777777778
1675,963,2023,2,Family,91,4.5,South America,Chile,Santiago,Singapore,Singapore,Historical Site,Singapore Historical Site 91,"Main Road, Singapore",Winter,3.9500000000000006,3.924137931034483
1676,426,2023,10,Friends,84,4.1,Australia,Australia,Melbourne,Singapore,Singapore,Temple,Singapore Temple 84,"Main Road, Singapore",Autumn,4.0,3.7846153846153845
1677,341,2024,4,Business,58,4.0,Europe,Germany,Berlin,Mumbai,India,Wildlife,Mumbai Wildlife 58,"Main Road, Mumbai",Spring,3.6333333333333333,3.7518518518518515
1678,958,2025,10,Family,91,5.0,Asia,Thailand,Phuket,Singapore,Singapore,Historical Site,Singapore Historical Site 91,"Main Road, Singapore",Autumn,3.8000000000000003,3.924137931034483
1679,474,2025,1,Friends,100,3.2,North America,USA,Los Angeles,Mombasa,Kenya,Wildlife,Mombasa Wildlife 100,"Main Road, Mombasa",Winter,3.25,3.75
1680,770,2024,12,Couples,65,3.7,North America,Canada,Vancouver,Vancouver,Canada,Museum,Vancouver Museum 65,"Main Road, Vancouver",Winter,3.3333333333333335,3.9294117647058826
1681,662,2024,1,Couples,18,2.6,Asia,Thailand,Bangkok,Madrid,Spain,Historical Site,Madrid Historical Site 18,"Main Road, Madrid",Winter,3.533333333333333,3.7285714285714286
1682,171,2022,2,Family,85,3.1,Australia,Australia,Sydney,Rome,Italy,Historical Site,Rome Historical Site 85,"Main Road, Rome",Winter,3.94,3.8607843137254902
1683,572,2024,6,Family,88,4.3,North America,Mexico,Cancun,Tokyo,Japan,Shopping,Tokyo Shopping 88,"Main Road, Tokyo",Summer,4.3,3.901818181818182
1684,578,2023,2,Couples,40,4.6,Africa,South Africa,Johannesburg,Cape Town,South Africa,Museum,Cape Town Museum 40,"Main Road, Cape Town",Winter,4.125,3.815909090909091
1685,237,2023,10,Business,87,3.8,Asia,India,Mumbai,Vancouver,Canada,Park,Vancouver Park 87,"Main Road, Vancouver",Autumn,3.914285714285714,3.881818181818182
1686,792,2024,9,Friends,34,4.4,South America,Argentina,Buenos Aires,Mombasa,Kenya,Temple,Mombasa Temple 34,"Main Road, Mombasa",Autumn,3.644444444444444,3.764
1687,818,2024,4,Couples,4,4.4,North America,Canada,Toronto,Buenos Aires,Argentina,Temple,Buenos Aires Temple 4,"Main Road, Buenos Aires",Spring,4.0200000000000005,3.96
1688,344,2024,11,Solo,28,4.5,Australia,Australia,Melbourne,Rio de Janeiro,Brazil,Beach,Rio de Janeiro Beach 28,"Main Road, Rio de Janeiro",Autumn,3.84,3.7065217391304346
1689,930,2022,6,Couples,81,3.7,North America,Canada,Toronto,Luxor,Egypt,Park,Luxor Park 81,"Main Road, Luxor",Summer,3.966666666666667,3.8309090909090906
1690,606,2024,9,Friends,47,4.3,North America,USA,Las Vegas,New York,USA,Historical Site,New York Historical Site 47,"Main Road, New York",Autumn,3.7600000000000002,3.9181818181818184
1691,899,2024,3,Family,32,3.0,Africa,Egypt,Luxor,Buenos Aires,Argentina,Shopping,Buenos Aires Shopping 32,"Main Road, Buenos Aires",Spring,4.1,3.812244897959184
1692,101,2024,2,Friends,66,3.5,South America,Chile,Santiago,Kyoto,Japan,Historical Site,Kyoto Historical Site 66,"Main Road, Kyoto",Winter,3.3000000000000003,3.8181818181818183
1693,599,2024,5,Solo,74,3.8,North America,Mexico,Cancun,Sydney,Australia,Historical Site,Sydney Historical Site 74,"Main Road, Sydney",Spring,3.7142857142857144,4.0487179487179485
1694,178,2025,8,Family,35,3.6,Africa,Egypt,Cairo,Paris,France,Beach,Paris Beach 35,"Main Road, Paris",Summer,3.8666666666666667,3.728
1695,202,2025,7,Couples,66,4.6,South America,Argentina,Buenos Aires,Kyoto,Japan,Historical Site,Kyoto Historical Site 66,"Main Road, Kyoto",Summer,3.9,3.8181818181818183
1696,369,2024,5,Family,29,4.3,Australia,New Zealand,Queenstown,Santiago,Chile,Wildlife,Santiago Wildlife 29,"Main Road, Santiago",Spring,4.35,3.7943396226415094
1697,353,2025,10,Friends,8,3.7,Africa,Kenya,Mombasa,Las Vegas,USA,Museum,Las Vegas Museum 8,"Main Road, Las Vegas",Autumn,3.975,3.716279069767442
1698,949,2023,3,Friends,39,4.3,South America,Brazil,Sao Paulo,Munich,Germany,Shopping,Munich Shopping 39,"Main Road, Munich",Spring,3.95,3.965909090909091
1699,21,2023,4,Couples,73,4.3,South America,Argentina,Buenos Aires,Queenstown,New Zealand,Shopping,Queenstown Shopping 73,"Main Road, Queenstown",Spring,4.15,3.7816666666666667
1700,605,2024,6,Friends,83,3.1,North America,USA,Los Angeles,Melbourne,Australia,Wildlife,Melbourne Wildlife 83,"Main Road, Melbourne",Summer,3.783333333333333,3.851282051282051
1701,333,2023,5,Family,26,3.8,Europe,Italy,Venice,Rome,Italy,Temple,Rome Temple 26,"Main Road, Rome",Spring,3.4166666666666665,3.829310344827586
1702,795,2025,2,Couples,71,3.0,Africa,Kenya,Mombasa,Rio de Janeiro,Brazil,Museum,Rio de Janeiro Museum 71,"Main Road, Rio de Janeiro",Winter,3.6,3.9066666666666667
1703,397,2025,9,Solo,81,2.1,Australia,Australia,Melbourne,Luxor,Egypt,Park,Luxor Park 81,"Main Road, Luxor",Autumn,3.55,3.8309090909090906
1704,175,2022,10,Couples,3,3.1,South America,Argentina,Buenos Aires,Rio de Janeiro,Brazil,Adventure,Rio de Janeiro Adventure 3,"Main Road, Rio de Janeiro",Autumn,3.0625,3.791111111111111
1705,547,2024,2,Friends,14,3.9,Europe,Italy,Rome,Sao Paulo,Brazil,Historical Site,Sao Paulo Historical Site 14,"Main Road, Sao Paulo",Winter,4.0,3.788235294117647
1706,452,2024,11,Family,36,3.7,Asia,Japan,Kyoto,Singapore,Singapore,Beach,Singapore Beach 36,"Main Road, Singapore",Autumn,3.7714285714285714,3.7410714285714284
1707,495,2024,5,Family,33,4.2,Europe,France,Paris,New York,USA,Historical Site,New York Historical Site 33,"Main Road, New York",Spring,3.4000000000000004,3.8160000000000003
1708,142,2025,12,Family,86,4.0,North America,USA,New York,Cape Town,South Africa,Historical Site,Cape Town Historical Site 86,"Main Road, Cape Town",Winter,4.32,3.6799999999999997
1709,10,2022,2,Couples,24,3.1,South America,Argentina,Buenos Aires,Nairobi,Kenya,Museum,Nairobi Museum 24,"Main Road, Nairobi",Winter,3.78,3.8804878048780487
1710,698,2023,5,Business,13,5.0,South America,Argentina,Buenos Aires,Auckland,New Zealand,Wildlife,Auckland Wildlife 13,"Main Road, Auckland",Spring,4.220000000000001,3.8711864406779664
1711,307,2024,4,Family,36,3.5,Asia,Thailand,Bangkok,Singapore,Singapore,Beach,Singapore Beach 36,"Main Road, Singapore",Spring,3.75,3.7410714285714284
1712,330,2025,5,Couples,50,4.0,Africa,Egypt,Luxor,Cancun,Mexico,Historical Site,Cancun Historical Site 50,"Main Road, Cancun",Spring,4.0,3.5078947368421054
1713,709,2025,9,Family,88,3.7,North America,Mexico,Mexico City,Tokyo,Japan,Shopping,Tokyo Shopping 88,"Main Road, Tokyo",Autumn,3.6,3.901818181818182
1714,75,2024,12,Couples,3,3.0,South America,Brazil,Rio de Janeiro,Rio de Janeiro,Brazil,Adventure,Rio de Janeiro Adventure 3,"Main Road, Rio de Janeiro",Winter,3.875,3.791111111111111
1715,741,2024,2,Friends,6,5.0,North America,USA,New York,Johannesburg,South Africa,Museum,Johannesburg Museum 6,"Main Road, Johannesburg",Winter,4.0,3.8461538461538463
1716,387,2023,4,Family,72,3.9,Asia,Singapore,Singapore,Luxor,Egypt,Temple,Luxor Temple 72,"Main Road, Luxor",Spring,3.6333333333333333,3.696296296296296
1717,735,2022,10,Couples,89,4.6,Asia,Japan,Kyoto,Sydney,Australia,Park,Sydney Park 89,"Main Road, Sydney",Autumn,4.4,3.811764705882353
1718,873,2025,5,Family,71,4.8,Australia,New Zealand,Auckland,Rio de Janeiro,Brazil,Museum,Rio de Janeiro Museum 71,"Main Road, Rio de Janeiro",Spring,4.275,3.9066666666666667
1719,642,2023,12,Family,99,4.2,Australia,Australia,Sydney,Toronto,Canada,Adventure,Toronto Adventure 99,"Main Road, Toronto",Winter,4.233333333333333,3.735416666666667
1720,59,2025,7,Solo,9,3.9,Europe,Italy,Rome,Nice,France,Adventure,Nice Adventure 9,"Main Road, Nice",Summer,3.585714285714286,3.709803921568627
1721,834,2024,8,Family,75,4.2,Asia,Thailand,Pattaya,Vancouver,Canada,Park,Vancouver Park 75,"Main Road, Vancouver",Summer,4.0600000000000005,3.861818181818182
1722,107,2022,5,Family,34,3.3,North America,USA,New York,Mombasa,Kenya,Temple,Mombasa Temple 34,"Main Road, Mombasa",Spring,3.314285714285714,3.764
1723,147,2024,2,Family,71,2.7,Africa,Egypt,Luxor,Rio de Janeiro,Brazil,Museum,Rio de Janeiro Museum 71,"Main Road, Rio de Janeiro",Winter,3.2,3.9066666666666667
1724,428,2023,4,Solo,9,4.7,South America,Chile,Santiago,Nice,France,Adventure,Nice Adventure 9,"Main Road, Nice",Spring,3.6999999999999997,3.709803921568627
1725,348,2025,9,Business,50,3.8,North America,Canada,Vancouver,Cancun,Mexico,Historical Site,Cancun Historical Site 50,"Main Road, Cancun",Autumn,3.7714285714285714,3.5078947368421054
1726,273,2025,2,Business,9,2.8,Africa,South Africa,Cape Town,Nice,France,Adventure,Nice Adventure 9,"Main Road, Nice",Winter,3.4799999999999995,3.709803921568627
1727,265,2025,6,Solo,30,3.7,South America,Argentina,Buenos Aires,Cape Town,South Africa,Museum,Cape Town Museum 30,"Main Road, Cape Town",Summer,3.6799999999999997,3.811111111111111
1728,483,2022,9,Couples,36,4.1,South America,Brazil,Rio de Janeiro,Singapore,Singapore,Beach,Singapore Beach 36,"Main Road, Singapore",Autumn,3.9666666666666663,3.7410714285714284
1729,644,2022,4,Family,78,3.1,North America,Canada,Toronto,Santiago,Chile,Museum,Santiago Museum 78,"Main Road, Santiago",Spring,3.8666666666666667,3.814814814814815
1730,141,2023,11,Couples,68,3.2,Africa,South Africa,Johannesburg,Toronto,Canada,Shopping,Toronto Shopping 68,"Main Road, Toronto",Autumn,3.9444444444444446,3.607142857142857
1731,504,2023,8,Business,14,4.3,Australia,Australia,Sydney,Sao Paulo,Brazil,Historical Site,Sao Paulo Historical Site 14,"Main Road, Sao Paulo",Summer,3.8200000000000003,3.788235294117647
1732,71,2022,3,Family,76,3.5,Europe,Spain,Barcelona,Tokyo,Japan,Temple,Tokyo Temple 76,"Main Road, Tokyo",Spring,3.34,3.817777777777778
1733,874,2024,10,Solo,100,3.9,Asia,India,Jaipur,Mombasa,Kenya,Wildlife,Mombasa Wildlife 100,"Main Road, Mombasa",Autumn,3.8333333333333335,3.75
1734,669,2023,10,Family,51,3.8,Asia,Japan,Tokyo,Mexico City,Mexico,Temple,Mexico City Temple 51,"Main Road, Mexico City",Autumn,3.8857142857142857,3.861290322580645
1735,16,2025,2,Family,65,4.4,Australia,Australia,Melbourne,Vancouver,Canada,Museum,Vancouver Museum 65,"Main Road, Vancouver",Winter,3.9333333333333336,3.9294117647058826
1736,32,2024,10,Family,80,3.2,Africa,South Africa,Johannesburg,Nairobi,Kenya,Temple,Nairobi Temple 80,"Main Road, Nairobi",Autumn,3.8200000000000003,3.8166666666666664
1737,618,2025,12,Family,63,3.5,Australia,New Zealand,Auckland,Madrid,Spain,Shopping,Madrid Shopping 63,"Main Road, Madrid",Winter,3.783333333333333,3.8245283018867924
1738,755,2023,12,Family,57,4.5,Asia,India,Mumbai,Queenstown,New Zealand,Beach,Queenstown Beach 57,"Main Road, Queenstown",Winter,3.8,3.8095238095238093
1739,854,2022,12,Family,26,3.8,Asia,Japan,Osaka,Rome,Italy,Temple,Rome Temple 26,"Main Road, Rome",Winter,3.8333333333333335,3.829310344827586
1740,910,2025,7,Couples,2,4.6,South America,Argentina,Buenos Aires,Sao Paulo,Brazil,Historical Site,Sao Paulo Historical Site 2,"Main Road, Sao Paulo",Summer,3.9749999999999996,3.727272727272727
1741,869,2025,9,Friends,33,2.8,Australia,Australia,Melbourne,New York,USA,Historical Site,New York Historical Site 33,"Main Road, New York",Autumn,3.483333333333333,3.8160000000000003
1742,743,2022,8,Friends,77,4.6,Europe,Italy,Milan,Rome,Italy,Temple,Rome Temple 77,"Main Road, Rome",Summer,3.65,3.836734693877551
1743,954,2022,3,Family,18,3.4,Australia,New Zealand,Queenstown,Madrid,Spain,Historical Site,Madrid Historical Site 18,"Main Road, Madrid",Spring,3.6875,3.7285714285714286
1744,215,2025,10,Friends,25,3.3,Africa,South Africa,Cape Town,Cairo,Egypt,Temple,Cairo Temple 25,"Main Road, Cairo",Autumn,3.725,3.595555555555556
1745,344,2023,1,Friends,66,4.2,Australia,Australia,Melbourne,Kyoto,Japan,Historical Site,Kyoto Historical Site 66,"Main Road, Kyoto",Winter,3.84,3.8181818181818183
1746,944,2024,10,Couples,40,3.8,South America,Brazil,Rio de Janeiro,Cape Town,South Africa,Museum,Cape Town Museum 40,"Main Road, Cape Town",Autumn,3.716666666666667,3.815909090909091
1747,935,2025,7,Couples,63,4.2,Europe,Italy,Rome,Madrid,Spain,Shopping,Madrid Shopping 63,"Main Road, Madrid",Summer,3.5,3.8245283018867924
1748,692,2022,10,Family,16,4.3,Australia,Australia,Melbourne,Sao Paulo,Brazil,Historical Site,Sao Paulo Historical Site 16,"Main Road, Sao Paulo",Autumn,3.9285714285714284,3.932758620689655
1749,794,2022,4,Family,28,2.1,South America,Argentina,Buenos Aires,Rio de Janeiro,Brazil,Beach,Rio de Janeiro Beach 28,"Main Road, Rio de Janeiro",Spring,3.46,3.7065217391304346
1750,122,2025,6,Solo,57,3.3,South America,Argentina,Buenos Aires,Queenstown,New Zealand,Beach,Queenstown Beach 57,"Main Road, Queenstown",Summer,3.78,3.8095238095238093
1751,569,2025,4,Couples,54,3.7,Australia,New Zealand,Auckland,Rio de Janeiro,Brazil,Shopping,Rio de Janeiro Shopping 54,"Main Road, Rio de Janeiro",Spring,3.6125000000000003,3.7326086956521736
1752,698,2023,6,Solo,98,4.9,South America,Argentina,Buenos Aires,Mombasa,Kenya,Adventure,Mombasa Adventure 98,"Main Road, Mombasa",Summer,4.220000000000001,4.017543859649122
1753,764,2023,5,Business,15,5.0,North America,Canada,Toronto,Jaipur,India,Historical Site,Jaipur Historical Site 15,"Main Road, Jaipur",Spring,3.9333333333333336,3.8632653061224493
1754,859,2025,12,Family,99,4.1,Australia,Australia,Melbourne,Toronto,Canada,Adventure,Toronto Adventure 99,"Main Road, Toronto",Winter,4.016666666666667,3.735416666666667
1755,1,2025,4,Friends,41,3.6,South America,Brazil,Rio de Janeiro,Vancouver,Canada,Beach,Vancouver Beach 41,"Main Road, Vancouver",Spring,4.125,3.7526315789473683
1756,151,2024,7,Business,60,3.6,Asia,Singapore,Singapore,Johannesburg,South Africa,Museum,Johannesburg Museum 60,"Main Road, Johannesburg",Summer,3.966666666666667,3.7857142857142856
1757,30,2022,7,Friends,89,3.1,Australia,New Zealand,Queenstown,Sydney,Australia,Park,Sydney Park 89,"Main Road, Sydney",Summer,3.483333333333333,3.811764705882353
1758,800,2025,4,Business,56,4.2,South America,Chile,Santiago,Madrid,Spain,Historical Site,Madrid Historical Site 56,"Main Road, Madrid",Spring,3.825,3.892156862745098
1759,916,2025,5,Business,79,3.8,Europe,France,Paris,Mexico City,Mexico,Historical Site,Mexico City Historical Site 79,"Main Road, Mexico City",Spring,3.95,3.861224489795918
1760,249,2023,3,Couples,94,4.4,Asia,Thailand,Bangkok,Melbourne,Australia,Temple,Melbourne Temple 94,"Main Road, Melbourne",Spring,4.075,3.6732142857142853
1761,852,2025,4,Couples,92,4.4,Europe,Spain,Barcelona,Queenstown,New Zealand,Museum,Queenstown Museum 92,"Main Road, Queenstown",Spring,3.966666666666667,4.0339285714285715
1762,297,2024,2,Family,52,4.2,South America,Brazil,Sao Paulo,Mombasa,Kenya,Shopping,Mombasa Shopping 52,"Main Road, Mombasa",Winter,3.78,3.9035087719298245
1763,646,2023,8,Family,74,5.0,Europe,Spain,Barcelona,Sydney,Australia,Historical Site,Sydney Historical Site 74,"Main Road, Sydney",Summer,4.433333333333334,4.0487179487179485
1764,999,2022,5,Couples,66,4.2,Asia,India,Delhi,Kyoto,Japan,Historical Site,Kyoto Historical Site 66,"Main Road, Kyoto",Spring,4.333333333333333,3.8181818181818183
1765,714,2024,2,Solo,43,4.3,Africa,Egypt,Cairo,Cape Town,South Africa,Shopping,Cape Town Shopping 43,"Main Road, Cape Town",Winter,4.08,3.772
1766,354,2023,5,Couples,35,4.1,Europe,France,Nice,Paris,France,Beach,Paris Beach 35,"Main Road, Paris",Spring,4.0,3.728
1767,895,2024,4,Family,87,3.3,South America,Chile,Santiago,Vancouver,Canada,Park,Vancouver Park 87,"Main Road, Vancouver",Spring,3.7714285714285714,3.881818181818182
1768,913,2023,3,Couples,19,5.0,North America,USA,Las Vegas,Auckland,New Zealand,Park,Auckland Park 19,"Main Road, Auckland",Spring,4.82,3.689583333333333
1769,494,2025,7,Family,47,3.6,Australia,New Zealand,Queenstown,New York,USA,Historical Site,New York Historical Site 47,"Main Road, New York",Summer,3.283333333333333,3.9181818181818184
1770,29,2025,1,Solo,70,2.4,South America,Argentina,Buenos Aires,Sydney,Australia,Beach,Sydney Beach 70,"Main Road, Sydney",Winter,3.5599999999999996,3.7588235294117647
1771,920,2023,9,Couples,57,3.4,Africa,Kenya,Mombasa,Queenstown,New Zealand,Beach,Queenstown Beach 57,"Main Road, Queenstown",Autumn,3.6333333333333333,3.8095238095238093
1772,548,2025,11,Family,37,2.9,Africa,Kenya,Nairobi,Mumbai,India,Historical Site,Mumbai Historical Site 37,"Main Road, Mumbai",Autumn,4.3,3.752173913043478
1773,159,2023,1,Couples,73,4.3,Asia,India,Jaipur,Queenstown,New Zealand,Shopping,Queenstown Shopping 73,"Main Road, Queenstown",Winter,3.8666666666666667,3.7816666666666667
1774,302,2023,11,Family,59,4.9,Europe,Italy,Venice,Melbourne,Australia,Museum,Melbourne Museum 59,"Main Road, Melbourne",Autumn,3.9555555555555557,3.853061224489796
1775,120,2023,5,Business,56,3.3,Asia,Singapore,Singapore,Madrid,Spain,Historical Site,Madrid Historical Site 56,"Main Road, Madrid",Spring,3.6999999999999997,3.892156862745098
1776,648,2025,8,Business,8,3.4,Australia,Australia,Sydney,Las Vegas,USA,Museum,Las Vegas Museum 8,"Main Road, Las Vegas",Summer,3.6333333333333333,3.716279069767442
1777,763,2022,7,Family,16,3.3,North America,USA,Las Vegas,Sao Paulo,Brazil,Historical Site,Sao Paulo Historical Site 16,"Main Road, Sao Paulo",Summer,3.533333333333333,3.932758620689655
1778,753,2025,2,Solo,27,3.2,Europe,Germany,Berlin,Nairobi,Kenya,Temple,Nairobi Temple 27,"Main Road, Nairobi",Winter,3.5999999999999996,3.6843137254901963
1779,993,2025,3,Solo,26,4.2,Asia,India,Mumbai,Rome,Italy,Temple,Rome Temple 26,"Main Road, Rome",Spring,3.975,3.829310344827586
1780,8,2022,1,Business,38,2.6,Australia,New Zealand,Queenstown,Luxor,Egypt,Museum,Luxor Museum 38,"Main Road, Luxor",Winter,3.7,3.784313725490196
1781,579,2023,8,Family,46,3.6,Europe,France,Paris,Jaipur,India,Shopping,Jaipur Shopping 46,"Main Road, Jaipur",Summer,3.857142857142857,3.7113636363636364
1782,39,2024,4,Solo,92,3.2,South America,Brazil,Rio de Janeiro,Queenstown,New Zealand,Museum,Queenstown Museum 92,"Main Road, Queenstown",Spring,3.85,4.0339285714285715
1783,77,2024,5,Family,84,3.0,North America,USA,Los Angeles,Singapore,Singapore,Temple,Singapore Temple 84,"Main Road, Singapore",Spring,4.2375,3.7846153846153845
1784,378,2023,3,Couples,54,3.8,South America,Argentina,Buenos Aires,Rio de Janeiro,Brazil,Shopping,Rio de Janeiro Shopping 54,"Main Road, Rio de Janeiro",Spring,3.6454545454545455,3.7326086956521736
1785,857,2025,7,Family,18,3.4,South America,Brazil,Rio de Janeiro,Madrid,Spain,Historical Site,Madrid Historical Site 18,"Main Road, Madrid",Summer,3.7600000000000002,3.7285714285714286
1786,653,2023,4,Friends,16,3.5,Europe,Italy,Rome,Sao Paulo,Brazil,Historical Site,Sao Paulo Historical Site 16,"Main Road, Sao Paulo",Spring,3.5,3.932758620689655
1787,578,2024,7,Solo,99,4.2,Africa,South Africa,Johannesburg,Toronto,Canada,Adventure,Toronto Adventure 99,"Main Road, Toronto",Summer,4.125,3.735416666666667
1788,14,2023,3,Couples,4,4.6,South America,Chile,Santiago,Buenos Aires,Argentina,Temple,Buenos Aires Temple 4,"Main Road, Buenos Aires",Spring,4.5,3.96
1789,740,2024,7,Business,34,3.8,Africa,Kenya,Mombasa,Mombasa,Kenya,Temple,Mombasa Temple 34,"Main Road, Mombasa",Summer,3.857142857142857,3.764
1790,409,2024,8,Family,60,4.0,South America,Brazil,Sao Paulo,Johannesburg,South Africa,Museum,Johannesburg Museum 60,"Main Road, Johannesburg",Summer,3.6799999999999997,3.7857142857142856
1791,142,2023,6,Friends,54,4.8,North America,USA,New York,Rio de Janeiro,Brazil,Shopping,Rio de Janeiro Shopping 54,"Main Road, Rio de Janeiro",Summer,4.32,3.7326086956521736
1792,465,2025,7,Couples,80,3.5,Europe,Italy,Milan,Nairobi,Kenya,Temple,Nairobi Temple 80,"Main Road, Nairobi",Summer,4.266666666666667,3.8166666666666664
1793,124,2024,4,Couples,73,4.9,North America,USA,New York,Queenstown,New Zealand,Shopping,Queenstown Shopping 73,"Main Road, Queenstown",Spring,3.4200000000000004,3.7816666666666667
1794,561,2022,2,Solo,100,4.3,Europe,France,Nice,Mombasa,Kenya,Wildlife,Mombasa Wildlife 100,"Main Road, Mombasa",Winter,3.56,3.75
1795,98,2022,7,Couples,72,3.1,Asia,India,Goa,Luxor,Egypt,Temple,Luxor Temple 72,"Main Road, Luxor",Summer,3.6399999999999997,3.696296296296296
1796,948,2022,3,Couples,23,4.3,Europe,Spain,Barcelona,Los Angeles,USA,Adventure,Los Angeles Adventure 23,"Main Road, Los Angeles",Spring,3.8666666666666667,3.919047619047619
1797,801,2022,3,Couples,46,3.8,Africa,Kenya,Mombasa,Jaipur,India,Shopping,Jaipur Shopping 46,"Main Road, Jaipur",Spring,3.9333333333333336,3.7113636363636364
1798,322,2022,2,Friends,39,3.6,Asia,India,Goa,Munich,Germany,Shopping,Munich Shopping 39,"Main Road, Munich",Winter,3.733333333333333,3.965909090909091
1799,443,2022,8,Business,32,3.2,North America,Mexico,Cancun,Buenos Aires,Argentina,Shopping,Buenos Aires Shopping 32,"Main Road, Buenos Aires",Summer,3.525,3.812244897959184
1800,722,2025,9,Family,64,5.0,Africa,South Africa,Cape Town,Madrid,Spain,Beach,Madrid Beach 64,"Main Road, Madrid",Autumn,4.414285714285714,3.8058823529411763
1801,41,2025,4,Family,100,4.2,Asia,India,Jaipur,Mombasa,Kenya,Wildlife,Mombasa Wildlife 100,"Main Road, Mombasa",Spring,3.75,3.75
1802,671,2024,10,Couples,88,4.5,Europe,Spain,Barcelona,Tokyo,Japan,Shopping,Tokyo Shopping 88,"Main Road, Tokyo",Autumn,4.8,3.901818181818182
1803,136,2022,12,Couples,55,3.8,North America,Canada,Vancouver,Mumbai,India,Wildlife,Mumbai Wildlife 55,"Main Road, Mumbai",Winter,3.6,3.6921568627450982
1804,295,2022,6,Family,15,4.6,Australia,Australia,Sydney,Jaipur,India,Historical Site,Jaipur Historical Site 15,"Main Road, Jaipur",Summer,3.7,3.8632653061224493
1805,728,2025,5,Couples,72,3.1,South America,Argentina,Buenos Aires,Luxor,Egypt,Temple,Luxor Temple 72,"Main Road, Luxor",Spring,3.725,3.696296296296296
1806,201,2025,7,Friends,99,2.4,Australia,New Zealand,Auckland,Toronto,Canada,Adventure,Toronto Adventure 99,"Main Road, Toronto",Summer,3.425,3.735416666666667
1807,595,2023,11,Business,48,3.2,Asia,Thailand,Phuket,Nairobi,Kenya,Adventure,Nairobi Adventure 48,"Main Road, Nairobi",Autumn,3.7285714285714286,3.845833333333333
1808,834,2025,6,Family,64,5.0,Asia,Thailand,Pattaya,Madrid,Spain,Beach,Madrid Beach 64,"Main Road, Madrid",Summer,4.0600000000000005,3.8058823529411763
1809,768,2022,6,Family,73,3.9,South America,Argentina,Buenos Aires,Queenstown,New Zealand,Shopping,Queenstown Shopping 73,"Main Road, Queenstown",Summer,3.8333333333333335,3.7816666666666667
1810,967,2025,6,Friends,75,4.6,Australia,New Zealand,Queenstown,Vancouver,Canada,Park,Vancouver Park 75,"Main Road, Vancouver",Summer,3.8857142857142857,3.861818181818182
1811,627,2023,12,Couples,39,3.6,Africa,Kenya,Mombasa,Munich,Germany,Shopping,Munich Shopping 39,"Main Road, Munich",Winter,3.95,3.965909090909091
1812,803,2024,4,Business,51,4.3,North America,Canada,Vancouver,Mexico City,Mexico,Temple,Mexico City Temple 51,"Main Road, Mexico City",Spring,3.8499999999999996,3.861290322580645
1813,985,2023,5,Couples,13,4.5,Australia,New Zealand,Queenstown,Auckland,New Zealand,Wildlife,Auckland Wildlife 13,"Main Road, Auckland",Spring,3.811111111111111,3.8711864406779664
1814,787,2024,2,Family,23,4.4,Asia,Thailand,Bangkok,Los Angeles,USA,Adventure,Los Angeles Adventure 23,"Main Road, Los Angeles",Winter,3.6555555555555554,3.919047619047619
1815,99,2023,5,Solo,51,4.4,North America,Canada,Vancouver,Mexico City,Mexico,Temple,Mexico City Temple 51,"Main Road, Mexico City",Spring,3.9142857142857146,3.861290322580645
1816,239,2022,5,Family,88,4.7,Africa,South Africa,Cape Town,Tokyo,Japan,Shopping,Tokyo Shopping 88,"Main Road, Tokyo",Spring,3.8857142857142857,3.901818181818182
1817,561,2024,8,Solo,38,3.8,Europe,France,Nice,Luxor,Egypt,Museum,Luxor Museum 38,"Main Road, Luxor",Summer,3.56,3.784313725490196
1818,852,2022,2,Couples,33,5.0,Europe,Spain,Barcelona,New York,USA,Historical Site,New York Historical Site 33,"Main Road, New York",Winter,3.966666666666667,3.8160000000000003
1819,106,2022,8,Solo,3,4.0,Europe,Germany,Berlin,Rio de Janeiro,Brazil,Adventure,Rio de Janeiro Adventure 3,"Main Road, Rio de Janeiro",Summer,3.35,3.791111111111111
1820,2,2022,1,Couples,50,4.5,North America,USA,New York,Cancun,Mexico,Historical Site,Cancun Historical Site 50,"Main Road, Cancun",Winter,3.825,3.5078947368421054
1821,180,2022,8,Solo,85,4.8,Africa,Kenya,Nairobi,Rome,Italy,Historical Site,Rome Historical Site 85,"Main Road, Rome",Summer,4.0,3.8607843137254902
1822,813,2024,2,Family,44,3.7,Asia,Thailand,Bangkok,Rio de Janeiro,Brazil,Temple,Rio de Janeiro Temple 44,"Main Road, Rio de Janeiro",Winter,3.5625,3.825
1823,281,2024,12,Couples,27,2.3,Africa,Kenya,Nairobi,Nairobi,Kenya,Temple,Nairobi Temple 27,"Main Road, Nairobi",Winter,3.411111111111111,3.6843137254901963
1824,659,2022,9,Couples,6,3.9,North America,USA,New York,Johannesburg,South Africa,Museum,Johannesburg Museum 6,"Main Road, Johannesburg",Autumn,3.75,3.8461538461538463
1825,933,2022,9,Business,27,3.1,Europe,Germany,Berlin,Nairobi,Kenya,Temple,Nairobi Temple 27,"Main Road, Nairobi",Autumn,3.5714285714285716,3.6843137254901963
1826,245,2023,2,Solo,44,4.4,Europe,Spain,Barcelona,Rio de Janeiro,Brazil,Temple,Rio de Janeiro Temple 44,"Main Road, Rio de Janeiro",Winter,3.38,3.825
1827,386,2023,6,Couples,56,3.3,Australia,New Zealand,Auckland,Madrid,Spain,Historical Site,Madrid Historical Site 56,"Main Road, Madrid",Summer,3.233333333333333,3.892156862745098
1828,525,2025,1,Friends,71,3.2,South America,Brazil,Sao Paulo,Rio de Janeiro,Brazil,Museum,Rio de Janeiro Museum 71,"Main Road, Rio de Janeiro",Winter,3.5833333333333335,3.9066666666666667
1829,651,2025,3,Solo,70,4.6,Asia,India,Jaipur,Sydney,Australia,Beach,Sydney Beach 70,"Main Road, Sydney",Spring,4.075,3.7588235294117647
1830,987,2024,5,Friends,42,3.4,North America,Mexico,Mexico City,Singapore,Singapore,Wildlife,Singapore Wildlife 42,"Main Road, Singapore",Spring,3.4,3.706382978723404
1831,873,2025,10,Family,27,3.9,Australia,New Zealand,Auckland,Nairobi,Kenya,Temple,Nairobi Temple 27,"Main Road, Nairobi",Autumn,4.275,3.6843137254901963
1832,502,2025,10,Solo,92,3.4,North America,Mexico,Mexico City,Queenstown,New Zealand,Museum,Queenstown Museum 92,"Main Road, Queenstown",Autumn,3.94,4.0339285714285715
1833,695,2023,4,Friends,81,3.5,South America,Chile,Santiago,Luxor,Egypt,Park,Luxor Park 81,"Main Road, Luxor",Spring,3.6166666666666667,3.8309090909090906
1834,415,2024,12,Couples,6,3.9,Asia,Japan,Kyoto,Johannesburg,South Africa,Museum,Johannesburg Museum 6,"Main Road, Johannesburg",Winter,3.6636363636363636,3.8461538461538463
1835,565,2024,4,Family,99,3.5,Africa,South Africa,Johannesburg,Toronto,Canada,Adventure,Toronto Adventure 99,"Main Road, Toronto",Spring,3.3875,3.735416666666667
1836,271,2024,8,Couples,96,3.3,Europe,Germany,Munich,Cancun,Mexico,Adventure,Cancun Adventure 96,"Main Road, Cancun",Summer,3.8125,3.5860000000000003
1837,286,2023,2,Friends,70,2.6,Australia,Australia,Melbourne,Sydney,Australia,Beach,Sydney Beach 70,"Main Road, Sydney",Winter,3.55,3.7588235294117647
1838,497,2025,1,Couples,85,3.3,Asia,India,Goa,Rome,Italy,Historical Site,Rome Historical Site 85,"Main Road, Rome",Winter,3.822222222222222,3.8607843137254902
1839,552,2023,8,Couples,24,3.2,Australia,New Zealand,Auckland,Nairobi,Kenya,Museum,Nairobi Museum 24,"Main Road, Nairobi",Summer,3.9799999999999995,3.8804878048780487
1840,566,2022,1,Friends,53,4.2,Africa,Egypt,Cairo,Milan,Italy,Shopping,Milan Shopping 53,"Main Road, Milan",Winter,3.766666666666667,3.685106382978723
1841,444,2023,1,Couples,90,4.6,Australia,New Zealand,Auckland,Nice,France,Temple,Nice Temple 90,"Main Road, Nice",Winter,4.25,3.7215686274509805
1842,478,2023,8,Couples,60,3.8,South America,Argentina,Buenos Aires,Johannesburg,South Africa,Museum,Johannesburg Museum 60,"Main Road, Johannesburg",Summer,4.266666666666667,3.7857142857142856
1843,851,2023,6,Friends,25,3.3,Asia,Thailand,Pattaya,Cairo,Egypt,Temple,Cairo Temple 25,"Main Road, Cairo",Summer,3.814285714285714,3.595555555555556
1844,314,2022,9,Friends,94,2.7,Africa,South Africa,Cape Town,Melbourne,Australia,Temple,Melbourne Temple 94,"Main Road, Melbourne",Autumn,3.725,3.6732142857142853
1845,832,2025,8,Couples,98,3.8,Europe,France,Paris,Mombasa,Kenya,Adventure,Mombasa Adventure 98,"Main Road, Mombasa",Summer,4.285714285714286,4.017543859649122
1846,880,2022,7,Couples,68,3.6,Asia,Thailand,Phuket,Toronto,Canada,Shopping,Toronto Shopping 68,"Main Road, Toronto",Summer,3.8333333333333335,3.607142857142857
1847,974,2022,12,Couples,40,4.9,Africa,Kenya,Nairobi,Cape Town,South Africa,Museum,Cape Town Museum 40,"Main Road, Cape Town",Winter,3.9000000000000004,3.815909090909091
1848,808,2023,4,Friends,38,4.6,Africa,Egypt,Luxor,Luxor,Egypt,Museum,Luxor Museum 38,"Main Road, Luxor",Spring,3.75,3.784313725490196
1849,926,2024,3,Solo,19,3.5,North America,Canada,Toronto,Auckland,New Zealand,Park,Auckland Park 19,"Main Road, Auckland",Spring,3.675,3.689583333333333
1850,294,2025,5,Couples,16,4.6,South America,Chile,Santiago,Sao Paulo,Brazil,Historical Site,Sao Paulo Historical Site 16,"Main Road, Sao Paulo",Spring,4.46,3.932758620689655
1851,609,2022,12,Solo,6,2.9,Asia,Singapore,Singapore,Johannesburg,South Africa,Museum,Johannesburg Museum 6,"Main Road, Johannesburg",Winter,3.466666666666667,3.8461538461538463
1852,157,2023,3,Friends,4,3.8,North America,Canada,Vancouver,Buenos Aires,Argentina,Temple,Buenos Aires Temple 4,"Main Road, Buenos Aires",Spring,4.2,3.96
1853,657,2025,10,Couples,35,3.6,Australia,Australia,Melbourne,Paris,France,Beach,Paris Beach 35,"Main Road, Paris",Autumn,3.988888888888889,3.728
1854,853,2025,12,Solo,85,3.6,Australia,New Zealand,Queenstown,Rome,Italy,Historical Site,Rome Historical Site 85,"Main Road, Rome",Winter,4.15,3.8607843137254902
1855,5,2022,2,Family,73,3.1,Africa,South Africa,Johannesburg,Queenstown,New Zealand,Shopping,Queenstown Shopping 73,"Main Road, Queenstown",Winter,3.7,3.7816666666666667
1856,1000,2025,8,Couples,24,2.6,Europe,Germany,Berlin,Nairobi,Kenya,Museum,Nairobi Museum 24,"Main Road, Nairobi",Summer,3.8285714285714283,3.8804878048780487
1857,44,2025,3,Couples,57,4.2,North America,Mexico,Cancun,Queenstown,New Zealand,Beach,Queenstown Beach 57,"Main Road, Queenstown",Spring,3.8857142857142857,3.8095238095238093
1858,466,2024,9,Friends,40,2.7,South America,Argentina,Buenos Aires,Cape Town,South Africa,Museum,Cape Town Museum 40,"Main Road, Cape Town",Autumn,3.7750000000000004,3.815909090909091
1859,532,2022,1,Couples,77,3.4,Africa,South Africa,Johannesburg,Rome,Italy,Temple,Rome Temple 77,"Main Road, Rome",Winter,3.525,3.836734693877551
1860,719,2024,6,Couples,36,4.0,Africa,South Africa,Johannesburg,Singapore,Singapore,Beach,Singapore Beach 36,"Main Road, Singapore",Summer,3.8333333333333335,3.7410714285714284
1861,550,2025,10,Couples,35,4.2,Europe,Germany,Berlin,Paris,France,Beach,Paris Beach 35,"Main Road, Paris",Autumn,3.7777777777777777,3.728
1862,500,2024,7,Business,59,4.1,Asia,Singapore,Singapore,Melbourne,Australia,Museum,Melbourne Museum 59,"Main Road, Melbourne",Summer,3.7571428571428567,3.853061224489796
1863,517,2025,11,Business,68,3.5,Africa,Egypt,Cairo,Toronto,Canada,Shopping,Toronto Shopping 68,"Main Road, Toronto",Autumn,3.8499999999999996,3.607142857142857
1864,162,2023,8,Couples,86,5.0,Europe,Spain,Barcelona,Cape Town,South Africa,Historical Site,Cape Town Historical Site 86,"Main Road, Cape Town",Summer,3.963636363636364,3.6799999999999997
1865,423,2024,4,Couples,26,4.5,Australia,Australia,Sydney,Rome,Italy,Temple,Rome Temple 26,"Main Road, Rome",Spring,4.16,3.829310344827586
1866,96,2023,8,Couples,6,4.4,South America,Argentina,Buenos Aires,Johannesburg,South Africa,Museum,Johannesburg Museum 6,"Main Road, Johannesburg",Summer,3.766666666666667,3.8461538461538463
1867,795,2024,9,Friends,71,3.9,Africa,Kenya,Mombasa,Rio de Janeiro,Brazil,Museum,Rio de Janeiro Museum 71,"Main Road, Rio de Janeiro",Autumn,3.6,3.9066666666666667
1868,146,2024,3,Friends,12,3.8,Asia,India,Goa,New York,USA,Historical Site,New York Historical Site 12,"Main Road, New York",Spring,3.62,3.8160714285714286
1869,345,2023,10,Family,10,3.3,Africa,Kenya,Nairobi,Toronto,Canada,Wildlife,Toronto Wildlife 10,"Main Road, Toronto",Autumn,3.6714285714285713,3.8257575757575757
1870,937,2024,5,Family,9,2.9,South America,Argentina,Buenos Aires,Nice,France,Adventure,Nice Adventure 9,"Main Road, Nice",Spring,3.0444444444444443,3.709803921568627
1871,73,2024,8,Couples,72,3.0,Asia,India,Delhi,Luxor,Egypt,Temple,Luxor Temple 72,"Main Road, Luxor",Summer,3.585714285714286,3.696296296296296
1872,673,2024,3,Family,96,2.5,Africa,Egypt,Cairo,Cancun,Mexico,Adventure,Cancun Adventure 96,"Main Road, Cancun",Spring,3.6,3.5860000000000003
1873,562,2023,8,Friends,47,3.7,Australia,New Zealand,Queenstown,New York,USA,Historical Site,New York Historical Site 47,"Main Road, New York",Summer,3.6,3.9181818181818184
1874,346,2023,12,Family,81,2.8,North America,Mexico,Cancun,Luxor,Egypt,Park,Luxor Park 81,"Main Road, Luxor",Winter,3.9714285714285715,3.8309090909090906
1875,432,2022,3,Couples,19,3.3,Australia,New Zealand,Queenstown,Auckland,New Zealand,Park,Auckland Park 19,"Main Road, Auckland",Spring,3.4,3.689583333333333
1876,881,2025,10,Friends,58,3.7,Europe,Spain,Madrid,Mumbai,India,Wildlife,Mumbai Wildlife 58,"Main Road, Mumbai",Autumn,3.966666666666667,3.7518518518518515
1877,13,2023,10,Business,26,4.1,North America,Mexico,Mexico City,Rome,Italy,Temple,Rome Temple 26,"Main Road, Rome",Autumn,4.033333333333333,3.829310344827586
1878,3,2024,10,Family,91,4.7,Europe,Spain,Madrid,Singapore,Singapore,Historical Site,Singapore Historical Site 91,"Main Road, Singapore",Autumn,3.857142857142857,3.924137931034483
1879,685,2025,7,Business,22,3.2,Australia,Australia,Sydney,Melbourne,Australia,Adventure,Melbourne Adventure 22,"Main Road, Melbourne",Summer,3.6999999999999997,3.8629629629629627
1880,60,2025,5,Family,73,4.6,North America,Mexico,Mexico City,Queenstown,New Zealand,Shopping,Queenstown Shopping 73,"Main Road, Queenstown",Spring,4.166666666666667,3.7816666666666667
1881,567,2024,8,Couples,80,3.5,North America,USA,Las Vegas,Nairobi,Kenya,Temple,Nairobi Temple 80,"Main Road, Nairobi",Summer,3.72,3.8166666666666664
1882,429,2024,7,Couples,73,4.1,North America,USA,Los Angeles,Queenstown,New Zealand,Shopping,Queenstown Shopping 73,"Main Road, Queenstown",Summer,3.425,3.7816666666666667
1883,581,2022,12,Solo,56,4.0,Africa,South Africa,Johannesburg,Madrid,Spain,Historical Site,Madrid Historical Site 56,"Main Road, Madrid",Winter,4.0,3.892156862745098
1884,190,2024,5,Solo,12,3.9,Europe,France,Paris,New York,USA,Historical Site,New York Historical Site 12,"Main Road, New York",Spring,3.266666666666667,3.8160714285714286
1885,38,2025,6,Solo,85,2.7,Africa,Kenya,Nairobi,Rome,Italy,Historical Site,Rome Historical Site 85,"Main Road, Rome",Summer,3.7,3.8607843137254902
1886,742,2022,1,Business,60,3.2,Africa,Kenya,Mombasa,Johannesburg,South Africa,Museum,Johannesburg Museum 60,"Main Road, Johannesburg",Winter,3.6,3.7857142857142856
1887,146,2024,5,Friends,57,3.4,Asia,India,Goa,Queenstown,New Zealand,Beach,Queenstown Beach 57,"Main Road, Queenstown",Spring,3.62,3.8095238095238093
1888,314,2024,5,Solo,3,3.2,Africa,South Africa,Cape Town,Rio de Janeiro,Brazil,Adventure,Rio de Janeiro Adventure 3,"Main Road, Rio de Janeiro",Spring,3.725,3.791111111111111
1889,758,2022,7,Family,83,4.8,Europe,Italy,Milan,Melbourne,Australia,Wildlife,Melbourne Wildlife 83,"Main Road, Melbourne",Summer,3.925,3.851282051282051
1890,219,2024,4,Family,91,2.5,Australia,New Zealand,Auckland,Singapore,Singapore,Historical Site,Singapore Historical Site 91,"Main Road, Singapore",Spring,3.6100000000000003,3.924137931034483
1891,27,2023,1,Couples,46,4.4,North America,Canada,Toronto,Jaipur,India,Shopping,Jaipur Shopping 46,"Main Road, Jaipur",Winter,4.14,3.7113636363636364
1892,79,2025,6,Family,77,4.1,Europe,Germany,Munich,Rome,Italy,Temple,Rome Temple 77,"Main Road, Rome",Summer,3.766666666666666,3.836734693877551
1893,450,2023,11,Couples,90,4.3,Asia,India,Delhi,Nice,France,Temple,Nice Temple 90,"Main Road, Nice",Autumn,4.140000000000001,3.7215686274509805
1894,814,2025,12,Solo,43,3.6,Asia,Singapore,Singapore,Cape Town,South Africa,Shopping,Cape Town Shopping 43,"Main Road, Cape Town",Winter,3.8200000000000003,3.772
1895,48,2025,1,Couples,70,3.6,Asia,Singapore,Singapore,Sydney,Australia,Beach,Sydney Beach 70,"Main Road, Sydney",Winter,3.775,3.7588235294117647
1896,812,2022,6,Couples,81,5.0,Europe,Spain,Barcelona,Luxor,Egypt,Park,Luxor Park 81,"Main Road, Luxor",Summer,4.225,3.8309090909090906
1897,743,2023,4,Family,94,2.7,Europe,Italy,Milan,Melbourne,Australia,Temple,Melbourne Temple 94,"Main Road, Melbourne",Spring,3.65,3.6732142857142853
1898,902,2024,6,Family,13,3.4,Europe,Germany,Munich,Auckland,New Zealand,Wildlife,Auckland Wildlife 13,"Main Road, Auckland",Summer,3.225,3.8711864406779664
1899,756,2023,10,Family,100,3.4,Asia,India,Goa,Mombasa,Kenya,Wildlife,Mombasa Wildlife 100,"Main Road, Mombasa",Autumn,4.1,3.75
1900,894,2022,2,Family,65,3.4,Africa,South Africa,Cape Town,Vancouver,Canada,Museum,Vancouver Museum 65,"Main Road, Vancouver",Winter,3.88,3.9294117647058826
1901,610,2022,6,Friends,43,3.9,Africa,Kenya,Nairobi,Cape Town,South Africa,Shopping,Cape Town Shopping 43,"Main Road, Cape Town",Summer,3.55,3.772
1902,575,2024,9,Couples,19,4.6,Europe,Italy,Rome,Auckland,New Zealand,Park,Auckland Park 19,"Main Road, Auckland",Autumn,3.38,3.689583333333333
1903,619,2025,9,Solo,92,3.5,Australia,Australia,Sydney,Queenstown,New Zealand,Museum,Queenstown Museum 92,"Main Road, Queenstown",Autumn,3.625,4.0339285714285715
1904,167,2025,8,Solo,90,3.1,Australia,New Zealand,Queenstown,Nice,France,Temple,Nice Temple 90,"Main Road, Nice",Summer,3.9,3.7215686274509805
1905,271,2023,1,Friends,7,2.8,Europe,Germany,Munich,Santiago,Chile,Park,Santiago Park 7,"Main Road, Santiago",Winter,3.8125,3.6767857142857143
1906,722,2023,5,Couples,56,3.9,Africa,South Africa,Cape Town,Madrid,Spain,Historical Site,Madrid Historical Site 56,"Main Road, Madrid",Spring,4.414285714285714,3.892156862745098
1907,258,2022,9,Solo,92,4.5,Africa,Kenya,Nairobi,Queenstown,New Zealand,Museum,Queenstown Museum 92,"Main Road, Queenstown",Autumn,3.66,4.0339285714285715
1908,43,2023,1,Family,65,4.3,Asia,Singapore,Singapore,Vancouver,Canada,Museum,Vancouver Museum 65,"Main Road, Vancouver",Winter,3.5625,3.9294117647058826
1909,144,2023,2,Friends,28,2.1,Africa,Kenya,Nairobi,Rio de Janeiro,Brazil,Beach,Rio de Janeiro Beach 28,"Main Road, Rio de Janeiro",Winter,3.1714285714285713,3.7065217391304346
1910,827,2024,2,Couples,69,2.6,Africa,Egypt,Cairo,Johannesburg,South Africa,Shopping,Johannesburg Shopping 69,"Main Road, Johannesburg",Winter,3.3333333333333335,3.818032786885246
1911,586,2025,5,Family,7,3.9,Asia,Thailand,Phuket,Santiago,Chile,Park,Santiago Park 7,"Main Road, Santiago",Spring,3.75,3.6767857142857143
1912,24,2022,10,Friends,26,2.9,South America,Chile,Santiago,Rome,Italy,Temple,Rome Temple 26,"Main Road, Rome",Autumn,3.96,3.829310344827586
1913,378,2022,5,Family,10,3.4,South America,Argentina,Buenos Aires,Toronto,Canada,Wildlife,Toronto Wildlife 10,"Main Road, Toronto",Spring,3.6454545454545455,3.8257575757575757
1914,583,2023,8,Business,48,5.0,North America,USA,Las Vegas,Nairobi,Kenya,Adventure,Nairobi Adventure 48,"Main Road, Nairobi",Summer,3.9333333333333336,3.845833333333333
1915,598,2024,9,Couples,23,3.4,Asia,Thailand,Phuket,Los Angeles,USA,Adventure,Los Angeles Adventure 23,"Main Road, Los Angeles",Autumn,3.25,3.919047619047619
1916,555,2025,3,Friends,7,3.4,Africa,Kenya,Mombasa,Santiago,Chile,Park,Santiago Park 7,"Main Road, Santiago",Spring,3.783333333333333,3.6767857142857143
1917,300,2025,7,Family,39,3.6,Europe,Spain,Barcelona,Munich,Germany,Shopping,Munich Shopping 39,"Main Road, Munich",Summer,4.08,3.965909090909091
1918,776,2023,8,Couples,45,3.2,South America,Brazil,Rio de Janeiro,Cairo,Egypt,Park,Cairo Park 45,"Main Road, Cairo",Summer,4.05,3.852830188679245
1919,828,2023,11,Couples,2,3.9,Asia,Singapore,Singapore,Sao Paulo,Brazil,Historical Site,Sao Paulo Historical Site 2,"Main Road, Sao Paulo",Autumn,3.85,3.727272727272727
1920,780,2025,7,Friends,96,3.9,Africa,South Africa,Cape Town,Cancun,Mexico,Adventure,Cancun Adventure 96,"Main Road, Cancun",Summer,3.55,3.5860000000000003
1921,217,2023,4,Family,4,3.9,Europe,Spain,Barcelona,Buenos Aires,Argentina,Temple,Buenos Aires Temple 4,"Main Road, Buenos Aires",Spring,3.85,3.96
1922,871,2024,1,Business,34,3.2,Asia,Thailand,Pattaya,Mombasa,Kenya,Temple,Mombasa Temple 34,"Main Road, Mombasa",Winter,3.528571428571429,3.764
1923,431,2022,6,Business,91,3.6,North America,USA,New York,Singapore,Singapore,Historical Site,Singapore Historical Site 91,"Main Road, Singapore",Summer,3.9714285714285715,3.924137931034483
1924,270,2022,4,Family,78,4.1,North America,USA,New York,Santiago,Chile,Museum,Santiago Museum 78,"Main Road, Santiago",Spring,3.6384615384615384,3.814814814814815
1925,975,2023,10,Couples,32,4.5,Asia,India,Delhi,Buenos Aires,Argentina,Shopping,Buenos Aires Shopping 32,"Main Road, Buenos Aires",Autumn,3.5,3.812244897959184
1926,635,2023,12,Friends,88,3.8,Europe,France,Paris,Tokyo,Japan,Shopping,Tokyo Shopping 88,"Main Road, Tokyo",Winter,3.75,3.901818181818182
1927,193,2025,7,Couples,33,4.1,Africa,Egypt,Cairo,New York,USA,Historical Site,New York Historical Site 33,"Main Road, New York",Summer,4.133333333333333,3.8160000000000003
1928,811,2022,3,Family,89,4.2,Asia,Singapore,Singapore,Sydney,Australia,Park,Sydney Park 89,"Main Road, Sydney",Spring,3.6666666666666665,3.811764705882353
1929,920,2025,3,Family,11,4.9,Africa,Kenya,Mombasa,Pattaya,Thailand,Beach,Pattaya Beach 11,"Main Road, Pattaya",Spring,3.6333333333333333,3.7121951219512193
1930,865,2025,8,Family,96,2.8,Africa,Egypt,Cairo,Cancun,Mexico,Adventure,Cancun Adventure 96,"Main Road, Cancun",Summer,3.9785714285714286,3.5860000000000003
1931,339,2025,12,Solo,70,3.6,Europe,Spain,Madrid,Sydney,Australia,Beach,Sydney Beach 70,"Main Road, Sydney",Winter,3.1999999999999997,3.7588235294117647
1932,982,2025,10,Family,42,3.8,Europe,Germany,Berlin,Singapore,Singapore,Wildlife,Singapore Wildlife 42,"Main Road, Singapore",Autumn,3.414285714285714,3.706382978723404
1933,669,2022,1,Family,80,4.2,Asia,Japan,Tokyo,Nairobi,Kenya,Temple,Nairobi Temple 80,"Main Road, Nairobi",Winter,3.8857142857142857,3.8166666666666664
1934,565,2022,8,Solo,85,3.3,Africa,South Africa,Johannesburg,Rome,Italy,Historical Site,Rome Historical Site 85,"Main Road, Rome",Summer,3.3875,3.8607843137254902
1935,873,2022,1,Friends,64,4.6,Australia,New Zealand,Auckland,Madrid,Spain,Beach,Madrid Beach 64,"Main Road, Madrid",Winter,4.275,3.8058823529411763
1936,377,2023,2,Family,70,5.0,Asia,Thailand,Bangkok,Sydney,Australia,Beach,Sydney Beach 70,"Main Road, Sydney",Winter,3.8166666666666664,3.7588235294117647
1937,761,2022,12,Solo,5,4.4,Europe,Spain,Barcelona,Santiago,Chile,Adventure,Santiago Adventure 5,"Main Road, Santiago",Winter,3.942857142857143,3.691111111111111
1938,189,2025,12,Couples,16,3.0,Africa,Egypt,Luxor,Sao Paulo,Brazil,Historical Site,Sao Paulo Historical Site 16,"Main Road, Sao Paulo",Winter,3.1666666666666665,3.932758620689655
1939,95,2025,3,Couples,34,4.8,Australia,New Zealand,Auckland,Mombasa,Kenya,Temple,Mombasa Temple 34,"Main Road, Mombasa",Spring,4.433333333333334,3.764
1940,506,2022,4,Solo,46,3.0,North America,Canada,Toronto,Jaipur,India,Shopping,Jaipur Shopping 46,"Main Road, Jaipur",Spring,3.5999999999999996,3.7113636363636364
1941,458,2022,9,Couples,22,3.6,Africa,Egypt,Cairo,Melbourne,Australia,Adventure,Melbourne Adventure 22,"Main Road, Melbourne",Autumn,3.9499999999999997,3.8629629629629627
1942,757,2023,6,Couples,65,3.9,Europe,Italy,Milan,Vancouver,Canada,Museum,Vancouver Museum 65,"Main Road, Vancouver",Summer,4.06,3.9294117647058826
1943,814,2022,6,Couples,5,3.6,Asia,Singapore,Singapore,Santiago,Chile,Adventure,Santiago Adventure 5,"Main Road, Santiago",Summer,3.8200000000000003,3.691111111111111
1944,620,2023,3,Family,80,3.4,Australia,Australia,Melbourne,Nairobi,Kenya,Temple,Nairobi Temple 80,"Main Road, Nairobi",Spring,3.7,3.8166666666666664
1945,645,2023,9,Business,11,4.2,Europe,France,Paris,Pattaya,Thailand,Beach,Pattaya Beach 11,"Main Road, Pattaya",Autumn,4.05,3.7121951219512193
1946,715,2024,5,Couples,96,4.4,South America,Argentina,Buenos Aires,Cancun,Mexico,Adventure,Cancun Adventure 96,"Main Road, Cancun",Spring,4.0,3.5860000000000003
1947,788,2025,2,Family,98,3.9,Australia,Australia,Sydney,Mombasa,Kenya,Adventure,Mombasa Adventure 98,"Main Road, Mombasa",Winter,3.7399999999999998,4.017543859649122
1948,169,2022,9,Business,59,5.0,South America,Argentina,Buenos Aires,Melbourne,Australia,Museum,Melbourne Museum 59,"Main Road, Melbourne",Autumn,3.966666666666667,3.853061224489796
1949,787,2024,5,Business,14,3.8,Asia,Thailand,Bangkok,Sao Paulo,Brazil,Historical Site,Sao Paulo Historical Site 14,"Main Road, Sao Paulo",Spring,3.6555555555555554,3.788235294117647
1950,528,2022,7,Solo,14,4.2,Asia,Thailand,Bangkok,Sao Paulo,Brazil,Historical Site,Sao Paulo Historical Site 14,"Main Road, Sao Paulo",Summer,3.7399999999999998,3.788235294117647
1951,725,2025,8,Solo,15,4.6,Asia,India,Goa,Jaipur,India,Historical Site,Jaipur Historical Site 15,"Main Road, Jaipur",Summer,4.8,3.8632653061224493
1952,627,2023,6,Solo,69,3.7,Africa,Kenya,Mombasa,Johannesburg,South Africa,Shopping,Johannesburg Shopping 69,"Main Road, Johannesburg",Summer,3.95,3.818032786885246
1953,775,2023,2,Solo,7,3.8,Australia,New Zealand,Auckland,Santiago,Chile,Park,Santiago Park 7,"Main Road, Santiago",Winter,3.3,3.6767857142857143
1954,297,2022,11,Friends,14,3.3,South America,Brazil,Sao Paulo,Sao Paulo,Brazil,Historical Site,Sao Paulo Historical Site 14,"Main Road, Sao Paulo",Autumn,3.78,3.788235294117647
1955,704,2024,5,Friends,29,4.0,Europe,Italy,Venice,Santiago,Chile,Wildlife,Santiago Wildlife 29,"Main Road, Santiago",Spring,3.6,3.7943396226415094
1956,960,2023,8,Couples,22,3.6,South America,Brazil,Sao Paulo,Melbourne,Australia,Adventure,Melbourne Adventure 22,"Main Road, Melbourne",Summer,3.84,3.8629629629629627
1957,985,2022,10,Business,56,3.9,Australia,New Zealand,Queenstown,Madrid,Spain,Historical Site,Madrid Historical Site 56,"Main Road, Madrid",Autumn,3.811111111111111,3.892156862745098
1958,80,2023,2,Family,50,4.9,North America,Canada,Vancouver,Cancun,Mexico,Historical Site,Cancun Historical Site 50,"Main Road, Cancun",Winter,3.6285714285714286,3.5078947368421054
1959,977,2025,2,Solo,7,3.5,Australia,Australia,Melbourne,Santiago,Chile,Park,Santiago Park 7,"Main Road, Santiago",Winter,3.3,3.6767857142857143
1960,44,2023,4,Business,99,2.5,North America,Mexico,Cancun,Toronto,Canada,Adventure,Toronto Adventure 99,"Main Road, Toronto",Spring,3.8857142857142857,3.735416666666667
1961,18,2024,4,Family,93,4.1,Africa,South Africa,Cape Town,Auckland,New Zealand,Adventure,Auckland Adventure 93,"Main Road, Auckland",Spring,4.066666666666666,3.7888888888888888
1962,563,2025,4,Couples,19,2.9,Europe,Germany,Munich,Auckland,New Zealand,Park,Auckland Park 19,"Main Road, Auckland",Spring,3.357142857142857,3.689583333333333
1963,141,2023,2,Friends,62,4.7,Africa,South Africa,Johannesburg,Buenos Aires,Argentina,Park,Buenos Aires Park 62,"Main Road, Buenos Aires",Winter,3.9444444444444446,3.8065217391304347
1964,33,2025,2,Business,74,2.7,Europe,Germany,Munich,Sydney,Australia,Historical Site,Sydney Historical Site 74,"Main Road, Sydney",Winter,3.56,4.0487179487179485
1965,313,2025,9,Family,19,3.8,Australia,New Zealand,Auckland,Auckland,New Zealand,Park,Auckland Park 19,"Main Road, Auckland",Autumn,3.375,3.689583333333333
1966,772,2022,12,Family,5,4.8,North America,Mexico,Cancun,Santiago,Chile,Adventure,Santiago Adventure 5,"Main Road, Santiago",Winter,4.175,3.691111111111111
1967,117,2024,7,Business,61,3.0,North America,Mexico,Mexico City,Sydney,Australia,Shopping,Sydney Shopping 61,"Main Road, Sydney",Summer,3.275,3.8000000000000003
1968,511,2024,12,Family,82,4.2,South America,Brazil,Sao Paulo,Sydney,Australia,Temple,Sydney Temple 82,"Main Road, Sydney",Winter,3.9799999999999995,3.7333333333333334
1969,522,2025,2,Family,71,4.1,Europe,Spain,Barcelona,Rio de Janeiro,Brazil,Museum,Rio de Janeiro Museum 71,"Main Road, Rio de Janeiro",Winter,3.8000000000000003,3.9066666666666667
1970,30,2024,12,Family,82,3.8,Australia,New Zealand,Queenstown,Sydney,Australia,Temple,Sydney Temple 82,"Main Road, Sydney",Winter,3.483333333333333,3.7333333333333334
1971,660,2023,3,Solo,49,3.4,North America,USA,Los Angeles,Santiago,Chile,Historical Site,Santiago Historical Site 49,"Main Road, Santiago",Spring,3.55,3.8877551020408165
1972,100,2025,7,Couples,61,4.3,Africa,South Africa,Johannesburg,Sydney,Australia,Shopping,Sydney Shopping 61,"Main Road, Sydney",Summer,4.36,3.8000000000000003
1973,424,2025,7,Business,59,4.5,Africa,Kenya,Mombasa,Melbourne,Australia,Museum,Melbourne Museum 59,"Main Road, Melbourne",Summer,4.016666666666667,3.853061224489796
1974,548,2022,10,Couples,32,4.0,Africa,Kenya,Nairobi,Buenos Aires,Argentina,Shopping,Buenos Aires Shopping 32,"Main Road, Buenos Aires",Autumn,4.3,3.812244897959184
1975,521,2024,2,Solo,75,4.3,Asia,Singapore,Singapore,Vancouver,Canada,Park,Vancouver Park 75,"Main Road, Vancouver",Winter,3.783333333333333,3.861818181818182
1976,235,2024,12,Couples,75,3.6,Africa,South Africa,Cape Town,Vancouver,Canada,Park,Vancouver Park 75,"Main Road, Vancouver",Winter,4.025,3.861818181818182
1977,224,2025,12,Business,25,3.6,Asia,Thailand,Phuket,Cairo,Egypt,Temple,Cairo Temple 25,"Main Road, Cairo",Winter,3.38,3.595555555555556
1978,930,2023,2,Couples,100,3.0,North America,Canada,Toronto,Mombasa,Kenya,Wildlife,Mombasa Wildlife 100,"Main Road, Mombasa",Winter,3.966666666666667,3.75
1979,389,2023,11,Solo,20,3.6,Africa,Kenya,Mombasa,Vancouver,Canada,Wildlife,Vancouver Wildlife 20,"Main Road, Vancouver",Autumn,3.8333333333333335,3.775
1980,678,2025,10,Business,55,3.6,Africa,Kenya,Mombasa,Mumbai,India,Wildlife,Mumbai Wildlife 55,"Main Road, Mumbai",Autumn,3.35,3.6921568627450982
1981,849,2024,3,Couples,22,4.6,Africa,Kenya,Nairobi,Melbourne,Australia,Adventure,Melbourne Adventure 22,"Main Road, Melbourne",Spring,3.9,3.8629629629629627
1982,420,2023,9,Family,70,3.1,Asia,India,Delhi,Sydney,Australia,Beach,Sydney Beach 70,"Main Road, Sydney",Autumn,4.029999999999999,3.7588235294117647
1983,844,2023,8,Solo,61,3.9,South America,Argentina,Buenos Aires,Sydney,Australia,Shopping,Sydney Shopping 61,"Main Road, Sydney",Summer,3.3600000000000003,3.8000000000000003
1984,409,2023,5,Business,69,3.1,South America,Brazil,Sao Paulo,Johannesburg,South Africa,Shopping,Johannesburg Shopping 69,"Main Road, Johannesburg",Spring,3.6799999999999997,3.818032786885246
1985,8,2024,4,Family,9,4.1,Australia,New Zealand,Queenstown,Nice,France,Adventure,Nice Adventure 9,"Main Road, Nice",Spring,3.7,3.709803921568627
1986,371,2022,3,Solo,15,4.3,North America,Mexico,Cancun,Jaipur,India,Historical Site,Jaipur Historical Site 15,"Main Road, Jaipur",Spring,3.9250000000000003,3.8632653061224493
1987,211,2025,1,Family,57,3.6,Europe,France,Nice,Queenstown,New Zealand,Beach,Queenstown Beach 57,"Main Road, Queenstown",Winter,3.7,3.8095238095238093
1988,335,2024,7,Solo,10,3.7,North America,Mexico,Cancun,Toronto,Canada,Wildlife,Toronto Wildlife 10,"Main Road, Toronto",Summer,3.85,3.8257575757575757
1989,387,2022,11,Family,18,4.0,Asia,Singapore,Singapore,Madrid,Spain,Historical Site,Madrid Historical Site 18,"Main Road, Madrid",Autumn,3.6333333333333333,3.7285714285714286
1990,847,2022,7,Family,10,3.9,Europe,Italy,Milan,Toronto,Canada,Wildlife,Toronto Wildlife 10,"Main Road, Toronto",Summer,4.014285714285714,3.8257575757575757
1991,541,2025,10,Business,96,3.4,North America,Canada,Toronto,Cancun,Mexico,Adventure,Cancun Adventure 96,"Main Road, Cancun",Autumn,3.6999999999999997,3.5860000000000003
1992,963,2022,2,Friends,85,3.9,South America,Chile,Santiago,Rome,Italy,Historical Site,Rome Historical Site 85,"Main Road, Rome",Winter,3.9500000000000006,3.8607843137254902
1993,591,2022,6,Friends,57,2.8,South America,Chile,Santiago,Queenstown,New Zealand,Beach,Queenstown Beach 57,"Main Road, Queenstown",Summer,3.825,3.8095238095238093
1994,723,2025,12,Friends,26,3.8,Asia,Japan,Kyoto,Rome,Italy,Temple,Rome Temple 26,"Main Road, Rome",Winter,3.9200000000000004,3.829310344827586
1995,220,2023,12,Solo,14,4.1,North America,Canada,Toronto,Sao Paulo,Brazil,Historical Site,Sao Paulo Historical Site 14,"Main Road, Sao Paulo",Winter,4.12,3.788235294117647
1996,564,2022,8,Solo,63,4.8,North America,USA,Las Vegas,Madrid,Spain,Shopping,Madrid Shopping 63,"Main Road, Madrid",Summer,4.066666666666666,3.8245283018867924
1997,807,2022,12,Family,41,3.4,Africa,Egypt,Luxor,Vancouver,Canada,Beach,Vancouver Beach 41,"Main Road, Vancouver",Winter,3.4,3.7526315789473683
1998,865,2022,1,Solo,18,4.1,Africa,Egypt,Cairo,Madrid,Spain,Historical Site,Madrid Historical Site 18,"Main Road, Madrid",Winter,3.9785714285714286,3.7285714285714286
1999,496,2023,4,Family,74,3.3,Asia,Singapore,Singapore,Sydney,Australia,Historical Site,Sydney Historical Site 74,"Main Road, Sydney",Spring,4.0,4.0487179487179485
2000,145,2024,1,Couples,95,2.8,Australia,Australia,Melbourne,Singapore,Singapore,Park,Singapore Park 95,"Main Road, Singapore",Winter,3.6799999999999997,3.819607843137255
2001,125,2024,5,Friends,22,3.1,Europe,Germany,Munich,Melbourne,Australia,Adventure,Melbourne Adventure 22,"Main Road, Melbourne",Spring,3.7399999999999998,3.8629629629629627
2002,625,2022,4,Solo,32,3.3,South America,Brazil,Rio de Janeiro,Buenos Aires,Argentina,Shopping,Buenos Aires Shopping 32,"Main Road, Buenos Aires",Spring,2.9,3.812244897959184
2003,962,2023,4,Business,90,5.0,Australia,Australia,Sydney,Nice,France,Temple,Nice Temple 90,"Main Road, Nice",Spring,3.4875,3.7215686274509805
2004,845,2024,12,Couples,91,4.0,South America,Chile,Santiago,Singapore,Singapore,Historical Site,Singapore Historical Site 91,"Main Road, Singapore",Winter,3.7,3.924137931034483
2005,207,2025,9,Couples,46,2.9,Africa,Kenya,Mombasa,Jaipur,India,Shopping,Jaipur Shopping 46,"Main Road, Jaipur",Autumn,3.75,3.7113636363636364
2006,259,2024,12,Friends,98,2.0,Europe,Spain,Barcelona,Mombasa,Kenya,Adventure,Mombasa Adventure 98,"Main Road, Mombasa",Winter,3.3833333333333333,4.017543859649122
2007,241,2022,12,Business,7,3.5,South America,Brazil,Rio de Janeiro,Santiago,Chile,Park,Santiago Park 7,"Main Road, Santiago",Winter,3.533333333333333,3.6767857142857143
2008,307,2025,8,Business,88,2.4,Asia,Thailand,Bangkok,Tokyo,Japan,Shopping,Tokyo Shopping 88,"Main Road, Tokyo",Summer,3.75,3.901818181818182
2009,691,2025,4,Business,63,4.0,Africa,South Africa,Johannesburg,Madrid,Spain,Shopping,Madrid Shopping 63,"Main Road, Madrid",Spring,3.7333333333333334,3.8245283018867924
2010,483,2022,3,Family,79,3.7,South America,Brazil,Rio de Janeiro,Mexico City,Mexico,Historical Site,Mexico City Historical Site 79,"Main Road, Mexico City",Spring,3.9666666666666663,3.861224489795918
2011,412,2023,1,Family,74,4.6,Australia,Australia,Melbourne,Sydney,Australia,Historical Site,Sydney Historical Site 74,"Main Road, Sydney",Winter,3.888888888888889,4.0487179487179485
2012,963,2025,9,Couples,69,3.7,South America,Chile,Santiago,Johannesburg,South Africa,Shopping,Johannesburg Shopping 69,"Main Road, Johannesburg",Autumn,3.9500000000000006,3.818032786885246
2013,664,2022,5,Business,44,3.7,Europe,Germany,Munich,Rio de Janeiro,Brazil,Temple,Rio de Janeiro Temple 44,"Main Road, Rio de Janeiro",Spring,3.6999999999999997,3.825
2014,533,2024,5,Solo,60,4.1,Europe,Spain,Madrid,Johannesburg,South Africa,Museum,Johannesburg Museum 60,"Main Road, Johannesburg",Spring,3.811111111111111,3.7857142857142856
2015,245,2022,1,Solo,6,2.0,Europe,Spain,Barcelona,Johannesburg,South Africa,Museum,Johannesburg Museum 6,"Main Road, Johannesburg",Winter,3.38,3.8461538461538463
2016,290,2024,3,Solo,56,4.0,Europe,Germany,Munich,Madrid,Spain,Historical Site,Madrid Historical Site 56,"Main Road, Madrid",Spring,4.18,3.892156862745098
2017,6,2024,4,Family,6,4.4,Africa,Kenya,Mombasa,Johannesburg,South Africa,Museum,Johannesburg Museum 6,"Main Road, Johannesburg",Spring,4.433333333333334,3.8461538461538463
2018,864,2024,10,Business,10,2.9,Asia,Singapore,Singapore,Toronto,Canada,Wildlife,Toronto Wildlife 10,"Main Road, Toronto",Autumn,3.883333333333333,3.8257575757575757
2019,988,2025,5,Family,30,3.7,Australia,Australia,Sydney,Cape Town,South Africa,Museum,Cape Town Museum 30,"Main Road, Cape Town",Spring,3.6875,3.811111111111111
2020,499,2024,7,Friends,22,3.7,Africa,Egypt,Cairo,Melbourne,Australia,Adventure,Melbourne Adventure 22,"Main Road, Melbourne",Summer,3.585714285714286,3.8629629629629627
2021,272,2024,12,Family,20,4.2,Europe,Germany,Munich,Vancouver,Canada,Wildlife,Vancouver Wildlife 20,"Main Road, Vancouver",Winter,3.875,3.775
2022,453,2024,2,Friends,11,2.9,Europe,Italy,Rome,Pattaya,Thailand,Beach,Pattaya Beach 11,"Main Road, Pattaya",Winter,3.22,3.7121951219512193
2023,676,2024,12,Business,48,2.3,North America,USA,New York,Nairobi,Kenya,Adventure,Nairobi Adventure 48,"Main Road, Nairobi",Winter,2.9,3.845833333333333
2024,654,2022,5,Business,63,3.8,North America,Mexico,Mexico City,Madrid,Spain,Shopping,Madrid Shopping 63,"Main Road, Madrid",Spring,3.7399999999999998,3.8245283018867924
2025,463,2024,1,Friends,58,3.9,Australia,New Zealand,Queenstown,Mumbai,India,Wildlife,Mumbai Wildlife 58,"Main Road, Mumbai",Winter,3.3428571428571425,3.7518518518518515
2026,234,2025,11,Solo,42,4.0,South America,Brazil,Rio de Janeiro,Singapore,Singapore,Wildlife,Singapore Wildlife 42,"Main Road, Singapore",Autumn,3.557142857142857,3.706382978723404
2027,893,2024,3,Couples,73,4.5,Africa,South Africa,Cape Town,Queenstown,New Zealand,Shopping,Queenstown Shopping 73,"Main Road, Queenstown",Spring,4.3,3.7816666666666667
2028,858,2025,8,Couples,8,5.0,North America,Mexico,Mexico City,Las Vegas,USA,Museum,Las Vegas Museum 8,"Main Road, Las Vegas",Summer,3.8818181818181823,3.716279069767442
2029,944,2023,6,Friends,30,4.3,South America,Brazil,Rio de Janeiro,Cape Town,South Africa,Museum,Cape Town Museum 30,"Main Road, Cape Town",Summer,3.716666666666667,3.811111111111111
2030,304,2022,8,Business,4,4.2,Africa,South Africa,Johannesburg,Buenos Aires,Argentina,Temple,Buenos Aires Temple 4,"Main Road, Buenos Aires",Summer,4.075,3.96
2031,198,2025,5,Couples,47,4.3,Asia,India,Mumbai,New York,USA,Historical Site,New York Historical Site 47,"Main Road, New York",Spring,3.3,3.9181818181818184
2032,340,2022,5,Family,28,3.8,Africa,Egypt,Luxor,Rio de Janeiro,Brazil,Beach,Rio de Janeiro Beach 28,"Main Road, Rio de Janeiro",Spring,4.014285714285714,3.7065217391304346
2033,86,2023,5,Solo,82,3.3,Asia,Singapore,Singapore,Sydney,Australia,Temple,Sydney Temple 82,"Main Road, Sydney",Spring,3.8000000000000003,3.7333333333333334
2034,895,2025,6,Business,28,4.3,South America,Chile,Santiago,Rio de Janeiro,Brazil,Beach,Rio de Janeiro Beach 28,"Main Road, Rio de Janeiro",Summer,3.7714285714285714,3.7065217391304346
2035,788,2023,7,Business,82,3.5,Australia,Australia,Sydney,Sydney,Australia,Temple,Sydney Temple 82,"Main Road, Sydney",Summer,3.7399999999999998,3.7333333333333334
2036,785,2022,2,Family,48,4.3,North America,USA,New York,Nairobi,Kenya,Adventure,Nairobi Adventure 48,"Main Road, Nairobi",Winter,4.022222222222222,3.845833333333333
2037,223,2022,2,Business,3,5.0,Australia,New Zealand,Auckland,Rio de Janeiro,Brazil,Adventure,Rio de Janeiro Adventure 3,"Main Road, Rio de Janeiro",Winter,4.1,3.791111111111111
2038,55,2022,8,Solo,58,3.8,North America,USA,New York,Mumbai,India,Wildlife,Mumbai Wildlife 58,"Main Road, Mumbai",Summer,4.057142857142857,3.7518518518518515
2039,797,2024,10,Couples,23,4.5,Europe,Germany,Munich,Los Angeles,USA,Adventure,Los Angeles Adventure 23,"Main Road, Los Angeles",Autumn,3.8,3.919047619047619
2040,301,2024,5,Family,67,4.1,Africa,South Africa,Cape Town,Auckland,New Zealand,Historical Site,Auckland Historical Site 67,"Main Road, Auckland",Spring,3.9333333333333336,3.736842105263158
2041,267,2023,3,Business,86,5.0,North America,USA,Los Angeles,Cape Town,South Africa,Historical Site,Cape Town Historical Site 86,"Main Road, Cape Town",Spring,4.220000000000001,3.6799999999999997
2042,512,2025,11,Couples,83,3.8,Africa,South Africa,Cape Town,Melbourne,Australia,Wildlife,Melbourne Wildlife 83,"Main Road, Melbourne",Autumn,3.4799999999999995,3.851282051282051
2043,38,2022,5,Couples,43,4.5,Africa,Kenya,Nairobi,Cape Town,South Africa,Shopping,Cape Town Shopping 43,"Main Road, Cape Town",Spring,3.7,3.772
2044,715,2025,7,Couples,81,2.6,South America,Argentina,Buenos Aires,Luxor,Egypt,Park,Luxor Park 81,"Main Road, Luxor",Summer,4.0,3.8309090909090906
2045,158,2022,9,Couples,21,3.6,Europe,France,Nice,Luxor,Egypt,Temple,Luxor Temple 21,"Main Road, Luxor",Autumn,3.8200000000000003,3.8267857142857147
2046,627,2022,3,Family,8,4.2,Africa,Kenya,Mombasa,Las Vegas,USA,Museum,Las Vegas Museum 8,"Main Road, Las Vegas",Spring,3.95,3.716279069767442
2047,951,2024,4,Solo,30,3.1,Europe,Spain,Barcelona,Cape Town,South Africa,Museum,Cape Town Museum 30,"Main Road, Cape Town",Spring,3.6166666666666667,3.811111111111111
2048,438,2023,7,Business,48,4.2,Australia,New Zealand,Auckland,Nairobi,Kenya,Adventure,Nairobi Adventure 48,"Main Road, Nairobi",Summer,3.7,3.845833333333333
2049,122,2025,7,Business,16,3.5,South America,Argentina,Buenos Aires,Sao Paulo,Brazil,Historical Site,Sao Paulo Historical Site 16,"Main Road, Sao Paulo",Summer,3.78,3.932758620689655
2050,375,2024,12,Friends,35,3.3,Europe,Italy,Milan,Paris,France,Beach,Paris Beach 35,"Main Road, Paris",Winter,3.56,3.728
2051,958,2023,4,Solo,51,2.9,Asia,Thailand,Phuket,Mexico City,Mexico,Temple,Mexico City Temple 51,"Main Road, Mexico City",Spring,3.8000000000000003,3.861290322580645
2052,570,2025,2,Business,39,4.2,Asia,Japan,Osaka,Munich,Germany,Shopping,Munich Shopping 39,"Main Road, Munich",Winter,3.6166666666666667,3.965909090909091
2053,564,2024,6,Solo,86,2.7,North America,USA,Las Vegas,Cape Town,South Africa,Historical Site,Cape Town Historical Site 86,"Main Road, Cape Town",Summer,4.066666666666666,3.6799999999999997
2054,850,2022,9,Friends,23,3.7,Australia,Australia,Melbourne,Los Angeles,USA,Adventure,Los Angeles Adventure 23,"Main Road, Los Angeles",Autumn,4.025,3.919047619047619
2055,647,2023,1,Couples,41,4.4,Australia,Australia,Sydney,Vancouver,Canada,Beach,Vancouver Beach 41,"Main Road, Vancouver",Winter,4.35,3.7526315789473683
2056,142,2022,10,Solo,20,4.7,North America,USA,New York,Vancouver,Canada,Wildlife,Vancouver Wildlife 20,"Main Road, Vancouver",Autumn,4.32,3.775
2057,988,2023,5,Friends,63,3.2,Australia,Australia,Sydney,Madrid,Spain,Shopping,Madrid Shopping 63,"Main Road, Madrid",Spring,3.6875,3.8245283018867924
2058,808,2025,9,Friends,27,4.5,Africa,Egypt,Luxor,Nairobi,Kenya,Temple,Nairobi Temple 27,"Main Road, Nairobi",Autumn,3.75,3.6843137254901963
2059,113,2024,5,Family,52,4.2,Asia,Singapore,Singapore,Mombasa,Kenya,Shopping,Mombasa Shopping 52,"Main Road, Mombasa",Spring,4.2,3.9035087719298245
2060,31,2025,5,Business,61,4.1,Europe,Germany,Munich,Sydney,Australia,Shopping,Sydney Shopping 61,"Main Road, Sydney",Spring,3.5375,3.8000000000000003
2061,610,2024,7,Business,34,3.4,Africa,Kenya,Nairobi,Mombasa,Kenya,Temple,Mombasa Temple 34,"Main Road, Mombasa",Summer,3.55,3.764
2062,112,2025,1,Couples,29,4.3,South America,Brazil,Sao Paulo,Santiago,Chile,Wildlife,Santiago Wildlife 29,"Main Road, Santiago",Winter,3.8599999999999994,3.7943396226415094
2063,690,2025,2,Couples,90,3.6,Europe,Germany,Munich,Nice,France,Temple,Nice Temple 90,"Main Road, Nice",Winter,4.199999999999999,3.7215686274509805
2064,506,2025,12,Couples,10,4.5,North America,Canada,Toronto,Toronto,Canada,Wildlife,Toronto Wildlife 10,"Main Road, Toronto",Winter,3.5999999999999996,3.8257575757575757
2065,12,2025,3,Solo,75,4.0,Asia,India,Jaipur,Vancouver,Canada,Park,Vancouver Park 75,"Main Road, Vancouver",Spring,3.7399999999999998,3.861818181818182
2066,705,2022,4,Couples,42,3.6,Africa,South Africa,Cape Town,Singapore,Singapore,Wildlife,Singapore Wildlife 42,"Main Road, Singapore",Spring,3.45,3.706382978723404
2067,691,2025,12,Business,91,4.2,Africa,South Africa,Johannesburg,Singapore,Singapore,Historical Site,Singapore Historical Site 91,"Main Road, Singapore",Winter,3.7333333333333334,3.924137931034483
2068,247,2025,11,Couples,82,4.8,South America,Brazil,Sao Paulo,Sydney,Australia,Temple,Sydney Temple 82,"Main Road, Sydney",Autumn,4.2,3.7333333333333334
2069,847,2024,6,Family,99,4.3,Europe,Italy,Milan,Toronto,Canada,Adventure,Toronto Adventure 99,"Main Road, Toronto",Summer,4.014285714285714,3.735416666666667
2070,154,2025,4,Family,92,3.4,Europe,Spain,Barcelona,Queenstown,New Zealand,Museum,Queenstown Museum 92,"Main Road, Queenstown",Spring,3.522222222222222,4.0339285714285715
2071,46,2022,12,Couples,35,3.6,North America,USA,Los Angeles,Paris,France,Beach,Paris Beach 35,"Main Road, Paris",Winter,3.375,3.728
2072,273,2023,6,Friends,10,2.9,Africa,South Africa,Cape Town,Toronto,Canada,Wildlife,Toronto Wildlife 10,"Main Road, Toronto",Summer,3.4799999999999995,3.8257575757575757
2073,565,2025,4,Family,1,4.0,Africa,South Africa,Johannesburg,Berlin,Germany,Wildlife,Berlin Wildlife 1,"Main Road, Berlin",Spring,3.3875,3.782051282051282
2074,578,2022,12,Couples,19,3.8,Africa,South Africa,Johannesburg,Auckland,New Zealand,Park,Auckland Park 19,"Main Road, Auckland",Winter,4.125,3.689583333333333
2075,493,2024,4,Business,22,3.2,Africa,South Africa,Cape Town,Melbourne,Australia,Adventure,Melbourne Adventure 22,"Main Road, Melbourne",Spring,3.966666666666667,3.8629629629629627
2076,381,2022,7,Family,40,4.4,South America,Brazil,Rio de Janeiro,Cape Town,South Africa,Museum,Cape Town Museum 40,"Main Road, Cape Town",Summer,3.742857142857143,3.815909090909091
2077,530,2023,11,Friends,41,2.9,South America,Brazil,Sao Paulo,Vancouver,Canada,Beach,Vancouver Beach 41,"Main Road, Vancouver",Autumn,3.716666666666667,3.7526315789473683
2078,254,2024,9,Couples,73,4.1,Europe,Spain,Barcelona,Queenstown,New Zealand,Shopping,Queenstown Shopping 73,"Main Road, Queenstown",Autumn,3.8,3.7816666666666667
2079,446,2025,6,Business,26,3.7,South America,Chile,Santiago,Rome,Italy,Temple,Rome Temple 26,"Main Road, Rome",Summer,3.942857142857143,3.829310344827586
2080,792,2024,9,Couples,27,3.2,South America,Argentina,Buenos Aires,Nairobi,Kenya,Temple,Nairobi Temple 27,"Main Road, Nairobi",Autumn,3.644444444444444,3.6843137254901963
2081,378,2022,3,Friends,12,4.7,South America,Argentina,Buenos Aires,New York,USA,Historical Site,New York Historical Site 12,"Main Road, New York",Spring,3.6454545454545455,3.8160714285714286
2082,631,2022,4,Friends,40,3.9,Asia,India,Mumbai,Cape Town,South Africa,Museum,Cape Town Museum 40,"Main Road, Cape Town",Spring,3.96,3.815909090909091
2083,925,2025,12,Family,62,3.8,Africa,South Africa,Cape Town,Buenos Aires,Argentina,Park,Buenos Aires Park 62,"Main Road, Buenos Aires",Winter,3.9272727272727277,3.8065217391304347
2084,217,2023,2,Couples,65,4.1,Europe,Spain,Barcelona,Vancouver,Canada,Museum,Vancouver Museum 65,"Main Road, Vancouver",Winter,3.85,3.9294117647058826
2085,886,2025,11,Business,37,4.4,Africa,Kenya,Nairobi,Mumbai,India,Historical Site,Mumbai Historical Site 37,"Main Road, Mumbai",Autumn,3.3200000000000003,3.752173913043478
2086,899,2022,8,Business,71,5.0,Africa,Egypt,Luxor,Rio de Janeiro,Brazil,Museum,Rio de Janeiro Museum 71,"Main Road, Rio de Janeiro",Summer,4.1,3.9066666666666667
2087,477,2022,10,Family,50,3.8,Africa,Kenya,Mombasa,Cancun,Mexico,Historical Site,Cancun Historical Site 50,"Main Road, Cancun",Autumn,3.25,3.5078947368421054
2088,232,2025,4,Couples,14,3.6,Asia,Thailand,Pattaya,Sao Paulo,Brazil,Historical Site,Sao Paulo Historical Site 14,"Main Road, Sao Paulo",Spring,3.542857142857143,3.788235294117647
2089,940,2022,1,Couples,98,3.9,Africa,Kenya,Mombasa,Mombasa,Kenya,Adventure,Mombasa Adventure 98,"Main Road, Mombasa",Winter,3.988888888888889,4.017543859649122
2090,649,2023,1,Friends,28,3.3,Asia,India,Jaipur,Rio de Janeiro,Brazil,Beach,Rio de Janeiro Beach 28,"Main Road, Rio de Janeiro",Winter,3.8125,3.7065217391304346
2091,333,2023,6,Solo,55,3.2,Europe,Italy,Venice,Mumbai,India,Wildlife,Mumbai Wildlife 55,"Main Road, Mumbai",Summer,3.4166666666666665,3.6921568627450982
2092,877,2024,12,Couples,81,4.2,Africa,South Africa,Johannesburg,Luxor,Egypt,Park,Luxor Park 81,"Main Road, Luxor",Winter,3.6199999999999997,3.8309090909090906
2093,508,2024,4,Couples,81,5.0,Europe,Italy,Venice,Luxor,Egypt,Park,Luxor Park 81,"Main Road, Luxor",Spring,3.9200000000000004,3.8309090909090906
2094,351,2024,2,Couples,4,4.9,Europe,France,Nice,Buenos Aires,Argentina,Temple,Buenos Aires Temple 4,"Main Road, Buenos Aires",Winter,4.111111111111111,3.96
2095,906,2022,4,Family,94,3.7,South America,Argentina,Buenos Aires,Melbourne,Australia,Temple,Melbourne Temple 94,"Main Road, Melbourne",Spring,3.875,3.6732142857142853
2096,178,2025,11,Family,21,4.0,Africa,Egypt,Cairo,Luxor,Egypt,Temple,Luxor Temple 21,"Main Road, Luxor",Autumn,3.8666666666666667,3.8267857142857147
2097,332,2022,3,Couples,30,4.3,Australia,New Zealand,Queenstown,Cape Town,South Africa,Museum,Cape Town Museum 30,"Main Road, Cape Town",Spring,3.8,3.811111111111111
2098,892,2025,6,Couples,15,3.6,North America,Mexico,Cancun,Jaipur,India,Historical Site,Jaipur Historical Site 15,"Main Road, Jaipur",Summer,4.133333333333334,3.8632653061224493
2099,186,2023,1,Family,46,5.0,Europe,France,Nice,Jaipur,India,Shopping,Jaipur Shopping 46,"Main Road, Jaipur",Winter,4.45,3.7113636363636364
2100,695,2023,6,Couples,2,3.8,South America,Chile,Santiago,Sao Paulo,Brazil,Historical Site,Sao Paulo Historical Site 2,"Main Road, Sao Paulo",Summer,3.6166666666666667,3.727272727272727
2101,925,2024,7,Business,67,4.3,Africa,South Africa,Cape Town,Auckland,New Zealand,Historical Site,Auckland Historical Site 67,"Main Road, Auckland",Summer,3.9272727272727277,3.736842105263158
2102,228,2022,2,Friends,87,4.1,South America,Argentina,Buenos Aires,Vancouver,Canada,Park,Vancouver Park 87,"Main Road, Vancouver",Winter,4.35,3.881818181818182
2103,722,2025,11,Friends,62,5.0,Africa,South Africa,Cape Town,Buenos Aires,Argentina,Park,Buenos Aires Park 62,"Main Road, Buenos Aires",Autumn,4.414285714285714,3.8065217391304347
2104,684,2025,6,Solo,10,4.2,Europe,Germany,Munich,Toronto,Canada,Wildlife,Toronto Wildlife 10,"Main Road, Toronto",Summer,3.725,3.8257575757575757
2105,34,2024,6,Couples,96,4.3,Europe,Italy,Venice,Cancun,Mexico,Adventure,Cancun Adventure 96,"Main Road, Cancun",Summer,4.1,3.5860000000000003
2106,24,2024,10,Family,88,5.0,South America,Chile,Santiago,Tokyo,Japan,Shopping,Tokyo Shopping 88,"Main Road, Tokyo",Autumn,3.96,3.901818181818182
2107,327,2023,12,Family,74,4.0,Asia,Japan,Tokyo,Sydney,Australia,Historical Site,Sydney Historical Site 74,"Main Road, Sydney",Winter,4.016666666666667,4.0487179487179485
2108,339,2023,10,Solo,68,1.9,Europe,Spain,Madrid,Toronto,Canada,Shopping,Toronto Shopping 68,"Main Road, Toronto",Autumn,3.1999999999999997,3.607142857142857
2109,632,2024,9,Friends,55,4.5,Asia,Thailand,Bangkok,Mumbai,India,Wildlife,Mumbai Wildlife 55,"Main Road, Mumbai",Autumn,3.34,3.6921568627450982
2110,527,2023,5,Family,37,4.9,Europe,Spain,Barcelona,Mumbai,India,Historical Site,Mumbai Historical Site 37,"Main Road, Mumbai",Spring,4.040000000000001,3.752173913043478
2111,352,2022,9,Couples,21,3.7,North America,Mexico,Cancun,Luxor,Egypt,Temple,Luxor Temple 21,"Main Road, Luxor",Autumn,3.8,3.8267857142857147
2112,260,2022,10,Business,43,4.5,Europe,France,Paris,Cape Town,South Africa,Shopping,Cape Town Shopping 43,"Main Road, Cape Town",Autumn,3.6999999999999997,3.772
2113,492,2024,5,Friends,55,5.0,Africa,Egypt,Cairo,Mumbai,India,Wildlife,Mumbai Wildlife 55,"Main Road, Mumbai",Spring,3.966666666666667,3.6921568627450982
2114,211,2025,3,Solo,39,3.9,Europe,France,Nice,Munich,Germany,Shopping,Munich Shopping 39,"Main Road, Munich",Spring,3.7,3.965909090909091
2115,762,2022,2,Family,57,3.8,Asia,Singapore,Singapore,Queenstown,New Zealand,Beach,Queenstown Beach 57,"Main Road, Queenstown",Winter,3.433333333333333,3.8095238095238093
2116,954,2023,7,Couples,30,2.4,Australia,New Zealand,Queenstown,Cape Town,South Africa,Museum,Cape Town Museum 30,"Main Road, Cape Town",Summer,3.6875,3.811111111111111
2117,69,2023,4,Couples,35,3.9,South America,Argentina,Buenos Aires,Paris,France,Beach,Paris Beach 35,"Main Road, Paris",Spring,3.9,3.728
2118,424,2022,6,Couples,29,4.6,Africa,Kenya,Mombasa,Santiago,Chile,Wildlife,Santiago Wildlife 29,"Main Road, Santiago",Summer,4.016666666666667,3.7943396226415094
2119,881,2025,4,Couples,69,4.1,Europe,Spain,Madrid,Johannesburg,South Africa,Shopping,Johannesburg Shopping 69,"Main Road, Johannesburg",Spring,3.966666666666667,3.818032786885246
2120,326,2022,8,Couples,55,3.2,North America,Canada,Vancouver,Mumbai,India,Wildlife,Mumbai Wildlife 55,"Main Road, Mumbai",Summer,3.95,3.6921568627450982
2121,379,2024,4,Friends,34,3.1,Asia,India,Jaipur,Mombasa,Kenya,Temple,Mombasa Temple 34,"Main Road, Mombasa",Spring,3.55,3.764
2122,259,2022,3,Solo,30,3.5,Europe,Spain,Barcelona,Cape Town,South Africa,Museum,Cape Town Museum 30,"Main Road, Cape Town",Spring,3.3833333333333333,3.811111111111111
2123,416,2022,9,Couples,42,3.2,Europe,France,Paris,Singapore,Singapore,Wildlife,Singapore Wildlife 42,"Main Road, Singapore",Autumn,3.22,3.706382978723404
2124,992,2024,8,Friends,31,2.7,Europe,France,Nice,Queenstown,New Zealand,Historical Site,Queenstown Historical Site 31,"Main Road, Queenstown",Summer,3.8857142857142857,3.663157894736842
2125,537,2025,10,Business,36,2.3,South America,Chile,Santiago,Singapore,Singapore,Beach,Singapore Beach 36,"Main Road, Singapore",Autumn,3.625,3.7410714285714284
2126,400,2023,8,Solo,16,3.7,Africa,South Africa,Johannesburg,Sao Paulo,Brazil,Historical Site,Sao Paulo Historical Site 16,"Main Road, Sao Paulo",Summer,3.6833333333333336,3.932758620689655
2127,759,2023,1,Business,75,4.1,Europe,Italy,Venice,Vancouver,Canada,Park,Vancouver Park 75,"Main Road, Vancouver",Winter,4.2,3.861818181818182
2128,476,2023,1,Business,45,4.4,Asia,Japan,Tokyo,Cairo,Egypt,Park,Cairo Park 45,"Main Road, Cairo",Winter,3.814285714285714,3.852830188679245
2129,904,2025,11,Solo,40,3.8,Africa,Kenya,Nairobi,Cape Town,South Africa,Museum,Cape Town Museum 40,"Main Road, Cape Town",Autumn,4.0600000000000005,3.815909090909091
2130,586,2022,12,Couples,36,3.6,Asia,Thailand,Phuket,Singapore,Singapore,Beach,Singapore Beach 36,"Main Road, Singapore",Winter,3.75,3.7410714285714284
2131,313,2024,2,Friends,74,3.4,Australia,New Zealand,Auckland,Sydney,Australia,Historical Site,Sydney Historical Site 74,"Main Road, Sydney",Winter,3.375,4.0487179487179485
2132,593,2024,5,Friends,10,3.7,Africa,Kenya,Nairobi,Toronto,Canada,Wildlife,Toronto Wildlife 10,"Main Road, Toronto",Spring,4.220000000000001,3.8257575757575757
2133,828,2022,12,Family,31,4.2,Asia,Singapore,Singapore,Queenstown,New Zealand,Historical Site,Queenstown Historical Site 31,"Main Road, Queenstown",Winter,3.85,3.663157894736842
2134,794,2025,4,Solo,51,4.3,South America,Argentina,Buenos Aires,Mexico City,Mexico,Temple,Mexico City Temple 51,"Main Road, Mexico City",Spring,3.46,3.861290322580645
2135,643,2022,9,Friends,14,3.0,Africa,Kenya,Mombasa,Sao Paulo,Brazil,Historical Site,Sao Paulo Historical Site 14,"Main Road, Sao Paulo",Autumn,3.28,3.788235294117647
2136,187,2024,2,Couples,81,3.6,Africa,Kenya,Nairobi,Luxor,Egypt,Park,Luxor Park 81,"Main Road, Luxor",Winter,3.175,3.8309090909090906
2137,637,2023,10,Couples,66,3.2,Australia,Australia,Melbourne,Kyoto,Japan,Historical Site,Kyoto Historical Site 66,"Main Road, Kyoto",Autumn,3.5142857142857147,3.8181818181818183
2138,793,2022,9,Couples,44,4.5,Asia,Thailand,Bangkok,Rio de Janeiro,Brazil,Temple,Rio de Janeiro Temple 44,"Main Road, Rio de Janeiro",Autumn,3.825,3.825
2139,236,2022,5,Family,26,3.2,North America,USA,Los Angeles,Rome,Italy,Temple,Rome Temple 26,"Main Road, Rome",Spring,3.533333333333333,3.829310344827586
2140,543,2025,7,Solo,19,3.0,Asia,Japan,Tokyo,Auckland,New Zealand,Park,Auckland Park 19,"Main Road, Auckland",Summer,3.725,3.689583333333333
2141,862,2025,3,Family,85,3.6,Europe,Germany,Munich,Rome,Italy,Historical Site,Rome Historical Site 85,"Main Road, Rome",Spring,3.642857142857143,3.8607843137254902
2142,399,2023,12,Family,94,3.3,North America,Mexico,Mexico City,Melbourne,Australia,Temple,Melbourne Temple 94,"Main Road, Melbourne",Winter,3.5500000000000003,3.6732142857142853
2143,824,2022,2,Couples,23,3.8,South America,Brazil,Rio de Janeiro,Los Angeles,USA,Adventure,Los Angeles Adventure 23,"Main Road, Los Angeles",Winter,4.1,3.919047619047619
2144,162,2022,1,Friends,75,3.6,Europe,Spain,Barcelona,Vancouver,Canada,Park,Vancouver Park 75,"Main Road, Vancouver",Winter,3.963636363636364,3.861818181818182
2145,450,2022,5,Couples,98,5.0,Asia,India,Delhi,Mombasa,Kenya,Adventure,Mombasa Adventure 98,"Main Road, Mombasa",Spring,4.140000000000001,4.017543859649122
2146,786,2024,5,Couples,53,3.6,Australia,Australia,Sydney,Milan,Italy,Shopping,Milan Shopping 53,"Main Road, Milan",Spring,3.96,3.685106382978723
2147,287,2023,1,Business,91,3.1,Asia,Thailand,Phuket,Singapore,Singapore,Historical Site,Singapore Historical Site 91,"Main Road, Singapore",Winter,3.525,3.924137931034483
2148,181,2022,2,Family,85,4.3,North America,Mexico,Mexico City,Rome,Italy,Historical Site,Rome Historical Site 85,"Main Road, Rome",Winter,3.966666666666667,3.8607843137254902
2149,260,2023,4,Family,77,3.1,Europe,France,Paris,Rome,Italy,Temple,Rome Temple 77,"Main Road, Rome",Spring,3.6999999999999997,3.836734693877551
2150,923,2024,1,Couples,60,4.5,South America,Argentina,Buenos Aires,Johannesburg,South Africa,Museum,Johannesburg Museum 60,"Main Road, Johannesburg",Winter,3.62,3.7857142857142856
2151,851,2022,8,Couples,52,3.5,Asia,Thailand,Pattaya,Mombasa,Kenya,Shopping,Mombasa Shopping 52,"Main Road, Mombasa",Summer,3.814285714285714,3.9035087719298245
2152,196,2025,4,Friends,45,3.6,North America,Canada,Vancouver,Cairo,Egypt,Park,Cairo Park 45,"Main Road, Cairo",Spring,3.783333333333333,3.852830188679245
2153,865,2022,1,Solo,71,3.4,Africa,Egypt,Cairo,Rio de Janeiro,Brazil,Museum,Rio de Janeiro Museum 71,"Main Road, Rio de Janeiro",Winter,3.9785714285714286,3.9066666666666667
2154,66,2025,7,Business,9,3.6,South America,Argentina,Buenos Aires,Nice,France,Adventure,Nice Adventure 9,"Main Road, Nice",Summer,3.8375,3.709803921568627
2155,749,2024,8,Family,43,2.9,Asia,India,Goa,Cape Town,South Africa,Shopping,Cape Town Shopping 43,"Main Road, Cape Town",Summer,2.8499999999999996,3.772
2156,155,2025,1,Family,15,4.3,Australia,New Zealand,Queenstown,Jaipur,India,Historical Site,Jaipur Historical Site 15,"Main Road, Jaipur",Winter,3.6875,3.8632653061224493
2157,848,2023,2,Couples,15,3.9,Europe,France,Paris,Jaipur,India,Historical Site,Jaipur Historical Site 15,"Main Road, Jaipur",Winter,3.7714285714285714,3.8632653061224493
2158,410,2025,7,Couples,86,3.1,Asia,Singapore,Singapore,Cape Town,South Africa,Historical Site,Cape Town Historical Site 86,"Main Road, Cape Town",Summer,2.9000000000000004,3.6799999999999997
2159,905,2025,12,Friends,20,4.0,Australia,Australia,Sydney,Vancouver,Canada,Wildlife,Vancouver Wildlife 20,"Main Road, Vancouver",Winter,4.0,3.775
2160,916,2025,12,Family,60,3.5,Europe,France,Paris,Johannesburg,South Africa,Museum,Johannesburg Museum 60,"Main Road, Johannesburg",Winter,3.95,3.7857142857142856
2161,753,2025,3,Couples,17,4.6,Europe,Germany,Berlin,Buenos Aires,Argentina,Wildlife,Buenos Aires Wildlife 17,"Main Road, Buenos Aires",Spring,3.5999999999999996,3.9155555555555552
2162,879,2023,2,Business,11,3.7,Asia,Singapore,Singapore,Pattaya,Thailand,Beach,Pattaya Beach 11,"Main Road, Pattaya",Winter,3.9,3.7121951219512193
2163,196,2022,12,Couples,17,3.5,North America,Canada,Vancouver,Buenos Aires,Argentina,Wildlife,Buenos Aires Wildlife 17,"Main Road, Buenos Aires",Winter,3.783333333333333,3.9155555555555552
2164,264,2023,8,Couples,55,3.5,Asia,India,Goa,Mumbai,India,Wildlife,Mumbai Wildlife 55,"Main Road, Mumbai",Summer,3.6999999999999997,3.6921568627450982
2165,671,2025,4,Friends,48,4.8,Europe,Spain,Barcelona,Nairobi,Kenya,Adventure,Nairobi Adventure 48,"Main Road, Nairobi",Spring,4.8,3.845833333333333
2166,597,2022,10,Couples,13,3.6,Australia,Australia,Sydney,Auckland,New Zealand,Wildlife,Auckland Wildlife 13,"Main Road, Auckland",Autumn,3.6875,3.8711864406779664
2167,238,2024,7,Family,22,4.2,South America,Brazil,Sao Paulo,Melbourne,Australia,Adventure,Melbourne Adventure 22,"Main Road, Melbourne",Summer,4.166666666666667,3.8629629629629627
2168,842,2023,10,Solo,39,4.3,Africa,Egypt,Cairo,Munich,Germany,Shopping,Munich Shopping 39,"Main Road, Munich",Autumn,3.8428571428571425,3.965909090909091
2169,197,2023,2,Couples,65,4.0,North America,USA,Los Angeles,Vancouver,Canada,Museum,Vancouver Museum 65,"Main Road, Vancouver",Winter,4.05,3.9294117647058826
2170,657,2024,9,Solo,79,3.2,Australia,Australia,Melbourne,Mexico City,Mexico,Historical Site,Mexico City Historical Site 79,"Main Road, Mexico City",Autumn,3.988888888888889,3.861224489795918
2171,296,2024,3,Solo,84,4.2,Asia,India,Delhi,Singapore,Singapore,Temple,Singapore Temple 84,"Main Road, Singapore",Spring,3.7600000000000002,3.7846153846153845
2172,813,2024,2,Business,52,2.3,Asia,Thailand,Bangkok,Mombasa,Kenya,Shopping,Mombasa Shopping 52,"Main Road, Mombasa",Winter,3.5625,3.9035087719298245
2173,168,2025,11,Friends,14,4.0,South America,Chile,Santiago,Sao Paulo,Brazil,Historical Site,Sao Paulo Historical Site 14,"Main Road, Sao Paulo",Autumn,3.8666666666666667,3.788235294117647
2174,217,2023,1,Friends,66,3.9,Europe,Spain,Barcelona,Kyoto,Japan,Historical Site,Kyoto Historical Site 66,"Main Road, Kyoto",Winter,3.85,3.8181818181818183
2175,152,2025,8,Business,91,4.8,North America,Canada,Toronto,Singapore,Singapore,Historical Site,Singapore Historical Site 91,"Main Road, Singapore",Summer,4.266666666666667,3.924137931034483
2176,148,2024,1,Couples,16,4.8,Africa,South Africa,Cape Town,Sao Paulo,Brazil,Historical Site,Sao Paulo Historical Site 16,"Main Road, Sao Paulo",Winter,3.95,3.932758620689655
2177,1000,2022,7,Solo,44,3.6,Europe,Germany,Berlin,Rio de Janeiro,Brazil,Temple,Rio de Janeiro Temple 44,"Main Road, Rio de Janeiro",Summer,3.8285714285714283,3.825
2178,337,2022,4,Family,98,4.7,Australia,Australia,Melbourne,Mombasa,Kenya,Adventure,Mombasa Adventure 98,"Main Road, Mombasa",Spring,3.783333333333333,4.017543859649122
2179,684,2022,4,Business,4,3.4,Europe,Germany,Munich,Buenos Aires,Argentina,Temple,Buenos Aires Temple 4,"Main Road, Buenos Aires",Spring,3.725,3.96
2180,289,2025,1,Family,84,4.0,South America,Brazil,Sao Paulo,Singapore,Singapore,Temple,Singapore Temple 84,"Main Road, Singapore",Winter,4.1,3.7846153846153845
2181,802,2022,8,Business,91,3.8,Africa,South Africa,Cape Town,Singapore,Singapore,Historical Site,Singapore Historical Site 91,"Main Road, Singapore",Summer,3.6999999999999997,3.924137931034483
2182,785,2025,3,Family,21,3.1,North America,USA,New York,Luxor,Egypt,Temple,Luxor Temple 21,"Main Road, Luxor",Spring,4.022222222222222,3.8267857142857147
2183,491,2024,10,Friends,92,4.0,South America,Argentina,Buenos Aires,Queenstown,New Zealand,Museum,Queenstown Museum 92,"Main Road, Queenstown",Autumn,3.9749999999999996,4.0339285714285715
2184,637,2023,7,Solo,44,5.0,Australia,Australia,Melbourne,Rio de Janeiro,Brazil,Temple,Rio de Janeiro Temple 44,"Main Road, Rio de Janeiro",Summer,3.5142857142857147,3.825
2185,275,2025,6,Couples,76,3.7,South America,Argentina,Buenos Aires,Tokyo,Japan,Temple,Tokyo Temple 76,"Main Road, Tokyo",Summer,3.88,3.817777777777778
2186,989,2024,12,Solo,21,3.2,Africa,South Africa,Johannesburg,Luxor,Egypt,Temple,Luxor Temple 21,"Main Road, Luxor",Winter,4.2,3.8267857142857147
2187,62,2023,12,Business,58,3.9,Africa,Kenya,Nairobi,Mumbai,India,Wildlife,Mumbai Wildlife 58,"Main Road, Mumbai",Winter,4.014285714285714,3.7518518518518515
2188,727,2023,6,Couples,34,3.4,South America,Chile,Santiago,Mombasa,Kenya,Temple,Mombasa Temple 34,"Main Road, Mombasa",Summer,2.9,3.764
2189,25,2025,10,Family,62,4.4,South America,Chile,Santiago,Buenos Aires,Argentina,Park,Buenos Aires Park 62,"Main Road, Buenos Aires",Autumn,3.7750000000000004,3.8065217391304347
2190,311,2023,3,Friends,88,3.5,Europe,France,Paris,Tokyo,Japan,Shopping,Tokyo Shopping 88,"Main Road, Tokyo",Spring,3.5799999999999996,3.901818181818182
2191,672,2024,11,Couples,24,3.5,Europe,Germany,Berlin,Nairobi,Kenya,Museum,Nairobi Museum 24,"Main Road, Nairobi",Autumn,4.0,3.8804878048780487
2192,671,2023,10,Business,74,4.7,Europe,Spain,Barcelona,Sydney,Australia,Historical Site,Sydney Historical Site 74,"Main Road, Sydney",Autumn,4.8,4.0487179487179485
2193,288,2022,5,Friends,91,3.0,Australia,New Zealand,Queenstown,Singapore,Singapore,Historical Site,Singapore Historical Site 91,"Main Road, Singapore",Spring,4.1571428571428575,3.924137931034483
2194,699,2023,12,Business,77,3.5,South America,Chile,Santiago,Rome,Italy,Temple,Rome Temple 77,"Main Road, Rome",Winter,3.744444444444445,3.836734693877551
2195,470,2025,11,Business,82,4.4,South America,Brazil,Sao Paulo,Sydney,Australia,Temple,Sydney Temple 82,"Main Road, Sydney",Autumn,4.25,3.7333333333333334
2196,68,2023,4,Friends,5,4.2,Asia,India,Mumbai,Santiago,Chile,Adventure,Santiago Adventure 5,"Main Road, Santiago",Spring,4.266666666666667,3.691111111111111
2197,799,2025,11,Couples,66,4.0,Europe,Italy,Rome,Kyoto,Japan,Historical Site,Kyoto Historical Site 66,"Main Road, Kyoto",Autumn,4.116666666666666,3.8181818181818183
2198,187,2022,8,Family,64,3.1,Africa,Kenya,Nairobi,Madrid,Spain,Beach,Madrid Beach 64,"Main Road, Madrid",Summer,3.175,3.8058823529411763
2199,108,2022,5,Friends,88,3.6,Europe,Spain,Madrid,Tokyo,Japan,Shopping,Tokyo Shopping 88,"Main Road, Tokyo",Spring,3.9000000000000004,3.901818181818182
2200,447,2025,3,Couples,25,3.4,Africa,Egypt,Luxor,Cairo,Egypt,Temple,Cairo Temple 25,"Main Road, Cairo",Spring,4.1875,3.595555555555556
2201,876,2023,9,Solo,66,2.6,Europe,Spain,Madrid,Kyoto,Japan,Historical Site,Kyoto Historical Site 66,"Main Road, Kyoto",Autumn,3.3499999999999996,3.8181818181818183
2202,253,2024,4,Family,72,3.6,Africa,South Africa,Cape Town,Luxor,Egypt,Temple,Luxor Temple 72,"Main Road, Luxor",Spring,4.3,3.696296296296296
2203,246,2022,12,Solo,85,3.4,Africa,Egypt,Cairo,Rome,Italy,Historical Site,Rome Historical Site 85,"Main Road, Rome",Winter,3.5799999999999996,3.8607843137254902
2204,188,2024,5,Friends,4,4.9,Asia,Singapore,Singapore,Buenos Aires,Argentina,Temple,Buenos Aires Temple 4,"Main Road, Buenos Aires",Spring,3.483333333333334,3.96
2205,15,2023,6,Solo,64,4.1,Australia,New Zealand,Auckland,Madrid,Spain,Beach,Madrid Beach 64,"Main Road, Madrid",Summer,4.211111111111111,3.8058823529411763
2206,921,2023,4,Business,28,3.7,North America,Mexico,Mexico City,Rio de Janeiro,Brazil,Beach,Rio de Janeiro Beach 28,"Main Road, Rio de Janeiro",Spring,3.5142857142857147,3.7065217391304346
2207,901,2024,10,Family,65,3.7,South America,Chile,Santiago,Vancouver,Canada,Museum,Vancouver Museum 65,"Main Road, Vancouver",Autumn,3.94,3.9294117647058826
2208,482,2024,3,Business,69,4.3,Africa,Egypt,Luxor,Johannesburg,South Africa,Shopping,Johannesburg Shopping 69,"Main Road, Johannesburg",Spring,3.8272727272727276,3.818032786885246
2209,513,2023,10,Friends,22,4.2,North America,Canada,Vancouver,Melbourne,Australia,Adventure,Melbourne Adventure 22,"Main Road, Melbourne",Autumn,4.1,3.8629629629629627
2210,768,2024,10,Solo,23,2.9,South America,Argentina,Buenos Aires,Los Angeles,USA,Adventure,Los Angeles Adventure 23,"Main Road, Los Angeles",Autumn,3.8333333333333335,3.919047619047619
2211,294,2024,2,Friends,40,3.4,South America,Chile,Santiago,Cape Town,South Africa,Museum,Cape Town Museum 40,"Main Road, Cape Town",Winter,4.46,3.815909090909091
2212,134,2023,12,Business,3,4.4,Australia,New Zealand,Queenstown,Rio de Janeiro,Brazil,Adventure,Rio de Janeiro Adventure 3,"Main Road, Rio de Janeiro",Winter,3.9857142857142853,3.791111111111111
2213,863,2023,3,Couples,75,3.8,Asia,India,Delhi,Vancouver,Canada,Park,Vancouver Park 75,"Main Road, Vancouver",Spring,4.04,3.861818181818182
2214,12,2023,7,Couples,67,3.7,Asia,India,Jaipur,Auckland,New Zealand,Historical Site,Auckland Historical Site 67,"Main Road, Auckland",Summer,3.7399999999999998,3.736842105263158
2215,290,2022,7,Friends,32,5.0,Europe,Germany,Munich,Buenos Aires,Argentina,Shopping,Buenos Aires Shopping 32,"Main Road, Buenos Aires",Summer,4.18,3.812244897959184
2216,928,2025,1,Solo,43,3.6,Africa,South Africa,Cape Town,Cape Town,South Africa,Shopping,Cape Town Shopping 43,"Main Road, Cape Town",Winter,3.6333333333333337,3.772
2217,249,2022,8,Couples,74,4.7,Asia,Thailand,Bangkok,Sydney,Australia,Historical Site,Sydney Historical Site 74,"Main Road, Sydney",Summer,4.075,4.0487179487179485
2218,457,2024,11,Family,46,4.3,South America,Chile,Santiago,Jaipur,India,Shopping,Jaipur Shopping 46,"Main Road, Jaipur",Autumn,3.8600000000000003,3.7113636363636364
2219,996,2024,6,Family,26,3.4,Australia,New Zealand,Auckland,Rome,Italy,Temple,Rome Temple 26,"Main Road, Rome",Summer,3.575,3.829310344827586
2220,995,2024,3,Business,73,3.4,Australia,Australia,Melbourne,Queenstown,New Zealand,Shopping,Queenstown Shopping 73,"Main Road, Queenstown",Spring,4.466666666666666,3.7816666666666667
2221,683,2024,2,Family,12,4.0,Africa,Kenya,Nairobi,New York,USA,Historical Site,New York Historical Site 12,"Main Road, New York",Winter,3.875,3.8160714285714286
2222,813,2024,7,Solo,86,3.8,Asia,Thailand,Bangkok,Cape Town,South Africa,Historical Site,Cape Town Historical Site 86,"Main Road, Cape Town",Summer,3.5625,3.6799999999999997
2223,227,2025,4,Couples,23,3.5,Africa,Egypt,Cairo,Los Angeles,USA,Adventure,Los Angeles Adventure 23,"Main Road, Los Angeles",Spring,3.325,3.919047619047619
2224,40,2023,1,Family,54,3.8,Africa,South Africa,Cape Town,Rio de Janeiro,Brazil,Shopping,Rio de Janeiro Shopping 54,"Main Road, Rio de Janeiro",Winter,3.6,3.7326086956521736
2225,119,2025,2,Friends,50,2.7,South America,Chile,Santiago,Cancun,Mexico,Historical Site,Cancun Historical Site 50,"Main Road, Cancun",Winter,3.0125,3.5078947368421054
2226,45,2023,6,Friends,9,3.5,North America,Mexico,Cancun,Nice,France,Adventure,Nice Adventure 9,"Main Road, Nice",Summer,3.8428571428571425,3.709803921568627
2227,234,2023,5,Couples,35,3.9,South America,Brazil,Rio de Janeiro,Paris,France,Beach,Paris Beach 35,"Main Road, Paris",Spring,3.557142857142857,3.728
2228,36,2024,5,Business,90,3.7,Asia,Japan,Tokyo,Nice,France,Temple,Nice Temple 90,"Main Road, Nice",Spring,4.06,3.7215686274509805
2229,402,2023,8,Family,1,3.0,North America,Mexico,Mexico City,Berlin,Germany,Wildlife,Berlin Wildlife 1,"Main Road, Berlin",Summer,3.5666666666666664,3.782051282051282
2230,574,2024,5,Solo,1,4.5,North America,Canada,Toronto,Berlin,Germany,Wildlife,Berlin Wildlife 1,"Main Road, Berlin",Spring,4.116666666666666,3.782051282051282
2231,992,2023,4,Couples,84,3.8,Europe,France,Nice,Singapore,Singapore,Temple,Singapore Temple 84,"Main Road, Singapore",Spring,3.8857142857142857,3.7846153846153845
2232,219,2023,11,Solo,10,3.2,Australia,New Zealand,Auckland,Toronto,Canada,Wildlife,Toronto Wildlife 10,"Main Road, Toronto",Autumn,3.6100000000000003,3.8257575757575757
2233,587,2022,1,Solo,6,4.2,North America,Mexico,Cancun,Johannesburg,South Africa,Museum,Johannesburg Museum 6,"Main Road, Johannesburg",Winter,3.88,3.8461538461538463
2234,830,2022,8,Family,83,3.6,Australia,New Zealand,Auckland,Melbourne,Australia,Wildlife,Melbourne Wildlife 83,"Main Road, Melbourne",Summer,4.225,3.851282051282051
2235,930,2025,9,Couples,22,4.7,North America,Canada,Toronto,Melbourne,Australia,Adventure,Melbourne Adventure 22,"Main Road, Melbourne",Autumn,3.966666666666667,3.8629629629629627
2236,906,2022,2,Solo,45,3.3,South America,Argentina,Buenos Aires,Cairo,Egypt,Park,Cairo Park 45,"Main Road, Cairo",Winter,3.875,3.852830188679245
2237,645,2025,2,Friends,10,3.6,Europe,France,Paris,Toronto,Canada,Wildlife,Toronto Wildlife 10,"Main Road, Toronto",Winter,4.05,3.8257575757575757
2238,345,2022,8,Business,64,2.8,Africa,Kenya,Nairobi,Madrid,Spain,Beach,Madrid Beach 64,"Main Road, Madrid",Summer,3.6714285714285713,3.8058823529411763
2239,160,2022,8,Family,70,4.1,Australia,New Zealand,Auckland,Sydney,Australia,Beach,Sydney Beach 70,"Main Road, Sydney",Summer,3.775,3.7588235294117647
2240,283,2022,12,Business,8,3.2,North America,USA,Los Angeles,Las Vegas,USA,Museum,Las Vegas Museum 8,"Main Road, Las Vegas",Winter,3.3333333333333335,3.716279069767442
2241,967,2023,6,Couples,47,4.8,Australia,New Zealand,Queenstown,New York,USA,Historical Site,New York Historical Site 47,"Main Road, New York",Summer,3.8857142857142857,3.9181818181818184
2242,131,2025,4,Family,14,2.8,North America,USA,New York,Sao Paulo,Brazil,Historical Site,Sao Paulo Historical Site 14,"Main Road, Sao Paulo",Spring,3.6,3.788235294117647
2243,720,2025,9,Couples,5,4.6,Africa,South Africa,Johannesburg,Santiago,Chile,Adventure,Santiago Adventure 5,"Main Road, Santiago",Autumn,3.84,3.691111111111111
2244,617,2024,12,Business,90,2.7,North America,Mexico,Cancun,Nice,France,Temple,Nice Temple 90,"Main Road, Nice",Winter,3.2285714285714286,3.7215686274509805
2245,895,2024,1,Business,55,4.2,South America,Chile,Santiago,Mumbai,India,Wildlife,Mumbai Wildlife 55,"Main Road, Mumbai",Winter,3.7714285714285714,3.6921568627450982
2246,627,2023,5,Business,53,3.6,Africa,Kenya,Mombasa,Milan,Italy,Shopping,Milan Shopping 53,"Main Road, Milan",Spring,3.95,3.685106382978723
2247,787,2022,7,Family,1,1.8,Asia,Thailand,Bangkok,Berlin,Germany,Wildlife,Berlin Wildlife 1,"Main Road, Berlin",Summer,3.6555555555555554,3.782051282051282
2248,327,2023,6,Solo,57,4.1,Asia,Japan,Tokyo,Queenstown,New Zealand,Beach,Queenstown Beach 57,"Main Road, Queenstown",Summer,4.016666666666667,3.8095238095238093
2249,241,2025,4,Family,77,3.5,South America,Brazil,Rio de Janeiro,Rome,Italy,Temple,Rome Temple 77,"Main Road, Rome",Spring,3.533333333333333,3.836734693877551
2250,640,2023,11,Couples,45,4.1,Asia,Thailand,Pattaya,Cairo,Egypt,Park,Cairo Park 45,"Main Road, Cairo",Autumn,3.9666666666666663,3.852830188679245
2251,993,2022,12,Solo,93,4.3,Asia,India,Mumbai,Auckland,New Zealand,Adventure,Auckland Adventure 93,"Main Road, Auckland",Winter,3.975,3.7888888888888888
2252,7,2023,3,Family,30,4.5,South America,Argentina,Buenos Aires,Cape Town,South Africa,Museum,Cape Town Museum 30,"Main Road, Cape Town",Spring,3.6166666666666667,3.811111111111111
2253,568,2023,2,Business,73,4.2,North America,Canada,Vancouver,Queenstown,New Zealand,Shopping,Queenstown Shopping 73,"Main Road, Queenstown",Winter,3.72,3.7816666666666667
2254,38,2024,9,Family,62,5.0,Africa,Kenya,Nairobi,Buenos Aires,Argentina,Park,Buenos Aires Park 62,"Main Road, Buenos Aires",Autumn,3.7,3.8065217391304347
2255,961,2025,3,Couples,62,2.3,South America,Chile,Santiago,Buenos Aires,Argentina,Park,Buenos Aires Park 62,"Main Road, Buenos Aires",Spring,3.625,3.8065217391304347
2256,808,2022,9,Family,81,2.3,Africa,Egypt,Luxor,Luxor,Egypt,Park,Luxor Park 81,"Main Road, Luxor",Autumn,3.75,3.8309090909090906
2257,473,2022,6,Business,100,3.9,Europe,France,Nice,Mombasa,Kenya,Wildlife,Mombasa Wildlife 100,"Main Road, Mombasa",Summer,4.3,3.75
2258,302,2022,1,Friends,38,3.5,Europe,Italy,Venice,Luxor,Egypt,Museum,Luxor Museum 38,"Main Road, Luxor",Winter,3.9555555555555557,3.784313725490196
2259,292,2024,4,Business,74,3.2,South America,Argentina,Buenos Aires,Sydney,Australia,Historical Site,Sydney Historical Site 74,"Main Road, Sydney",Spring,3.457142857142857,4.0487179487179485
2260,925,2023,1,Business,56,4.1,Africa,South Africa,Cape Town,Madrid,Spain,Historical Site,Madrid Historical Site 56,"Main Road, Madrid",Winter,3.9272727272727277,3.892156862745098
2261,385,2022,3,Friends,63,3.9,South America,Chile,Santiago,Madrid,Spain,Shopping,Madrid Shopping 63,"Main Road, Madrid",Spring,3.8499999999999996,3.8245283018867924
2262,224,2025,6,Couples,33,4.9,Asia,Thailand,Phuket,New York,USA,Historical Site,New York Historical Site 33,"Main Road, New York",Summer,3.38,3.8160000000000003
2263,366,2024,7,Friends,4,3.8,South America,Chile,Santiago,Buenos Aires,Argentina,Temple,Buenos Aires Temple 4,"Main Road, Buenos Aires",Summer,3.94,3.96
2264,586,2024,4,Friends,99,4.0,Asia,Thailand,Phuket,Toronto,Canada,Adventure,Toronto Adventure 99,"Main Road, Toronto",Spring,3.75,3.735416666666667
2265,460,2022,10,Couples,65,3.2,North America,Mexico,Cancun,Vancouver,Canada,Museum,Vancouver Museum 65,"Main Road, Vancouver",Autumn,3.45,3.9294117647058826
2266,598,2023,9,Solo,26,4.0,Asia,Thailand,Phuket,Rome,Italy,Temple,Rome Temple 26,"Main Road, Rome",Autumn,3.25,3.829310344827586
2267,756,2024,6,Couples,63,4.2,Asia,India,Goa,Madrid,Spain,Shopping,Madrid Shopping 63,"Main Road, Madrid",Summer,4.1,3.8245283018867924
2268,587,2025,3,Couples,87,4.8,North America,Mexico,Cancun,Vancouver,Canada,Park,Vancouver Park 87,"Main Road, Vancouver",Spring,3.88,3.881818181818182
2269,419,2025,6,Solo,36,4.1,Asia,Thailand,Bangkok,Singapore,Singapore,Beach,Singapore Beach 36,"Main Road, Singapore",Summer,3.95,3.7410714285714284
2270,774,2023,6,Couples,57,2.9,Australia,Australia,Melbourne,Queenstown,New Zealand,Beach,Queenstown Beach 57,"Main Road, Queenstown",Summer,3.8666666666666667,3.8095238095238093
2271,241,2023,5,Solo,74,3.8,South America,Brazil,Rio de Janeiro,Sydney,Australia,Historical Site,Sydney Historical Site 74,"Main Road, Sydney",Spring,3.533333333333333,4.0487179487179485
2272,883,2025,8,Couples,19,5.0,Europe,Italy,Rome,Auckland,New Zealand,Park,Auckland Park 19,"Main Road, Auckland",Summer,3.975,3.689583333333333
2273,347,2023,11,Family,48,3.2,Asia,Thailand,Pattaya,Nairobi,Kenya,Adventure,Nairobi Adventure 48,"Main Road, Nairobi",Autumn,3.65,3.845833333333333
2274,773,2023,8,Friends,53,2.5,South America,Argentina,Buenos Aires,Milan,Italy,Shopping,Milan Shopping 53,"Main Road, Milan",Summer,3.28,3.685106382978723
2275,519,2023,5,Family,22,3.8,Africa,Kenya,Nairobi,Melbourne,Australia,Adventure,Melbourne Adventure 22,"Main Road, Melbourne",Spring,3.4599999999999995,3.8629629629629627
2276,74,2024,2,Family,5,3.7,North America,Canada,Toronto,Santiago,Chile,Adventure,Santiago Adventure 5,"Main Road, Santiago",Winter,3.822222222222222,3.691111111111111
2277,991,2023,6,Family,21,4.2,Europe,Italy,Venice,Luxor,Egypt,Temple,Luxor Temple 21,"Main Road, Luxor",Summer,4.733333333333333,3.8267857142857147
2278,606,2025,7,Solo,19,3.4,North America,USA,Las Vegas,Auckland,New Zealand,Park,Auckland Park 19,"Main Road, Auckland",Summer,3.7600000000000002,3.689583333333333
2279,949,2024,1,Solo,93,3.3,South America,Brazil,Sao Paulo,Auckland,New Zealand,Adventure,Auckland Adventure 93,"Main Road, Auckland",Winter,3.95,3.7888888888888888
2280,63,2024,3,Couples,98,3.6,Africa,South Africa,Cape Town,Mombasa,Kenya,Adventure,Mombasa Adventure 98,"Main Road, Mombasa",Spring,4.14,4.017543859649122
2281,633,2022,7,Couples,24,3.5,Asia,Singapore,Singapore,Nairobi,Kenya,Museum,Nairobi Museum 24,"Main Road, Nairobi",Summer,3.4499999999999997,3.8804878048780487
2282,504,2025,11,Friends,33,5.0,Australia,Australia,Sydney,New York,USA,Historical Site,New York Historical Site 33,"Main Road, New York",Autumn,3.8200000000000003,3.8160000000000003
2283,169,2022,2,Friends,12,3.5,South America,Argentina,Buenos Aires,New York,USA,Historical Site,New York Historical Site 12,"Main Road, New York",Winter,3.966666666666667,3.8160714285714286
2284,42,2024,4,Couples,98,4.2,Asia,Singapore,Singapore,Mombasa,Kenya,Adventure,Mombasa Adventure 98,"Main Road, Mombasa",Spring,4.3,4.017543859649122
2285,934,2023,9,Family,32,3.6,Africa,Kenya,Nairobi,Buenos Aires,Argentina,Shopping,Buenos Aires Shopping 32,"Main Road, Buenos Aires",Autumn,3.4714285714285715,3.812244897959184
2286,404,2024,9,Family,20,4.8,Australia,Australia,Melbourne,Vancouver,Canada,Wildlife,Vancouver Wildlife 20,"Main Road, Vancouver",Autumn,4.2,3.775
2287,15,2025,1,Couples,98,4.3,Australia,New Zealand,Auckland,Mombasa,Kenya,Adventure,Mombasa Adventure 98,"Main Road, Mombasa",Winter,4.211111111111111,4.017543859649122
2288,277,2022,3,Couples,5,3.5,Asia,Singapore,Singapore,Santiago,Chile,Adventure,Santiago Adventure 5,"Main Road, Santiago",Spring,3.733333333333333,3.691111111111111
2289,369,2025,9,Friends,48,3.9,Australia,New Zealand,Queenstown,Nairobi,Kenya,Adventure,Nairobi Adventure 48,"Main Road, Nairobi",Autumn,4.35,3.845833333333333
2290,865,2025,7,Friends,21,3.6,Africa,Egypt,Cairo,Luxor,Egypt,Temple,Luxor Temple 21,"Main Road, Luxor",Summer,3.9785714285714286,3.8267857142857147
2291,121,2023,2,Family,15,4.3,South America,Argentina,Buenos Aires,Jaipur,India,Historical Site,Jaipur Historical Site 15,"Main Road, Jaipur",Winter,4.116666666666666,3.8632653061224493
2292,540,2025,8,Family,100,3.3,Asia,Japan,Kyoto,Mombasa,Kenya,Wildlife,Mombasa Wildlife 100,"Main Road, Mombasa",Summer,3.0749999999999997,3.75
2293,563,2022,9,Friends,43,3.6,Europe,Germany,Munich,Cape Town,South Africa,Shopping,Cape Town Shopping 43,"Main Road, Cape Town",Autumn,3.357142857142857,3.772
2294,12,2022,2,Family,81,3.1,Asia,India,Jaipur,Luxor,Egypt,Park,Luxor Park 81,"Main Road, Luxor",Winter,3.7399999999999998,3.8309090909090906
2295,209,2024,1,Couples,35,2.8,Europe,Germany,Berlin,Paris,France,Beach,Paris Beach 35,"Main Road, Paris",Winter,3.7857142857142856,3.728
2296,915,2022,3,Solo,42,3.9,Australia,New Zealand,Auckland,Singapore,Singapore,Wildlife,Singapore Wildlife 42,"Main Road, Singapore",Spring,3.7,3.706382978723404
2297,581,2025,3,Solo,52,3.9,Africa,South Africa,Johannesburg,Mombasa,Kenya,Shopping,Mombasa Shopping 52,"Main Road, Mombasa",Spring,4.0,3.9035087719298245
2298,49,2022,9,Friends,18,3.1,South America,Argentina,Buenos Aires,Madrid,Spain,Historical Site,Madrid Historical Site 18,"Main Road, Madrid",Autumn,3.725,3.7285714285714286
2299,517,2025,11,Family,89,5.0,Africa,Egypt,Cairo,Sydney,Australia,Park,Sydney Park 89,"Main Road, Sydney",Autumn,3.8499999999999996,3.811764705882353
2300,727,2025,8,Couples,11,2.4,South America,Chile,Santiago,Pattaya,Thailand,Beach,Pattaya Beach 11,"Main Road, Pattaya",Summer,2.9,3.7121951219512193
2301,533,2022,10,Business,20,3.1,Europe,Spain,Madrid,Vancouver,Canada,Wildlife,Vancouver Wildlife 20,"Main Road, Vancouver",Autumn,3.811111111111111,3.775
2302,940,2023,5,Friends,62,2.8,Africa,Kenya,Mombasa,Buenos Aires,Argentina,Park,Buenos Aires Park 62,"Main Road, Buenos Aires",Spring,3.988888888888889,3.8065217391304347
2303,378,2024,1,Family,4,4.0,South America,Argentina,Buenos Aires,Buenos Aires,Argentina,Temple,Buenos Aires Temple 4,"Main Road, Buenos Aires",Winter,3.6454545454545455,3.96
2304,367,2022,7,Family,12,3.0,Australia,New Zealand,Queenstown,New York,USA,Historical Site,New York Historical Site 12,"Main Road, New York",Summer,3.6624999999999996,3.8160714285714286
2305,532,2025,6,Business,66,3.4,Africa,South Africa,Johannesburg,Kyoto,Japan,Historical Site,Kyoto Historical Site 66,"Main Road, Kyoto",Summer,3.525,3.8181818181818183
2306,20,2023,1,Family,36,4.4,Europe,Germany,Berlin,Singapore,Singapore,Beach,Singapore Beach 36,"Main Road, Singapore",Winter,4.5,3.7410714285714284
2307,242,2022,11,Friends,3,3.1,North America,USA,Las Vegas,Rio de Janeiro,Brazil,Adventure,Rio de Janeiro Adventure 3,"Main Road, Rio de Janeiro",Autumn,3.4000000000000004,3.791111111111111
2308,886,2024,7,Family,1,3.2,Africa,Kenya,Nairobi,Berlin,Germany,Wildlife,Berlin Wildlife 1,"Main Road, Berlin",Summer,3.3200000000000003,3.782051282051282
2309,212,2022,11,Couples,87,4.1,North America,Canada,Toronto,Vancouver,Canada,Park,Vancouver Park 87,"Main Road, Vancouver",Autumn,4.34,3.881818181818182
2310,246,2022,9,Family,4,4.4,Africa,Egypt,Cairo,Buenos Aires,Argentina,Temple,Buenos Aires Temple 4,"Main Road, Buenos Aires",Autumn,3.5799999999999996,3.96
2311,694,2025,2,Couples,64,3.7,Europe,Spain,Barcelona,Madrid,Spain,Beach,Madrid Beach 64,"Main Road, Madrid",Winter,3.6,3.8058823529411763
2312,276,2024,8,Family,16,3.8,Asia,Thailand,Bangkok,Sao Paulo,Brazil,Historical Site,Sao Paulo Historical Site 16,"Main Road, Sao Paulo",Summer,3.6333333333333333,3.932758620689655
2313,578,2023,9,Family,99,3.9,Africa,South Africa,Johannesburg,Toronto,Canada,Adventure,Toronto Adventure 99,"Main Road, Toronto",Autumn,4.125,3.735416666666667
2314,190,2023,6,Family,34,2.4,Europe,France,Paris,Mombasa,Kenya,Temple,Mombasa Temple 34,"Main Road, Mombasa",Summer,3.266666666666667,3.764
2315,276,2022,4,Family,50,3.8,Asia,Thailand,Bangkok,Cancun,Mexico,Historical Site,Cancun Historical Site 50,"Main Road, Cancun",Spring,3.6333333333333333,3.5078947368421054
2316,427,2024,12,Couples,62,4.7,North America,USA,Los Angeles,Buenos Aires,Argentina,Park,Buenos Aires Park 62,"Main Road, Buenos Aires",Winter,3.84,3.8065217391304347
2317,959,2023,7,Couples,2,2.6,Australia,New Zealand,Auckland,Sao Paulo,Brazil,Historical Site,Sao Paulo Historical Site 2,"Main Road, Sao Paulo",Summer,3.9,3.727272727272727
2318,894,2023,8,Couples,51,3.7,Africa,South Africa,Cape Town,Mexico City,Mexico,Temple,Mexico City Temple 51,"Main Road, Mexico City",Summer,3.88,3.861290322580645
2319,933,2024,7,Solo,53,4.0,Europe,Germany,Berlin,Milan,Italy,Shopping,Milan Shopping 53,"Main Road, Milan",Summer,3.5714285714285716,3.685106382978723
2320,993,2022,3,Solo,54,4.4,Asia,India,Mumbai,Rio de Janeiro,Brazil,Shopping,Rio de Janeiro Shopping 54,"Main Road, Rio de Janeiro",Spring,3.975,3.7326086956521736
2321,612,2022,2,Friends,95,3.3,Africa,Kenya,Mombasa,Singapore,Singapore,Park,Singapore Park 95,"Main Road, Singapore",Winter,3.483333333333333,3.819607843137255
2322,453,2022,10,Family,41,3.0,Europe,Italy,Rome,Vancouver,Canada,Beach,Vancouver Beach 41,"Main Road, Vancouver",Autumn,3.22,3.7526315789473683
2323,670,2025,5,Couples,77,4.6,Australia,Australia,Sydney,Rome,Italy,Temple,Rome Temple 77,"Main Road, Rome",Spring,3.6666666666666665,3.836734693877551
2324,212,2022,7,Friends,84,3.9,North America,Canada,Toronto,Singapore,Singapore,Temple,Singapore Temple 84,"Main Road, Singapore",Summer,4.34,3.7846153846153845
2325,892,2023,10,Business,32,4.9,North America,Mexico,Cancun,Buenos Aires,Argentina,Shopping,Buenos Aires Shopping 32,"Main Road, Buenos Aires",Autumn,4.133333333333334,3.812244897959184
2326,984,2025,7,Family,95,4.5,Europe,France,Paris,Singapore,Singapore,Park,Singapore Park 95,"Main Road, Singapore",Summer,4.125,3.819607843137255
2327,713,2024,4,Family,21,5.0,Asia,Thailand,Pattaya,Luxor,Egypt,Temple,Luxor Temple 21,"Main Road, Luxor",Spring,3.757142857142857,3.8267857142857147
2328,381,2024,3,Friends,11,4.0,South America,Brazil,Rio de Janeiro,Pattaya,Thailand,Beach,Pattaya Beach 11,"Main Road, Pattaya",Spring,3.742857142857143,3.7121951219512193
2329,445,2022,1,Solo,87,4.7,North America,Canada,Vancouver,Vancouver,Canada,Park,Vancouver Park 87,"Main Road, Vancouver",Winter,3.56,3.881818181818182
2330,698,2022,1,Family,54,3.4,South America,Argentina,Buenos Aires,Rio de Janeiro,Brazil,Shopping,Rio de Janeiro Shopping 54,"Main Road, Rio de Janeiro",Winter,4.220000000000001,3.7326086956521736
2331,718,2022,11,Friends,14,2.6,Asia,Japan,Tokyo,Sao Paulo,Brazil,Historical Site,Sao Paulo Historical Site 14,"Main Road, Sao Paulo",Autumn,3.4,3.788235294117647
2332,813,2024,8,Couples,13,4.5,Asia,Thailand,Bangkok,Auckland,New Zealand,Wildlife,Auckland Wildlife 13,"Main Road, Auckland",Summer,3.5625,3.8711864406779664
2333,565,2022,9,Couples,51,3.9,Africa,South Africa,Johannesburg,Mexico City,Mexico,Temple,Mexico City Temple 51,"Main Road, Mexico City",Autumn,3.3875,3.861290322580645
2334,526,2025,11,Couples,3,3.4,Africa,Kenya,Nairobi,Rio de Janeiro,Brazil,Adventure,Rio de Janeiro Adventure 3,"Main Road, Rio de Janeiro",Autumn,3.6,3.791111111111111
2335,691,2024,10,Family,42,2.5,Africa,South Africa,Johannesburg,Singapore,Singapore,Wildlife,Singapore Wildlife 42,"Main Road, Singapore",Autumn,3.7333333333333334,3.706382978723404
2336,998,2025,7,Friends,48,3.8,North America,USA,Los Angeles,Nairobi,Kenya,Adventure,Nairobi Adventure 48,"Main Road, Nairobi",Summer,3.84,3.845833333333333
2337,33,2023,4,Couples,3,3.7,Europe,Germany,Munich,Rio de Janeiro,Brazil,Adventure,Rio de Janeiro Adventure 3,"Main Road, Rio de Janeiro",Spring,3.56,3.791111111111111
2338,657,2022,4,Solo,17,4.7,Australia,Australia,Melbourne,Buenos Aires,Argentina,Wildlife,Buenos Aires Wildlife 17,"Main Road, Buenos Aires",Spring,3.988888888888889,3.9155555555555552
2339,436,2024,3,Business,27,3.2,South America,Brazil,Rio de Janeiro,Nairobi,Kenya,Temple,Nairobi Temple 27,"Main Road, Nairobi",Spring,3.88,3.6843137254901963
2340,650,2025,6,Friends,29,3.1,South America,Argentina,Buenos Aires,Santiago,Chile,Wildlife,Santiago Wildlife 29,"Main Road, Santiago",Summer,3.8200000000000003,3.7943396226415094
2341,21,2022,12,Friends,24,3.4,South America,Argentina,Buenos Aires,Nairobi,Kenya,Museum,Nairobi Museum 24,"Main Road, Nairobi",Winter,4.15,3.8804878048780487
2342,246,2023,1,Family,73,3.1,Africa,Egypt,Cairo,Queenstown,New Zealand,Shopping,Queenstown Shopping 73,"Main Road, Queenstown",Winter,3.5799999999999996,3.7816666666666667
2343,805,2025,10,Business,83,3.8,Europe,Germany,Munich,Melbourne,Australia,Wildlife,Melbourne Wildlife 83,"Main Road, Melbourne",Autumn,3.825,3.851282051282051
2344,748,2023,10,Friends,37,3.3,North America,Canada,Toronto,Mumbai,India,Historical Site,Mumbai Historical Site 37,"Main Road, Mumbai",Autumn,3.625,3.752173913043478
2345,733,2024,5,Friends,88,5.0,South America,Argentina,Buenos Aires,Tokyo,Japan,Shopping,Tokyo Shopping 88,"Main Road, Tokyo",Spring,3.875,3.901818181818182
2346,904,2022,1,Couples,96,3.2,Africa,Kenya,Nairobi,Cancun,Mexico,Adventure,Cancun Adventure 96,"Main Road, Cancun",Winter,4.0600000000000005,3.5860000000000003
2347,277,2023,2,Couples,24,4.0,Asia,Singapore,Singapore,Nairobi,Kenya,Museum,Nairobi Museum 24,"Main Road, Nairobi",Winter,3.733333333333333,3.8804878048780487
2348,492,2024,8,Business,57,4.6,Africa,Egypt,Cairo,Queenstown,New Zealand,Beach,Queenstown Beach 57,"Main Road, Queenstown",Summer,3.966666666666667,3.8095238095238093
2349,308,2023,3,Friends,95,3.8,Europe,Spain,Madrid,Singapore,Singapore,Park,Singapore Park 95,"Main Road, Singapore",Spring,4.057142857142857,3.819607843137255
2350,751,2023,3,Friends,52,4.4,Australia,New Zealand,Queenstown,Mombasa,Kenya,Shopping,Mombasa Shopping 52,"Main Road, Mombasa",Spring,4.1375,3.9035087719298245
2351,167,2022,11,Family,8,4.5,Australia,New Zealand,Queenstown,Las Vegas,USA,Museum,Las Vegas Museum 8,"Main Road, Las Vegas",Autumn,3.9,3.716279069767442
2352,945,2023,8,Business,29,3.5,South America,Argentina,Buenos Aires,Santiago,Chile,Wildlife,Santiago Wildlife 29,"Main Road, Santiago",Summer,3.733333333333333,3.7943396226415094
2353,693,2025,6,Couples,34,4.1,Europe,France,Nice,Mombasa,Kenya,Temple,Mombasa Temple 34,"Main Road, Mombasa",Summer,3.9333333333333336,3.764
2354,547,2025,8,Friends,70,4.4,Europe,Italy,Rome,Sydney,Australia,Beach,Sydney Beach 70,"Main Road, Sydney",Summer,4.0,3.7588235294117647
2355,762,2024,7,Solo,61,3.3,Asia,Singapore,Singapore,Sydney,Australia,Shopping,Sydney Shopping 61,"Main Road, Sydney",Summer,3.433333333333333,3.8000000000000003
2356,790,2024,6,Friends,32,2.8,South America,Brazil,Sao Paulo,Buenos Aires,Argentina,Shopping,Buenos Aires Shopping 32,"Main Road, Buenos Aires",Summer,3.3999999999999995,3.812244897959184
2357,271,2024,6,Friends,44,4.8,Europe,Germany,Munich,Rio de Janeiro,Brazil,Temple,Rio de Janeiro Temple 44,"Main Road, Rio de Janeiro",Summer,3.8125,3.825
2358,34,2022,4,Couples,100,3.8,Europe,Italy,Venice,Mombasa,Kenya,Wildlife,Mombasa Wildlife 100,"Main Road, Mombasa",Spring,4.1,3.75
2359,220,2022,11,Friends,19,4.3,North America,Canada,Toronto,Auckland,New Zealand,Park,Auckland Park 19,"Main Road, Auckland",Autumn,4.12,3.689583333333333
2360,515,2024,12,Couples,91,4.4,South America,Brazil,Rio de Janeiro,Singapore,Singapore,Historical Site,Singapore Historical Site 91,"Main Road, Singapore",Winter,3.8444444444444446,3.924137931034483
2361,582,2023,7,Friends,47,3.1,Australia,New Zealand,Queenstown,New York,USA,Historical Site,New York Historical Site 47,"Main Road, New York",Summer,3.8333333333333335,3.9181818181818184
2362,81,2022,1,Family,51,3.9,Asia,Singapore,Singapore,Mexico City,Mexico,Temple,Mexico City Temple 51,"Main Road, Mexico City",Winter,3.96,3.861290322580645
2363,896,2025,9,Family,90,3.8,North America,Mexico,Mexico City,Nice,France,Temple,Nice Temple 90,"Main Road, Nice",Autumn,3.6,3.7215686274509805
2364,629,2023,2,Couples,67,3.4,Europe,Italy,Rome,Auckland,New Zealand,Historical Site,Auckland Historical Site 67,"Main Road, Auckland",Winter,3.3,3.736842105263158
2365,714,2025,11,Couples,66,5.0,Africa,Egypt,Cairo,Kyoto,Japan,Historical Site,Kyoto Historical Site 66,"Main Road, Kyoto",Autumn,4.08,3.8181818181818183
2366,105,2023,12,Family,19,4.2,Asia,India,Goa,Auckland,New Zealand,Park,Auckland Park 19,"Main Road, Auckland",Winter,3.75,3.689583333333333
2367,527,2024,5,Friends,85,4.4,Europe,Spain,Barcelona,Rome,Italy,Historical Site,Rome Historical Site 85,"Main Road, Rome",Spring,4.040000000000001,3.8607843137254902
2368,893,2023,1,Solo,33,5.0,Africa,South Africa,Cape Town,New York,USA,Historical Site,New York Historical Site 33,"Main Road, New York",Winter,4.3,3.8160000000000003
2369,554,2025,8,Friends,94,3.5,Europe,Germany,Berlin,Melbourne,Australia,Temple,Melbourne Temple 94,"Main Road, Melbourne",Summer,3.866666666666667,3.6732142857142853
2370,607,2024,1,Couples,89,3.0,Europe,Spain,Madrid,Sydney,Australia,Park,Sydney Park 89,"Main Road, Sydney",Winter,3.95,3.811764705882353
2371,631,2022,4,Friends,69,4.4,Asia,India,Mumbai,Johannesburg,South Africa,Shopping,Johannesburg Shopping 69,"Main Road, Johannesburg",Spring,3.96,3.818032786885246
2372,392,2025,1,Couples,98,3.6,Australia,Australia,Sydney,Mombasa,Kenya,Adventure,Mombasa Adventure 98,"Main Road, Mombasa",Winter,3.45,4.017543859649122
2373,947,2022,5,Family,37,4.0,North America,USA,Los Angeles,Mumbai,India,Historical Site,Mumbai Historical Site 37,"Main Road, Mumbai",Spring,3.7125,3.752173913043478
2374,524,2022,7,Couples,52,4.9,Australia,Australia,Melbourne,Mombasa,Kenya,Shopping,Mombasa Shopping 52,"Main Road, Mombasa",Summer,3.7,3.9035087719298245
2375,738,2024,1,Family,43,3.5,South America,Chile,Santiago,Cape Town,South Africa,Shopping,Cape Town Shopping 43,"Main Road, Cape Town",Winter,3.8,3.772
2376,875,2023,2,Couples,93,3.0,Asia,Singapore,Singapore,Auckland,New Zealand,Adventure,Auckland Adventure 93,"Main Road, Auckland",Winter,3.9285714285714284,3.7888888888888888
2377,837,2024,7,Family,30,4.3,Asia,Thailand,Phuket,Cape Town,South Africa,Museum,Cape Town Museum 30,"Main Road, Cape Town",Summer,3.8714285714285714,3.811111111111111
2378,788,2025,5,Family,23,4.0,Australia,Australia,Sydney,Los Angeles,USA,Adventure,Los Angeles Adventure 23,"Main Road, Los Angeles",Spring,3.7399999999999998,3.919047619047619
2379,399,2024,11,Family,17,2.8,North America,Mexico,Mexico City,Buenos Aires,Argentina,Wildlife,Buenos Aires Wildlife 17,"Main Road, Buenos Aires",Autumn,3.5500000000000003,3.9155555555555552
2380,49,2022,6,Solo,6,3.1,South America,Argentina,Buenos Aires,Johannesburg,South Africa,Museum,Johannesburg Museum 6,"Main Road, Johannesburg",Summer,3.725,3.8461538461538463
2381,865,2024,6,Friends,77,5.0,Africa,Egypt,Cairo,Rome,Italy,Temple,Rome Temple 77,"Main Road, Rome",Summer,3.9785714285714286,3.836734693877551
2382,899,2022,1,Business,58,3.6,Africa,Egypt,Luxor,Mumbai,India,Wildlife,Mumbai Wildlife 58,"Main Road, Mumbai",Winter,4.1,3.7518518518518515
2383,685,2022,10,Friends,78,3.4,Australia,Australia,Sydney,Santiago,Chile,Museum,Santiago Museum 78,"Main Road, Santiago",Autumn,3.6999999999999997,3.814814814814815
2384,102,2024,6,Friends,54,4.3,South America,Chile,Santiago,Rio de Janeiro,Brazil,Shopping,Rio de Janeiro Shopping 54,"Main Road, Rio de Janeiro",Summer,3.9,3.7326086956521736
2385,557,2024,4,Business,87,4.1,Australia,Australia,Melbourne,Vancouver,Canada,Park,Vancouver Park 87,"Main Road, Vancouver",Spring,3.766666666666667,3.881818181818182
2386,886,2024,1,Couples,96,1.9,Africa,Kenya,Nairobi,Cancun,Mexico,Adventure,Cancun Adventure 96,"Main Road, Cancun",Winter,3.3200000000000003,3.5860000000000003
2387,812,2024,12,Couples,41,4.1,Europe,Spain,Barcelona,Vancouver,Canada,Beach,Vancouver Beach 41,"Main Road, Vancouver",Winter,4.225,3.7526315789473683
2388,708,2023,7,Solo,63,3.5,Australia,Australia,Sydney,Madrid,Spain,Shopping,Madrid Shopping 63,"Main Road, Madrid",Summer,3.525,3.8245283018867924
2389,467,2025,12,Family,95,4.3,Africa,Kenya,Mombasa,Singapore,Singapore,Park,Singapore Park 95,"Main Road, Singapore",Winter,3.766666666666667,3.819607843137255
2390,155,2022,12,Family,51,3.1,Australia,New Zealand,Queenstown,Mexico City,Mexico,Temple,Mexico City Temple 51,"Main Road, Mexico City",Winter,3.6875,3.861290322580645
2391,49,2024,9,Solo,15,4.0,South America,Argentina,Buenos Aires,Jaipur,India,Historical Site,Jaipur Historical Site 15,"Main Road, Jaipur",Autumn,3.725,3.8632653061224493
2392,757,2024,5,Family,1,4.8,Europe,Italy,Milan,Berlin,Germany,Wildlife,Berlin Wildlife 1,"Main Road, Berlin",Spring,4.06,3.782051282051282
2393,780,2023,1,Friends,48,3.2,Africa,South Africa,Cape Town,Nairobi,Kenya,Adventure,Nairobi Adventure 48,"Main Road, Nairobi",Winter,3.55,3.845833333333333
2394,107,2023,6,Friends,63,4.1,North America,USA,New York,Madrid,Spain,Shopping,Madrid Shopping 63,"Main Road, Madrid",Summer,3.314285714285714,3.8245283018867924
2395,427,2024,1,Couples,94,4.0,North America,USA,Los Angeles,Melbourne,Australia,Temple,Melbourne Temple 94,"Main Road, Melbourne",Winter,3.84,3.6732142857142853
2396,309,2024,11,Family,26,3.7,Australia,Australia,Sydney,Rome,Italy,Temple,Rome Temple 26,"Main Road, Rome",Autumn,3.6,3.829310344827586
2397,628,2022,11,Family,8,3.6,Australia,New Zealand,Queenstown,Las Vegas,USA,Museum,Las Vegas Museum 8,"Main Road, Las Vegas",Autumn,3.56,3.716279069767442
2398,27,2022,1,Couples,73,4.7,North America,Canada,Toronto,Queenstown,New Zealand,Shopping,Queenstown Shopping 73,"Main Road, Queenstown",Winter,4.14,3.7816666666666667
2399,476,2024,5,Family,44,4.2,Asia,Japan,Tokyo,Rio de Janeiro,Brazil,Temple,Rio de Janeiro Temple 44,"Main Road, Rio de Janeiro",Spring,3.814285714285714,3.825
2400,498,2025,8,Friends,80,5.0,Australia,New Zealand,Queenstown,Nairobi,Kenya,Temple,Nairobi Temple 80,"Main Road, Nairobi",Summer,5.0,3.8166666666666664
2401,729,2025,9,Business,79,3.6,Asia,India,Delhi,Mexico City,Mexico,Historical Site,Mexico City Historical Site 79,"Main Road, Mexico City",Autumn,3.233333333333333,3.861224489795918
2402,287,2025,3,Business,66,3.4,Asia,Thailand,Phuket,Kyoto,Japan,Historical Site,Kyoto Historical Site 66,"Main Road, Kyoto",Spring,3.525,3.8181818181818183
2403,458,2025,6,Family,55,2.6,Africa,Egypt,Cairo,Mumbai,India,Wildlife,Mumbai Wildlife 55,"Main Road, Mumbai",Summer,3.9499999999999997,3.6921568627450982
2404,577,2024,4,Business,3,2.6,Asia,India,Delhi,Rio de Janeiro,Brazil,Adventure,Rio de Janeiro Adventure 3,"Main Road, Rio de Janeiro",Spring,3.56,3.791111111111111
2405,805,2024,10,Friends,15,4.0,Europe,Germany,Munich,Jaipur,India,Historical Site,Jaipur Historical Site 15,"Main Road, Jaipur",Autumn,3.825,3.8632653061224493
2406,824,2025,8,Solo,90,4.5,South America,Brazil,Rio de Janeiro,Nice,France,Temple,Nice Temple 90,"Main Road, Nice",Summer,4.1,3.7215686274509805
2407,857,2022,10,Family,76,3.3,South America,Brazil,Rio de Janeiro,Tokyo,Japan,Temple,Tokyo Temple 76,"Main Road, Tokyo",Autumn,3.7600000000000002,3.817777777777778
2408,219,2024,3,Family,60,4.4,Australia,New Zealand,Auckland,Johannesburg,South Africa,Museum,Johannesburg Museum 60,"Main Road, Johannesburg",Spring,3.6100000000000003,3.7857142857142856
2409,646,2022,6,Friends,15,3.7,Europe,Spain,Barcelona,Jaipur,India,Historical Site,Jaipur Historical Site 15,"Main Road, Jaipur",Summer,4.433333333333334,3.8632653061224493
2410,44,2023,3,Business,52,4.0,North America,Mexico,Cancun,Mombasa,Kenya,Shopping,Mombasa Shopping 52,"Main Road, Mombasa",Spring,3.8857142857142857,3.9035087719298245
2411,47,2025,8,Family,91,4.0,Europe,France,Nice,Singapore,Singapore,Historical Site,Singapore Historical Site 91,"Main Road, Singapore",Summer,3.6,3.924137931034483
2412,668,2024,12,Friends,50,4.0,Africa,Egypt,Cairo,Cancun,Mexico,Historical Site,Cancun Historical Site 50,"Main Road, Cancun",Winter,4.0,3.5078947368421054
2413,59,2023,12,Couples,5,3.1,Europe,Italy,Rome,Santiago,Chile,Adventure,Santiago Adventure 5,"Main Road, Santiago",Winter,3.585714285714286,3.691111111111111
2414,559,2022,9,Friends,76,3.1,Asia,India,Jaipur,Tokyo,Japan,Temple,Tokyo Temple 76,"Main Road, Tokyo",Autumn,3.7285714285714286,3.817777777777778
2415,15,2022,2,Couples,51,4.6,Australia,New Zealand,Auckland,Mexico City,Mexico,Temple,Mexico City Temple 51,"Main Road, Mexico City",Winter,4.211111111111111,3.861290322580645
2416,533,2023,8,Friends,7,3.7,Europe,Spain,Madrid,Santiago,Chile,Park,Santiago Park 7,"Main Road, Santiago",Summer,3.811111111111111,3.6767857142857143
2417,407,2023,9,Family,52,4.1,Africa,Egypt,Luxor,Mombasa,Kenya,Shopping,Mombasa Shopping 52,"Main Road, Mombasa",Autumn,3.783333333333333,3.9035087719298245
2418,2,2023,3,Solo,87,3.0,North America,USA,New York,Vancouver,Canada,Park,Vancouver Park 87,"Main Road, Vancouver",Spring,3.825,3.881818181818182
2419,487,2022,9,Solo,49,3.4,Europe,Spain,Barcelona,Santiago,Chile,Historical Site,Santiago Historical Site 49,"Main Road, Santiago",Autumn,3.9499999999999997,3.8877551020408165
2420,173,2023,6,Business,96,4.5,Africa,Kenya,Mombasa,Cancun,Mexico,Adventure,Cancun Adventure 96,"Main Road, Cancun",Summer,4.0,3.5860000000000003
2421,761,2024,1,Friends,4,3.8,Europe,Spain,Barcelona,Buenos Aires,Argentina,Temple,Buenos Aires Temple 4,"Main Road, Buenos Aires",Winter,3.942857142857143,3.96
2422,310,2024,6,Couples,25,2.9,Asia,India,Delhi,Cairo,Egypt,Temple,Cairo Temple 25,"Main Road, Cairo",Summer,3.6166666666666667,3.595555555555556
2423,194,2022,4,Business,57,3.8,Africa,South Africa,Johannesburg,Queenstown,New Zealand,Beach,Queenstown Beach 57,"Main Road, Queenstown",Spring,3.88,3.8095238095238093
2424,14,2022,4,Solo,99,4.4,South America,Chile,Santiago,Toronto,Canada,Adventure,Toronto Adventure 99,"Main Road, Toronto",Spring,4.5,3.735416666666667
2425,19,2023,4,Solo,24,5.0,Africa,Egypt,Cairo,Nairobi,Kenya,Museum,Nairobi Museum 24,"Main Road, Nairobi",Spring,3.9000000000000004,3.8804878048780487
2426,720,2025,4,Couples,67,3.3,Africa,South Africa,Johannesburg,Auckland,New Zealand,Historical Site,Auckland Historical Site 67,"Main Road, Auckland",Spring,3.84,3.736842105263158
2427,250,2023,6,Solo,62,4.0,Africa,Kenya,Mombasa,Buenos Aires,Argentina,Park,Buenos Aires Park 62,"Main Road, Buenos Aires",Summer,4.1,3.8065217391304347
2428,181,2025,12,Solo,67,2.9,North America,Mexico,Mexico City,Auckland,New Zealand,Historical Site,Auckland Historical Site 67,"Main Road, Auckland",Winter,3.966666666666667,3.736842105263158
2429,633,2024,6,Family,19,3.8,Asia,Singapore,Singapore,Auckland,New Zealand,Park,Auckland Park 19,"Main Road, Auckland",Summer,3.4499999999999997,3.689583333333333
2430,330,2024,7,Friends,18,4.0,Africa,Egypt,Luxor,Madrid,Spain,Historical Site,Madrid Historical Site 18,"Main Road, Madrid",Summer,4.0,3.7285714285714286
2431,722,2023,11,Business,11,3.4,Africa,South Africa,Cape Town,Pattaya,Thailand,Beach,Pattaya Beach 11,"Main Road, Pattaya",Autumn,4.414285714285714,3.7121951219512193
2432,833,2023,5,Couples,55,3.4,Africa,Kenya,Nairobi,Mumbai,India,Wildlife,Mumbai Wildlife 55,"Main Road, Mumbai",Spring,3.6999999999999997,3.6921568627450982
2433,934,2024,7,Friends,9,2.2,Africa,Kenya,Nairobi,Nice,France,Adventure,Nice Adventure 9,"Main Road, Nice",Summer,3.4714285714285715,3.709803921568627
2434,959,2025,7,Family,33,4.9,Australia,New Zealand,Auckland,New York,USA,Historical Site,New York Historical Site 33,"Main Road, New York",Summer,3.9,3.8160000000000003
2435,265,2023,8,Couples,64,3.6,South America,Argentina,Buenos Aires,Madrid,Spain,Beach,Madrid Beach 64,"Main Road, Madrid",Summer,3.6799999999999997,3.8058823529411763
2436,128,2022,10,Solo,46,4.0,South America,Brazil,Sao Paulo,Jaipur,India,Shopping,Jaipur Shopping 46,"Main Road, Jaipur",Autumn,4.2124999999999995,3.7113636363636364
2437,488,2023,6,Business,67,2.7,North America,USA,Las Vegas,Auckland,New Zealand,Historical Site,Auckland Historical Site 67,"Main Road, Auckland",Summer,3.5,3.736842105263158
2438,551,2022,9,Family,36,4.2,Europe,Germany,Berlin,Singapore,Singapore,Beach,Singapore Beach 36,"Main Road, Singapore",Autumn,4.05,3.7410714285714284
2439,794,2022,4,Friends,63,3.7,South America,Argentina,Buenos Aires,Madrid,Spain,Shopping,Madrid Shopping 63,"Main Road, Madrid",Spring,3.46,3.8245283018867924
2440,415,2025,5,Family,28,3.9,Asia,Japan,Kyoto,Rio de Janeiro,Brazil,Beach,Rio de Janeiro Beach 28,"Main Road, Rio de Janeiro",Spring,3.6636363636363636,3.7065217391304346
2441,505,2023,12,Business,88,4.4,Africa,Egypt,Luxor,Tokyo,Japan,Shopping,Tokyo Shopping 88,"Main Road, Tokyo",Winter,3.816666666666667,3.901818181818182
2442,840,2024,12,Couples,52,3.0,North America,Mexico,Mexico City,Mombasa,Kenya,Shopping,Mombasa Shopping 52,"Main Road, Mombasa",Winter,3.875,3.9035087719298245
2443,346,2023,11,Couples,92,4.0,North America,Mexico,Cancun,Queenstown,New Zealand,Museum,Queenstown Museum 92,"Main Road, Queenstown",Autumn,3.9714285714285715,4.0339285714285715
2444,902,2024,12,Couples,49,3.5,Europe,Germany,Munich,Santiago,Chile,Historical Site,Santiago Historical Site 49,"Main Road, Santiago",Winter,3.225,3.8877551020408165
2445,20,2024,12,Friends,77,4.1,Europe,Germany,Berlin,Rome,Italy,Temple,Rome Temple 77,"Main Road, Rome",Winter,4.5,3.836734693877551
2446,941,2025,8,Business,40,3.4,Africa,Egypt,Luxor,Cape Town,South Africa,Museum,Cape Town Museum 40,"Main Road, Cape Town",Summer,4.25,3.815909090909091
2447,877,2023,2,Friends,68,3.4,Africa,South Africa,Johannesburg,Toronto,Canada,Shopping,Toronto Shopping 68,"Main Road, Toronto",Winter,3.6199999999999997,3.607142857142857
2448,829,2022,6,Solo,42,4.7,South America,Chile,Santiago,Singapore,Singapore,Wildlife,Singapore Wildlife 42,"Main Road, Singapore",Summer,4.7,3.706382978723404
2449,199,2022,1,Couples,45,3.2,South America,Brazil,Rio de Janeiro,Cairo,Egypt,Park,Cairo Park 45,"Main Road, Cairo",Winter,3.8428571428571425,3.852830188679245
2450,280,2025,10,Family,65,3.8,Africa,Egypt,Cairo,Vancouver,Canada,Museum,Vancouver Museum 65,"Main Road, Vancouver",Autumn,3.5,3.9294117647058826
2451,201,2025,10,Solo,14,4.2,Australia,New Zealand,Auckland,Sao Paulo,Brazil,Historical Site,Sao Paulo Historical Site 14,"Main Road, Sao Paulo",Autumn,3.425,3.788235294117647
2452,938,2023,9,Family,99,3.0,North America,Canada,Vancouver,Toronto,Canada,Adventure,Toronto Adventure 99,"Main Road, Toronto",Autumn,3.7857142857142856,3.735416666666667
2453,894,2023,2,Couples,52,4.6,Africa,South Africa,Cape Town,Mombasa,Kenya,Shopping,Mombasa Shopping 52,"Main Road, Mombasa",Winter,3.88,3.9035087719298245
2454,162,2022,1,Solo,2,2.5,Europe,Spain,Barcelona,Sao Paulo,Brazil,Historical Site,Sao Paulo Historical Site 2,"Main Road, Sao Paulo",Winter,3.963636363636364,3.727272727272727
2455,454,2022,3,Solo,87,3.2,North America,Canada,Toronto,Vancouver,Canada,Park,Vancouver Park 87,"Main Road, Vancouver",Spring,3.975,3.881818181818182
2456,510,2024,4,Friends,27,2.8,Australia,New Zealand,Auckland,Nairobi,Kenya,Temple,Nairobi Temple 27,"Main Road, Nairobi",Spring,2.8,3.6843137254901963
2457,512,2025,1,Solo,87,3.4,Africa,South Africa,Cape Town,Vancouver,Canada,Park,Vancouver Park 87,"Main Road, Vancouver",Winter,3.4799999999999995,3.881818181818182
2458,17,2023,10,Business,95,4.4,South America,Brazil,Rio de Janeiro,Singapore,Singapore,Park,Singapore Park 95,"Main Road, Singapore",Autumn,4.2,3.819607843137255
2459,219,2025,6,Solo,6,3.9,Australia,New Zealand,Auckland,Johannesburg,South Africa,Museum,Johannesburg Museum 6,"Main Road, Johannesburg",Summer,3.6100000000000003,3.8461538461538463
2460,696,2024,10,Family,7,3.0,Australia,Australia,Sydney,Santiago,Chile,Park,Santiago Park 7,"Main Road, Santiago",Autumn,3.8333333333333335,3.6767857142857143
2461,448,2023,2,Family,26,4.0,Australia,Australia,Sydney,Rome,Italy,Temple,Rome Temple 26,"Main Road, Rome",Winter,3.8875,3.829310344827586
2462,715,2024,8,Friends,13,5.0,South America,Argentina,Buenos Aires,Auckland,New Zealand,Wildlife,Auckland Wildlife 13,"Main Road, Auckland",Summer,4.0,3.8711864406779664
2463,157,2023,5,Family,56,4.2,North America,Canada,Vancouver,Madrid,Spain,Historical Site,Madrid Historical Site 56,"Main Road, Madrid",Spring,4.2,3.892156862745098
2464,718,2023,6,Family,38,3.8,Asia,Japan,Tokyo,Luxor,Egypt,Museum,Luxor Museum 38,"Main Road, Luxor",Summer,3.4,3.784313725490196
2465,936,2022,5,Friends,26,3.5,Asia,India,Jaipur,Rome,Italy,Temple,Rome Temple 26,"Main Road, Rome",Spring,3.3714285714285714,3.829310344827586
2466,448,2022,6,Business,44,4.5,Australia,Australia,Sydney,Rio de Janeiro,Brazil,Temple,Rio de Janeiro Temple 44,"Main Road, Rio de Janeiro",Summer,3.8875,3.825
2467,784,2023,1,Couples,15,5.0,North America,Canada,Toronto,Jaipur,India,Historical Site,Jaipur Historical Site 15,"Main Road, Jaipur",Winter,3.975,3.8632653061224493
2468,769,2023,7,Family,71,4.1,North America,Mexico,Cancun,Rio de Janeiro,Brazil,Museum,Rio de Janeiro Museum 71,"Main Road, Rio de Janeiro",Summer,3.9,3.9066666666666667
2469,374,2024,7,Solo,30,4.1,South America,Brazil,Sao Paulo,Cape Town,South Africa,Museum,Cape Town Museum 30,"Main Road, Cape Town",Summer,3.62,3.811111111111111
2470,138,2023,2,Couples,6,4.5,Africa,Kenya,Nairobi,Johannesburg,South Africa,Museum,Johannesburg Museum 6,"Main Road, Johannesburg",Winter,4.0,3.8461538461538463
2471,809,2023,2,Friends,83,3.1,Australia,New Zealand,Auckland,Melbourne,Australia,Wildlife,Melbourne Wildlife 83,"Main Road, Melbourne",Winter,3.516666666666667,3.851282051282051
2472,10,2023,10,Business,10,4.3,South America,Argentina,Buenos Aires,Toronto,Canada,Wildlife,Toronto Wildlife 10,"Main Road, Toronto",Autumn,3.78,3.8257575757575757
2473,408,2022,4,Family,19,3.2,Europe,Italy,Milan,Auckland,New Zealand,Park,Auckland Park 19,"Main Road, Auckland",Spring,3.46,3.689583333333333
2474,596,2022,2,Business,6,3.0,Africa,Kenya,Mombasa,Johannesburg,South Africa,Museum,Johannesburg Museum 6,"Main Road, Johannesburg",Winter,3.45,3.8461538461538463
2475,542,2024,10,Family,9,2.9,Asia,Japan,Osaka,Nice,France,Adventure,Nice Adventure 9,"Main Road, Nice",Autumn,3.766666666666667,3.709803921568627
2476,740,2025,1,Couples,50,4.4,Africa,Kenya,Mombasa,Cancun,Mexico,Historical Site,Cancun Historical Site 50,"Main Road, Cancun",Winter,3.857142857142857,3.5078947368421054
2477,979,2023,1,Couples,46,3.3,Australia,Australia,Melbourne,Jaipur,India,Shopping,Jaipur Shopping 46,"Main Road, Jaipur",Winter,3.3,3.7113636363636364
2478,637,2022,6,Family,16,2.5,Australia,Australia,Melbourne,Sao Paulo,Brazil,Historical Site,Sao Paulo Historical Site 16,"Main Road, Sao Paulo",Summer,3.5142857142857147,3.932758620689655
2479,392,2024,11,Couples,72,3.3,Australia,Australia,Sydney,Luxor,Egypt,Temple,Luxor Temple 72,"Main Road, Luxor",Autumn,3.45,3.696296296296296
2480,732,2025,4,Business,50,3.2,North America,USA,New York,Cancun,Mexico,Historical Site,Cancun Historical Site 50,"Main Road, Cancun",Spring,3.8000000000000003,3.5078947368421054
2481,110,2024,8,Couples,19,3.1,South America,Argentina,Buenos Aires,Auckland,New Zealand,Park,Auckland Park 19,"Main Road, Auckland",Summer,3.7624999999999997,3.689583333333333
2482,99,2024,10,Solo,83,3.2,North America,Canada,Vancouver,Melbourne,Australia,Wildlife,Melbourne Wildlife 83,"Main Road, Melbourne",Autumn,3.9142857142857146,3.851282051282051
2483,798,2025,2,Couples,94,4.1,Europe,Spain,Madrid,Melbourne,Australia,Temple,Melbourne Temple 94,"Main Road, Melbourne",Winter,3.9285714285714284,3.6732142857142853
2484,922,2024,11,Family,3,3.0,Asia,Japan,Osaka,Rio de Janeiro,Brazil,Adventure,Rio de Janeiro Adventure 3,"Main Road, Rio de Janeiro",Autumn,4.025,3.791111111111111
2485,932,2023,6,Friends,13,3.9,Asia,Japan,Tokyo,Auckland,New Zealand,Wildlife,Auckland Wildlife 13,"Main Road, Auckland",Summer,4.1,3.8711864406779664
2486,901,2023,8,Solo,20,3.4,South America,Chile,Santiago,Vancouver,Canada,Wildlife,Vancouver Wildlife 20,"Main Road, Vancouver",Summer,3.94,3.775
2487,792,2024,1,Couples,79,3.1,South America,Argentina,Buenos Aires,Mexico City,Mexico,Historical Site,Mexico City Historical Site 79,"Main Road, Mexico City",Winter,3.644444444444444,3.861224489795918
2488,384,2023,10,Friends,90,3.9,Africa,Kenya,Nairobi,Nice,France,Temple,Nice Temple 90,"Main Road, Nice",Autumn,3.875,3.7215686274509805
2489,968,2024,8,Couples,55,3.8,Asia,India,Goa,Mumbai,India,Wildlife,Mumbai Wildlife 55,"Main Road, Mumbai",Summer,3.9499999999999997,3.6921568627450982
2490,312,2023,1,Friends,38,3.2,Asia,India,Goa,Luxor,Egypt,Museum,Luxor Museum 38,"Main Road, Luxor",Winter,3.3600000000000003,3.784313725490196
2491,175,2023,4,Family,54,2.4,South America,Argentina,Buenos Aires,Rio de Janeiro,Brazil,Shopping,Rio de Janeiro Shopping 54,"Main Road, Rio de Janeiro",Spring,3.0625,3.7326086956521736
2492,640,2025,5,Family,85,3.9,Asia,Thailand,Pattaya,Rome,Italy,Historical Site,Rome Historical Site 85,"Main Road, Rome",Spring,3.9666666666666663,3.8607843137254902
2493,318,2025,3,Couples,90,4.5,Asia,India,Mumbai,Nice,France,Temple,Nice Temple 90,"Main Road, Nice",Spring,4.0,3.7215686274509805
2494,880,2022,10,Couples,48,3.8,Asia,Thailand,Phuket,Nairobi,Kenya,Adventure,Nairobi Adventure 48,"Main Road, Nairobi",Autumn,3.8333333333333335,3.845833333333333
2495,89,2022,10,Friends,90,3.8,Africa,Egypt,Cairo,Nice,France,Temple,Nice Temple 90,"Main Road, Nice",Autumn,3.54,3.7215686274509805
2496,41,2023,8,Solo,99,3.3,Asia,India,Jaipur,Toronto,Canada,Adventure,Toronto Adventure 99,"Main Road, Toronto",Summer,3.75,3.735416666666667
2497,591,2024,3,Family,45,3.6,South America,Chile,Santiago,Cairo,Egypt,Park,Cairo Park 45,"Main Road, Cairo",Spring,3.825,3.852830188679245
2498,122,2025,9,Couples,77,4.5,South America,Argentina,Buenos Aires,Rome,Italy,Temple,Rome Temple 77,"Main Road, Rome",Autumn,3.78,3.836734693877551
2499,197,2024,9,Business,98,4.6,North America,USA,Los Angeles,Mombasa,Kenya,Adventure,Mombasa Adventure 98,"Main Road, Mombasa",Autumn,4.05,4.017543859649122
2500,954,2022,3,Couples,67,3.0,Australia,New Zealand,Queenstown,Auckland,New Zealand,Historical Site,Auckland Historical Site 67,"Main Road, Auckland",Spring,3.6875,3.736842105263158
2501,49,2025,2,Friends,80,4.3,South America,Argentina,Buenos Aires,Nairobi,Kenya,Temple,Nairobi Temple 80,"Main Road, Nairobi",Winter,3.725,3.8166666666666664
2502,821,2022,9,Friends,52,3.7,South America,Argentina,Buenos Aires,Mombasa,Kenya,Shopping,Mombasa Shopping 52,"Main Road, Mombasa",Autumn,3.466666666666667,3.9035087719298245
2503,773,2023,8,Family,7,3.7,South America,Argentina,Buenos Aires,Santiago,Chile,Park,Santiago Park 7,"Main Road, Santiago",Summer,3.28,3.6767857142857143
2504,429,2023,2,Business,28,2.7,North America,USA,Los Angeles,Rio de Janeiro,Brazil,Beach,Rio de Janeiro Beach 28,"Main Road, Rio de Janeiro",Winter,3.425,3.7065217391304346
2505,640,2025,6,Business,77,4.7,Asia,Thailand,Pattaya,Rome,Italy,Temple,Rome Temple 77,"Main Road, Rome",Summer,3.9666666666666663,3.836734693877551
2506,442,2023,9,Family,36,5.0,Europe,Italy,Rome,Singapore,Singapore,Beach,Singapore Beach 36,"Main Road, Singapore",Autumn,4.375,3.7410714285714284
2507,264,2024,9,Solo,58,3.9,Asia,India,Goa,Mumbai,India,Wildlife,Mumbai Wildlife 58,"Main Road, Mumbai",Autumn,3.6999999999999997,3.7518518518518515
2508,421,2025,2,Couples,49,4.0,North America,Mexico,Mexico City,Santiago,Chile,Historical Site,Santiago Historical Site 49,"Main Road, Santiago",Winter,3.533333333333333,3.8877551020408165
2509,874,2023,11,Family,74,4.4,Asia,India,Jaipur,Sydney,Australia,Historical Site,Sydney Historical Site 74,"Main Road, Sydney",Autumn,3.8333333333333335,4.0487179487179485
2510,496,2024,5,Friends,42,2.7,Asia,Singapore,Singapore,Singapore,Singapore,Wildlife,Singapore Wildlife 42,"Main Road, Singapore",Spring,4.0,3.706382978723404
2511,351,2024,6,Family,87,3.9,Europe,France,Nice,Vancouver,Canada,Park,Vancouver Park 87,"Main Road, Vancouver",Summer,4.111111111111111,3.881818181818182
2512,393,2022,2,Couples,74,4.0,Asia,India,Mumbai,Sydney,Australia,Historical Site,Sydney Historical Site 74,"Main Road, Sydney",Winter,4.2,4.0487179487179485
2513,425,2025,12,Couples,10,2.6,South America,Argentina,Buenos Aires,Toronto,Canada,Wildlife,Toronto Wildlife 10,"Main Road, Toronto",Winter,3.1,3.8257575757575757
2514,505,2024,1,Solo,98,3.6,Africa,Egypt,Luxor,Mombasa,Kenya,Adventure,Mombasa Adventure 98,"Main Road, Mombasa",Winter,3.816666666666667,4.017543859649122
2515,300,2022,12,Business,51,3.2,Europe,Spain,Barcelona,Mexico City,Mexico,Temple,Mexico City Temple 51,"Main Road, Mexico City",Winter,4.08,3.861290322580645
2516,123,2023,9,Friends,69,3.7,North America,Canada,Toronto,Johannesburg,South Africa,Shopping,Johannesburg Shopping 69,"Main Road, Johannesburg",Autumn,3.1500000000000004,3.818032786885246
2517,687,2025,5,Friends,13,4.3,Europe,Germany,Berlin,Auckland,New Zealand,Wildlife,Auckland Wildlife 13,"Main Road, Auckland",Spring,4.125,3.8711864406779664
2518,373,2022,12,Friends,10,4.1,Australia,Australia,Sydney,Toronto,Canada,Wildlife,Toronto Wildlife 10,"Main Road, Toronto",Winter,3.9,3.8257575757575757
2519,527,2022,10,Business,46,3.7,Europe,Spain,Barcelona,Jaipur,India,Shopping,Jaipur Shopping 46,"Main Road, Jaipur",Autumn,4.040000000000001,3.7113636363636364
2520,917,2023,1,Couples,85,4.0,Europe,Germany,Munich,Rome,Italy,Historical Site,Rome Historical Site 85,"Main Road, Rome",Winter,3.8833333333333333,3.8607843137254902
2521,936,2023,9,Couples,22,3.2,Asia,India,Jaipur,Melbourne,Australia,Adventure,Melbourne Adventure 22,"Main Road, Melbourne",Autumn,3.3714285714285714,3.8629629629629627
2522,505,2023,8,Solo,70,4.3,Africa,Egypt,Luxor,Sydney,Australia,Beach,Sydney Beach 70,"Main Road, Sydney",Summer,3.816666666666667,3.7588235294117647
2523,341,2023,10,Friends,18,3.8,Europe,Germany,Berlin,Madrid,Spain,Historical Site,Madrid Historical Site 18,"Main Road, Madrid",Autumn,3.6333333333333333,3.7285714285714286
2524,845,2023,7,Friends,79,2.6,South America,Chile,Santiago,Mexico City,Mexico,Historical Site,Mexico City Historical Site 79,"Main Road, Mexico City",Summer,3.7,3.861224489795918
2525,651,2025,4,Couples,32,3.5,Asia,India,Jaipur,Buenos Aires,Argentina,Shopping,Buenos Aires Shopping 32,"Main Road, Buenos Aires",Spring,4.075,3.812244897959184
2526,894,2024,5,Friends,99,3.9,Africa,South Africa,Cape Town,Toronto,Canada,Adventure,Toronto Adventure 99,"Main Road, Toronto",Spring,3.88,3.735416666666667
2527,17,2023,12,Friends,18,3.6,South America,Brazil,Rio de Janeiro,Madrid,Spain,Historical Site,Madrid Historical Site 18,"Main Road, Madrid",Winter,4.2,3.7285714285714286
2528,174,2022,12,Couples,75,2.7,Europe,Italy,Rome,Vancouver,Canada,Park,Vancouver Park 75,"Main Road, Vancouver",Winter,3.733333333333333,3.861818181818182
2529,714,2022,5,Business,24,3.3,Africa,Egypt,Cairo,Nairobi,Kenya,Museum,Nairobi Museum 24,"Main Road, Nairobi",Spring,4.08,3.8804878048780487
2530,67,2024,3,Family,72,5.0,Europe,France,Nice,Luxor,Egypt,Temple,Luxor Temple 72,"Main Road, Luxor",Spring,4.633333333333334,3.696296296296296
2531,590,2025,1,Solo,67,5.0,Asia,Japan,Tokyo,Auckland,New Zealand,Historical Site,Auckland Historical Site 67,"Main Road, Auckland",Winter,4.666666666666667,3.736842105263158
2532,758,2024,9,Solo,64,4.0,Europe,Italy,Milan,Madrid,Spain,Beach,Madrid Beach 64,"Main Road, Madrid",Autumn,3.925,3.8058823529411763
2533,741,2024,9,Family,50,3.2,North America,USA,New York,Cancun,Mexico,Historical Site,Cancun Historical Site 50,"Main Road, Cancun",Autumn,4.0,3.5078947368421054
2534,204,2023,8,Couples,6,4.8,South America,Brazil,Sao Paulo,Johannesburg,South Africa,Museum,Johannesburg Museum 6,"Main Road, Johannesburg",Summer,3.9,3.8461538461538463
2535,128,2023,8,Friends,67,4.8,South America,Brazil,Sao Paulo,Auckland,New Zealand,Historical Site,Auckland Historical Site 67,"Main Road, Auckland",Summer,4.2124999999999995,3.736842105263158
2536,118,2025,6,Family,39,4.0,Australia,New Zealand,Auckland,Munich,Germany,Shopping,Munich Shopping 39,"Main Road, Munich",Summer,3.4199999999999995,3.965909090909091
2537,531,2022,4,Friends,91,3.8,Europe,Italy,Rome,Singapore,Singapore,Historical Site,Singapore Historical Site 91,"Main Road, Singapore",Spring,3.814285714285714,3.924137931034483
2538,98,2024,9,Couples,72,3.4,Asia,India,Goa,Luxor,Egypt,Temple,Luxor Temple 72,"Main Road, Luxor",Autumn,3.6399999999999997,3.696296296296296
2539,576,2024,3,Solo,68,3.9,Asia,India,Goa,Toronto,Canada,Shopping,Toronto Shopping 68,"Main Road, Toronto",Spring,3.7,3.607142857142857
2540,423,2024,10,Solo,100,4.1,Australia,Australia,Sydney,Mombasa,Kenya,Wildlife,Mombasa Wildlife 100,"Main Road, Mombasa",Autumn,4.16,3.75
2541,576,2025,9,Family,19,2.7,Asia,India,Goa,Auckland,New Zealand,Park,Auckland Park 19,"Main Road, Auckland",Autumn,3.7,3.689583333333333
2542,807,2022,1,Couples,30,3.2,Africa,Egypt,Luxor,Cape Town,South Africa,Museum,Cape Town Museum 30,"Main Road, Cape Town",Winter,3.4,3.811111111111111
2543,111,2023,7,Couples,21,4.5,Asia,Singapore,Singapore,Luxor,Egypt,Temple,Luxor Temple 21,"Main Road, Luxor",Summer,3.6666666666666665,3.8267857142857147
2544,962,2022,10,Friends,1,3.7,Australia,Australia,Sydney,Berlin,Germany,Wildlife,Berlin Wildlife 1,"Main Road, Berlin",Autumn,3.4875,3.782051282051282
2545,933,2024,1,Solo,48,3.6,Europe,Germany,Berlin,Nairobi,Kenya,Adventure,Nairobi Adventure 48,"Main Road, Nairobi",Winter,3.5714285714285716,3.845833333333333
2546,657,2023,1,Couples,92,3.3,Australia,Australia,Melbourne,Queenstown,New Zealand,Museum,Queenstown Museum 92,"Main Road, Queenstown",Winter,3.988888888888889,4.0339285714285715
2547,873,2024,5,Couples,27,3.6,Australia,New Zealand,Auckland,Nairobi,Kenya,Temple,Nairobi Temple 27,"Main Road, Nairobi",Spring,4.275,3.6843137254901963
2548,888,2025,9,Couples,74,3.9,Africa,South Africa,Johannesburg,Sydney,Australia,Historical Site,Sydney Historical Site 74,"Main Road, Sydney",Autumn,3.6999999999999997,4.0487179487179485
2549,854,2025,11,Friends,26,4.9,Asia,Japan,Osaka,Rome,Italy,Temple,Rome Temple 26,"Main Road, Rome",Autumn,3.8333333333333335,3.829310344827586
2550,503,2024,11,Friends,27,3.3,North America,Canada,Vancouver,Nairobi,Kenya,Temple,Nairobi Temple 27,"Main Road, Nairobi",Autumn,3.9,3.6843137254901963
2551,700,2024,8,Family,76,3.8,Asia,Singapore,Singapore,Tokyo,Japan,Temple,Tokyo Temple 76,"Main Road, Tokyo",Summer,3.766666666666667,3.817777777777778
2552,408,2024,2,Friends,93,3.8,Europe,Italy,Milan,Auckland,New Zealand,Adventure,Auckland Adventure 93,"Main Road, Auckland",Winter,3.46,3.7888888888888888
2553,78,2023,1,Family,82,4.0,Africa,Egypt,Cairo,Sydney,Australia,Temple,Sydney Temple 82,"Main Road, Sydney",Winter,3.22,3.7333333333333334
2554,483,2022,11,Business,4,3.3,South America,Brazil,Rio de Janeiro,Buenos Aires,Argentina,Temple,Buenos Aires Temple 4,"Main Road, Buenos Aires",Autumn,3.9666666666666663,3.96
2555,861,2022,8,Business,38,4.2,Australia,New Zealand,Queenstown,Luxor,Egypt,Museum,Luxor Museum 38,"Main Road, Luxor",Summer,4.25,3.784313725490196
2556,277,2023,2,Couples,3,4.0,Asia,Singapore,Singapore,Rio de Janeiro,Brazil,Adventure,Rio de Janeiro Adventure 3,"Main Road, Rio de Janeiro",Winter,3.733333333333333,3.791111111111111
2557,443,2025,3,Couples,16,3.8,North America,Mexico,Cancun,Sao Paulo,Brazil,Historical Site,Sao Paulo Historical Site 16,"Main Road, Sao Paulo",Spring,3.525,3.932758620689655
2558,396,2025,8,Family,33,3.0,North America,Canada,Vancouver,New York,USA,Historical Site,New York Historical Site 33,"Main Road, New York",Summer,3.7,3.8160000000000003
2559,316,2023,7,Family,52,4.4,Africa,Egypt,Cairo,Mombasa,Kenya,Shopping,Mombasa Shopping 52,"Main Road, Mombasa",Summer,4.016666666666667,3.9035087719298245
2560,214,2024,7,Family,26,3.5,Africa,South Africa,Cape Town,Rome,Italy,Temple,Rome Temple 26,"Main Road, Rome",Summer,3.783333333333333,3.829310344827586
2561,730,2025,8,Solo,88,4.7,Africa,South Africa,Cape Town,Tokyo,Japan,Shopping,Tokyo Shopping 88,"Main Road, Tokyo",Summer,3.84,3.901818181818182
2562,724,2025,10,Couples,63,4.7,Europe,France,Paris,Madrid,Spain,Shopping,Madrid Shopping 63,"Main Road, Madrid",Autumn,4.800000000000001,3.8245283018867924
2563,605,2024,6,Family,5,5.0,North America,USA,Los Angeles,Santiago,Chile,Adventure,Santiago Adventure 5,"Main Road, Santiago",Summer,3.783333333333333,3.691111111111111
2564,252,2023,12,Family,62,4.4,Africa,South Africa,Cape Town,Buenos Aires,Argentina,Park,Buenos Aires Park 62,"Main Road, Buenos Aires",Winter,3.9,3.8065217391304347
2565,994,2023,8,Family,49,5.0,Asia,Singapore,Singapore,Santiago,Chile,Historical Site,Santiago Historical Site 49,"Main Road, Santiago",Summer,3.9499999999999997,3.8877551020408165
2566,868,2025,10,Couples,29,4.8,Australia,New Zealand,Queenstown,Santiago,Chile,Wildlife,Santiago Wildlife 29,"Main Road, Santiago",Autumn,4.0600000000000005,3.7943396226415094
2567,283,2024,7,Couples,95,4.9,North America,USA,Los Angeles,Singapore,Singapore,Park,Singapore Park 95,"Main Road, Singapore",Summer,3.3333333333333335,3.819607843137255
2568,938,2024,12,Family,74,4.4,North America,Canada,Vancouver,Sydney,Australia,Historical Site,Sydney Historical Site 74,"Main Road, Sydney",Winter,3.7857142857142856,4.0487179487179485
2569,407,2022,5,Solo,73,3.6,Africa,Egypt,Luxor,Queenstown,New Zealand,Shopping,Queenstown Shopping 73,"Main Road, Queenstown",Spring,3.783333333333333,3.7816666666666667
2570,172,2023,10,Couples,86,3.5,Europe,Spain,Barcelona,Cape Town,South Africa,Historical Site,Cape Town Historical Site 86,"Main Road, Cape Town",Autumn,3.8,3.6799999999999997
2571,493,2022,3,Couples,14,3.8,Africa,South Africa,Cape Town,Sao Paulo,Brazil,Historical Site,Sao Paulo Historical Site 14,"Main Road, Sao Paulo",Spring,3.966666666666667,3.788235294117647
2572,645,2024,10,Family,50,4.7,Europe,France,Paris,Cancun,Mexico,Historical Site,Cancun Historical Site 50,"Main Road, Cancun",Autumn,4.05,3.5078947368421054
2573,925,2023,9,Family,72,3.1,Africa,South Africa,Cape Town,Luxor,Egypt,Temple,Luxor Temple 72,"Main Road, Luxor",Autumn,3.9272727272727277,3.696296296296296
2574,671,2023,1,Couples,70,5.0,Europe,Spain,Barcelona,Sydney,Australia,Beach,Sydney Beach 70,"Main Road, Sydney",Winter,4.8,3.7588235294117647
2575,293,2024,4,Business,79,3.7,South America,Brazil,Rio de Janeiro,Mexico City,Mexico,Historical Site,Mexico City Historical Site 79,"Main Road, Mexico City",Spring,4.0,3.861224489795918
2576,454,2025,2,Family,23,4.5,North America,Canada,Toronto,Los Angeles,USA,Adventure,Los Angeles Adventure 23,"Main Road, Los Angeles",Winter,3.975,3.919047619047619
2577,855,2022,8,Solo,86,3.0,Asia,Singapore,Singapore,Cape Town,South Africa,Historical Site,Cape Town Historical Site 86,"Main Road, Cape Town",Summer,3.5,3.6799999999999997
2578,59,2025,11,Friends,64,3.0,Europe,Italy,Rome,Madrid,Spain,Beach,Madrid Beach 64,"Main Road, Madrid",Autumn,3.585714285714286,3.8058823529411763
2579,146,2023,10,Business,91,3.6,Asia,India,Goa,Singapore,Singapore,Historical Site,Singapore Historical Site 91,"Main Road, Singapore",Autumn,3.62,3.924137931034483
2580,868,2022,5,Friends,100,4.5,Australia,New Zealand,Queenstown,Mombasa,Kenya,Wildlife,Mombasa Wildlife 100,"Main Road, Mombasa",Spring,4.0600000000000005,3.75
2581,638,2023,9,Couples,46,4.0,Australia,New Zealand,Auckland,Jaipur,India,Shopping,Jaipur Shopping 46,"Main Road, Jaipur",Autumn,3.8428571428571425,3.7113636363636364
2582,163,2023,10,Couples,81,3.7,Asia,Singapore,Singapore,Luxor,Egypt,Park,Luxor Park 81,"Main Road, Luxor",Autumn,3.966666666666667,3.8309090909090906
2583,708,2024,8,Solo,75,3.5,Australia,Australia,Sydney,Vancouver,Canada,Park,Vancouver Park 75,"Main Road, Vancouver",Summer,3.525,3.861818181818182
2584,421,2022,7,Business,13,3.7,North America,Mexico,Mexico City,Auckland,New Zealand,Wildlife,Auckland Wildlife 13,"Main Road, Auckland",Summer,3.533333333333333,3.8711864406779664
2585,426,2025,12,Friends,38,3.2,Australia,Australia,Melbourne,Luxor,Egypt,Museum,Luxor Museum 38,"Main Road, Luxor",Winter,4.0,3.784313725490196
2586,978,2025,2,Couples,98,4.3,South America,Argentina,Buenos Aires,Mombasa,Kenya,Adventure,Mombasa Adventure 98,"Main Road, Mombasa",Winter,3.9200000000000004,4.017543859649122
2587,257,2023,10,Family,43,4.5,Australia,Australia,Melbourne,Cape Town,South Africa,Shopping,Cape Town Shopping 43,"Main Road, Cape Town",Autumn,3.925,3.772
2588,400,2024,1,Family,39,3.4,Africa,South Africa,Johannesburg,Munich,Germany,Shopping,Munich Shopping 39,"Main Road, Munich",Winter,3.6833333333333336,3.965909090909091
2589,489,2022,9,Friends,98,3.2,North America,Mexico,Cancun,Mombasa,Kenya,Adventure,Mombasa Adventure 98,"Main Road, Mombasa",Autumn,3.975,4.017543859649122
2590,296,2022,12,Couples,30,3.8,Asia,India,Delhi,Cape Town,South Africa,Museum,Cape Town Museum 30,"Main Road, Cape Town",Winter,3.7600000000000002,3.811111111111111
2591,525,2023,10,Couples,4,3.2,South America,Brazil,Sao Paulo,Buenos Aires,Argentina,Temple,Buenos Aires Temple 4,"Main Road, Buenos Aires",Autumn,3.5833333333333335,3.96
2592,717,2025,4,Friends,17,3.2,North America,Mexico,Cancun,Buenos Aires,Argentina,Wildlife,Buenos Aires Wildlife 17,"Main Road, Buenos Aires",Spring,3.6833333333333336,3.9155555555555552
2593,290,2024,6,Business,35,2.9,Europe,Germany,Munich,Paris,France,Beach,Paris Beach 35,"Main Road, Paris",Summer,4.18,3.728
2594,432,2022,7,Friends,33,3.2,Australia,New Zealand,Queenstown,New York,USA,Historical Site,New York Historical Site 33,"Main Road, New York",Summer,3.4,3.8160000000000003
2595,411,2022,11,Business,1,2.9,Asia,Japan,Kyoto,Berlin,Germany,Wildlife,Berlin Wildlife 1,"Main Road, Berlin",Autumn,3.3666666666666667,3.782051282051282
2596,252,2023,2,Family,14,4.1,Africa,South Africa,Cape Town,Sao Paulo,Brazil,Historical Site,Sao Paulo Historical Site 14,"Main Road, Sao Paulo",Winter,3.9,3.788235294117647
2597,869,2025,6,Business,25,2.6,Australia,Australia,Melbourne,Cairo,Egypt,Temple,Cairo Temple 25,"Main Road, Cairo",Summer,3.483333333333333,3.595555555555556
2598,799,2022,5,Family,78,4.8,Europe,Italy,Rome,Santiago,Chile,Museum,Santiago Museum 78,"Main Road, Santiago",Spring,4.116666666666666,3.814814814814815
2599,678,2025,8,Solo,42,2.1,Africa,Kenya,Mombasa,Singapore,Singapore,Wildlife,Singapore Wildlife 42,"Main Road, Singapore",Summer,3.35,3.706382978723404
2600,617,2024,6,Friends,16,3.0,North America,Mexico,Cancun,Sao Paulo,Brazil,Historical Site,Sao Paulo Historical Site 16,"Main Road, Sao Paulo",Summer,3.2285714285714286,3.932758620689655
2601,516,2024,2,Business,10,3.4,South America,Argentina,Buenos Aires,Toronto,Canada,Wildlife,Toronto Wildlife 10,"Main Road, Toronto",Winter,3.8,3.8257575757575757
2602,29,2025,5,Family,16,3.3,South America,Argentina,Buenos Aires,Sao Paulo,Brazil,Historical Site,Sao Paulo Historical Site 16,"Main Road, Sao Paulo",Spring,3.5599999999999996,3.932758620689655
2603,450,2023,3,Business,59,2.1,Asia,India,Delhi,Melbourne,Australia,Museum,Melbourne Museum 59,"Main Road, Melbourne",Spring,4.140000000000001,3.853061224489796
2604,673,2025,9,Solo,87,3.3,Africa,Egypt,Cairo,Vancouver,Canada,Park,Vancouver Park 87,"Main Road, Vancouver",Autumn,3.6,3.881818181818182
2605,49,2023,7,Solo,65,3.7,South America,Argentina,Buenos Aires,Vancouver,Canada,Museum,Vancouver Museum 65,"Main Road, Vancouver",Summer,3.725,3.9294117647058826
2606,121,2025,12,Family,3,4.7,South America,Argentina,Buenos Aires,Rio de Janeiro,Brazil,Adventure,Rio de Janeiro Adventure 3,"Main Road, Rio de Janeiro",Winter,4.116666666666666,3.791111111111111
2607,657,2024,3,Friends,32,4.0,Australia,Australia,Melbourne,Buenos Aires,Argentina,Shopping,Buenos Aires Shopping 32,"Main Road, Buenos Aires",Spring,3.988888888888889,3.812244897959184
2608,879,2022,7,Couples,71,3.6,Asia,Singapore,Singapore,Rio de Janeiro,Brazil,Museum,Rio de Janeiro Museum 71,"Main Road, Rio de Janeiro",Summer,3.9,3.9066666666666667
2609,121,2024,11,Couples,85,3.3,South America,Argentina,Buenos Aires,Rome,Italy,Historical Site,Rome Historical Site 85,"Main Road, Rome",Autumn,4.116666666666666,3.8607843137254902
2610,546,2025,11,Friends,62,3.2,North America,Canada,Vancouver,Buenos Aires,Argentina,Park,Buenos Aires Park 62,"Main Road, Buenos Aires",Autumn,3.95,3.8065217391304347
2611,709,2022,8,Friends,63,3.2,North America,Mexico,Mexico City,Madrid,Spain,Shopping,Madrid Shopping 63,"Main Road, Madrid",Summer,3.6,3.8245283018867924
2612,221,2023,10,Solo,5,3.0,Asia,Japan,Tokyo,Santiago,Chile,Adventure,Santiago Adventure 5,"Main Road, Santiago",Autumn,3.985714285714286,3.691111111111111
2613,128,2022,6,Family,59,5.0,South America,Brazil,Sao Paulo,Melbourne,Australia,Museum,Melbourne Museum 59,"Main Road, Melbourne",Summer,4.2124999999999995,3.853061224489796
2614,363,2025,1,Solo,53,4.0,Africa,Egypt,Luxor,Milan,Italy,Shopping,Milan Shopping 53,"Main Road, Milan",Winter,3.9,3.685106382978723
2615,747,2023,3,Family,40,5.0,Asia,Singapore,Singapore,Cape Town,South Africa,Museum,Cape Town Museum 40,"Main Road, Cape Town",Spring,3.8833333333333333,3.815909090909091
2616,8,2023,6,Business,5,3.5,Australia,New Zealand,Queenstown,Santiago,Chile,Adventure,Santiago Adventure 5,"Main Road, Santiago",Summer,3.7,3.691111111111111
2617,273,2022,10,Business,38,2.7,Africa,South Africa,Cape Town,Luxor,Egypt,Museum,Luxor Museum 38,"Main Road, Luxor",Autumn,3.4799999999999995,3.784313725490196
2618,958,2022,4,Family,91,3.5,Asia,Thailand,Phuket,Singapore,Singapore,Historical Site,Singapore Historical Site 91,"Main Road, Singapore",Spring,3.8000000000000003,3.924137931034483
2619,417,2024,11,Business,3,4.3,Europe,Germany,Munich,Rio de Janeiro,Brazil,Adventure,Rio de Janeiro Adventure 3,"Main Road, Rio de Janeiro",Autumn,4.2,3.791111111111111
2620,709,2022,12,Family,88,3.4,North America,Mexico,Mexico City,Tokyo,Japan,Shopping,Tokyo Shopping 88,"Main Road, Tokyo",Winter,3.6,3.901818181818182
2621,835,2022,3,Solo,2,4.2,Australia,Australia,Sydney,Sao Paulo,Brazil,Historical Site,Sao Paulo Historical Site 2,"Main Road, Sao Paulo",Spring,3.716666666666667,3.727272727272727
2622,950,2024,4,Business,45,3.5,North America,Canada,Vancouver,Cairo,Egypt,Park,Cairo Park 45,"Main Road, Cairo",Spring,3.257142857142857,3.852830188679245
2623,581,2025,1,Friends,38,3.7,Africa,South Africa,Johannesburg,Luxor,Egypt,Museum,Luxor Museum 38,"Main Road, Luxor",Winter,4.0,3.784313725490196
2624,752,2024,2,Couples,22,4.3,South America,Brazil,Sao Paulo,Melbourne,Australia,Adventure,Melbourne Adventure 22,"Main Road, Melbourne",Winter,4.15,3.8629629629629627
2625,882,2023,5,Business,10,2.6,Australia,New Zealand,Queenstown,Toronto,Canada,Wildlife,Toronto Wildlife 10,"Main Road, Toronto",Spring,2.975,3.8257575757575757
2626,272,2024,2,Solo,25,4.6,Europe,Germany,Munich,Cairo,Egypt,Temple,Cairo Temple 25,"Main Road, Cairo",Winter,3.875,3.595555555555556
2627,103,2024,8,Friends,98,3.5,Europe,Spain,Madrid,Mombasa,Kenya,Adventure,Mombasa Adventure 98,"Main Road, Mombasa",Summer,4.091666666666667,4.017543859649122
2628,82,2024,5,Couples,77,4.9,Asia,Japan,Tokyo,Rome,Italy,Temple,Rome Temple 77,"Main Road, Rome",Spring,4.166666666666667,3.836734693877551
2629,395,2022,5,Friends,1,3.0,South America,Argentina,Buenos Aires,Berlin,Germany,Wildlife,Berlin Wildlife 1,"Main Road, Berlin",Spring,3.3600000000000003,3.782051282051282
2630,80,2024,11,Solo,31,3.4,North America,Canada,Vancouver,Queenstown,New Zealand,Historical Site,Queenstown Historical Site 31,"Main Road, Queenstown",Autumn,3.6285714285714286,3.663157894736842
2631,437,2025,1,Solo,93,3.2,Europe,France,Nice,Auckland,New Zealand,Adventure,Auckland Adventure 93,"Main Road, Auckland",Winter,3.45,3.7888888888888888
2632,601,2025,7,Couples,42,4.6,South America,Chile,Santiago,Singapore,Singapore,Wildlife,Singapore Wildlife 42,"Main Road, Singapore",Summer,4.0,3.706382978723404
2633,276,2023,8,Family,25,2.8,Asia,Thailand,Bangkok,Cairo,Egypt,Temple,Cairo Temple 25,"Main Road, Cairo",Summer,3.6333333333333333,3.595555555555556
2634,399,2023,11,Friends,51,3.6,North America,Mexico,Mexico City,Mexico City,Mexico,Temple,Mexico City Temple 51,"Main Road, Mexico City",Autumn,3.5500000000000003,3.861290322580645
2635,466,2024,11,Couples,92,4.4,South America,Argentina,Buenos Aires,Queenstown,New Zealand,Museum,Queenstown Museum 92,"Main Road, Queenstown",Autumn,3.7750000000000004,4.0339285714285715
2636,371,2023,6,Family,26,4.4,North America,Mexico,Cancun,Rome,Italy,Temple,Rome Temple 26,"Main Road, Rome",Summer,3.9250000000000003,3.829310344827586
2637,573,2024,10,Couples,78,5.0,Australia,Australia,Sydney,Santiago,Chile,Museum,Santiago Museum 78,"Main Road, Santiago",Autumn,4.1499999999999995,3.814814814814815
2638,135,2024,8,Business,83,4.1,Australia,New Zealand,Auckland,Melbourne,Australia,Wildlife,Melbourne Wildlife 83,"Main Road, Melbourne",Summer,4.166666666666667,3.851282051282051
2639,381,2024,5,Family,77,3.4,South America,Brazil,Rio de Janeiro,Rome,Italy,Temple,Rome Temple 77,"Main Road, Rome",Spring,3.742857142857143,3.836734693877551
2640,383,2025,4,Solo,67,3.0,Europe,Spain,Madrid,Auckland,New Zealand,Historical Site,Auckland Historical Site 67,"Main Road, Auckland",Spring,3.533333333333333,3.736842105263158
2641,602,2023,8,Friends,89,3.7,North America,Canada,Toronto,Sydney,Australia,Park,Sydney Park 89,"Main Road, Sydney",Summer,4.16,3.811764705882353
2642,890,2023,6,Solo,97,5.0,North America,Mexico,Mexico City,Los Angeles,USA,Historical Site,Los Angeles Historical Site 97,"Main Road, Los Angeles",Summer,3.8833333333333333,3.661904761904762
2643,77,2024,2,Friends,76,3.7,North America,USA,Los Angeles,Tokyo,Japan,Temple,Tokyo Temple 76,"Main Road, Tokyo",Winter,4.2375,3.817777777777778
2644,678,2023,9,Family,41,4.0,Africa,Kenya,Mombasa,Vancouver,Canada,Beach,Vancouver Beach 41,"Main Road, Vancouver",Autumn,3.35,3.7526315789473683
2645,523,2024,8,Family,71,4.3,Australia,New Zealand,Queenstown,Rio de Janeiro,Brazil,Museum,Rio de Janeiro Museum 71,"Main Road, Rio de Janeiro",Summer,3.55,3.9066666666666667
2646,133,2024,3,Family,61,5.0,North America,Canada,Toronto,Sydney,Australia,Shopping,Sydney Shopping 61,"Main Road, Sydney",Spring,3.7625,3.8000000000000003
2647,922,2023,7,Couples,61,5.0,Asia,Japan,Osaka,Sydney,Australia,Shopping,Sydney Shopping 61,"Main Road, Sydney",Summer,4.025,3.8000000000000003
2648,746,2022,9,Business,3,3.2,South America,Argentina,Buenos Aires,Rio de Janeiro,Brazil,Adventure,Rio de Janeiro Adventure 3,"Main Road, Rio de Janeiro",Autumn,3.2857142857142856,3.791111111111111
2649,830,2022,1,Friends,58,3.3,Australia,New Zealand,Auckland,Mumbai,India,Wildlife,Mumbai Wildlife 58,"Main Road, Mumbai",Winter,4.225,3.7518518518518515
2650,106,2022,1,Business,34,2.7,Europe,Germany,Berlin,Mombasa,Kenya,Temple,Mombasa Temple 34,"Main Road, Mombasa",Winter,3.35,3.764
2651,29,2023,11,Friends,25,4.0,South America,Argentina,Buenos Aires,Cairo,Egypt,Temple,Cairo Temple 25,"Main Road, Cairo",Autumn,3.5599999999999996,3.595555555555556
2652,421,2024,8,Couples,62,3.2,North America,Mexico,Mexico City,Buenos Aires,Argentina,Park,Buenos Aires Park 62,"Main Road, Buenos Aires",Summer,3.533333333333333,3.8065217391304347
2653,760,2022,1,Couples,45,3.8,Europe,Spain,Barcelona,Cairo,Egypt,Park,Cairo Park 45,"Main Road, Cairo",Winter,3.625,3.852830188679245
2654,789,2022,8,Solo,89,3.5,Europe,France,Nice,Sydney,Australia,Park,Sydney Park 89,"Main Road, Sydney",Summer,4.15,3.811764705882353
2655,630,2025,3,Family,50,4.1,Asia,Singapore,Singapore,Cancun,Mexico,Historical Site,Cancun Historical Site 50,"Main Road, Cancun",Spring,3.766666666666667,3.5078947368421054
2656,600,2022,7,Friends,75,4.0,Europe,Spain,Barcelona,Vancouver,Canada,Park,Vancouver Park 75,"Main Road, Vancouver",Summer,3.25,3.861818181818182
2657,694,2025,5,Couples,96,4.2,Europe,Spain,Barcelona,Cancun,Mexico,Adventure,Cancun Adventure 96,"Main Road, Cancun",Spring,3.6,3.5860000000000003
2658,818,2024,4,Family,81,3.7,North America,Canada,Toronto,Luxor,Egypt,Park,Luxor Park 81,"Main Road, Luxor",Spring,4.0200000000000005,3.8309090909090906
2659,355,2024,2,Family,20,4.2,Africa,Kenya,Nairobi,Vancouver,Canada,Wildlife,Vancouver Wildlife 20,"Main Road, Vancouver",Winter,4.7,3.775
2660,943,2023,10,Couples,83,3.4,North America,Canada,Toronto,Melbourne,Australia,Wildlife,Melbourne Wildlife 83,"Main Road, Melbourne",Autumn,3.788888888888889,3.851282051282051
2661,742,2022,4,Business,29,4.0,Africa,Kenya,Mombasa,Santiago,Chile,Wildlife,Santiago Wildlife 29,"Main Road, Santiago",Spring,3.6,3.7943396226415094
2662,103,2025,3,Family,40,4.7,Europe,Spain,Madrid,Cape Town,South Africa,Museum,Cape Town Museum 40,"Main Road, Cape Town",Spring,4.091666666666667,3.815909090909091
2663,397,2025,1,Family,64,2.6,Australia,Australia,Melbourne,Madrid,Spain,Beach,Madrid Beach 64,"Main Road, Madrid",Winter,3.55,3.8058823529411763
2664,258,2025,10,Friends,68,2.9,Africa,Kenya,Nairobi,Toronto,Canada,Shopping,Toronto Shopping 68,"Main Road, Toronto",Autumn,3.66,3.607142857142857
2665,390,2022,2,Couples,87,4.1,Europe,Germany,Munich,Vancouver,Canada,Park,Vancouver Park 87,"Main Road, Vancouver",Winter,3.6166666666666667,3.881818181818182
2666,420,2023,6,Couples,24,4.6,Asia,India,Delhi,Nairobi,Kenya,Museum,Nairobi Museum 24,"Main Road, Nairobi",Summer,4.029999999999999,3.8804878048780487
2667,339,2023,10,Business,45,3.0,Europe,Spain,Madrid,Cairo,Egypt,Park,Cairo Park 45,"Main Road, Cairo",Autumn,3.1999999999999997,3.852830188679245
2668,549,2024,4,Friends,47,4.8,Africa,South Africa,Johannesburg,New York,USA,Historical Site,New York Historical Site 47,"Main Road, New York",Spring,4.34,3.9181818181818184
2669,424,2022,1,Couples,90,4.9,Africa,Kenya,Mombasa,Nice,France,Temple,Nice Temple 90,"Main Road, Nice",Winter,4.016666666666667,3.7215686274509805
2670,278,2023,1,Family,81,3.8,Asia,Japan,Tokyo,Luxor,Egypt,Park,Luxor Park 81,"Main Road, Luxor",Winter,3.84,3.8309090909090906
2671,858,2023,6,Friends,94,2.5,North America,Mexico,Mexico City,Melbourne,Australia,Temple,Melbourne Temple 94,"Main Road, Melbourne",Summer,3.8818181818181823,3.6732142857142853
2672,978,2023,5,Family,6,4.4,South America,Argentina,Buenos Aires,Johannesburg,South Africa,Museum,Johannesburg Museum 6,"Main Road, Johannesburg",Spring,3.9200000000000004,3.8461538461538463
2673,587,2023,3,Business,38,3.8,North America,Mexico,Cancun,Luxor,Egypt,Museum,Luxor Museum 38,"Main Road, Luxor",Spring,3.88,3.784313725490196
2674,952,2024,9,Couples,31,4.1,Europe,Italy,Rome,Queenstown,New Zealand,Historical Site,Queenstown Historical Site 31,"Main Road, Queenstown",Autumn,3.7142857142857144,3.663157894736842
2675,58,2024,4,Couples,73,4.0,Asia,Thailand,Pattaya,Queenstown,New Zealand,Shopping,Queenstown Shopping 73,"Main Road, Queenstown",Spring,3.3000000000000003,3.7816666666666667
2676,354,2024,1,Business,63,4.0,Europe,France,Nice,Madrid,Spain,Shopping,Madrid Shopping 63,"Main Road, Madrid",Winter,4.0,3.8245283018867924
2677,184,2023,3,Business,21,1.4,Australia,Australia,Sydney,Luxor,Egypt,Temple,Luxor Temple 21,"Main Road, Luxor",Spring,3.1999999999999997,3.8267857142857147
2678,43,2023,5,Couples,57,3.5,Asia,Singapore,Singapore,Queenstown,New Zealand,Beach,Queenstown Beach 57,"Main Road, Queenstown",Spring,3.5625,3.8095238095238093
2679,69,2024,12,Business,56,4.5,South America,Argentina,Buenos Aires,Madrid,Spain,Historical Site,Madrid Historical Site 56,"Main Road, Madrid",Winter,3.9,3.892156862745098
2680,748,2024,9,Family,90,4.2,North America,Canada,Toronto,Nice,France,Temple,Nice Temple 90,"Main Road, Nice",Autumn,3.625,3.7215686274509805
2681,440,2022,7,Business,7,4.3,Asia,India,Delhi,Santiago,Chile,Park,Santiago Park 7,"Main Road, Santiago",Summer,3.95,3.6767857142857143
2682,286,2023,7,Family,10,3.5,Australia,Australia,Melbourne,Toronto,Canada,Wildlife,Toronto Wildlife 10,"Main Road, Toronto",Summer,3.55,3.8257575757575757
2683,419,2024,4,Couples,88,3.0,Asia,Thailand,Bangkok,Tokyo,Japan,Shopping,Tokyo Shopping 88,"Main Road, Tokyo",Spring,3.95,3.901818181818182
2684,689,2023,4,Friends,90,5.0,Asia,India,Goa,Nice,France,Temple,Nice Temple 90,"Main Road, Nice",Spring,4.3999999999999995,3.7215686274509805
2685,995,2024,12,Couples,43,4.3,Australia,Australia,Melbourne,Cape Town,South Africa,Shopping,Cape Town Shopping 43,"Main Road, Cape Town",Winter,4.466666666666666,3.772
2686,301,2024,1,Family,88,4.4,Africa,South Africa,Cape Town,Tokyo,Japan,Shopping,Tokyo Shopping 88,"Main Road, Tokyo",Winter,3.9333333333333336,3.901818181818182
2687,278,2024,10,Couples,23,3.2,Asia,Japan,Tokyo,Los Angeles,USA,Adventure,Los Angeles Adventure 23,"Main Road, Los Angeles",Autumn,3.84,3.919047619047619
2688,691,2022,7,Solo,13,3.2,Africa,South Africa,Johannesburg,Auckland,New Zealand,Wildlife,Auckland Wildlife 13,"Main Road, Auckland",Summer,3.7333333333333334,3.8711864406779664
2689,924,2024,11,Business,44,5.0,Asia,Thailand,Phuket,Rio de Janeiro,Brazil,Temple,Rio de Janeiro Temple 44,"Main Road, Rio de Janeiro",Autumn,4.275,3.825
2690,843,2022,12,Friends,56,4.5,North America,Canada,Toronto,Madrid,Spain,Historical Site,Madrid Historical Site 56,"Main Road, Madrid",Winter,4.366666666666667,3.892156862745098
2691,55,2023,11,Solo,35,4.9,North America,USA,New York,Paris,France,Beach,Paris Beach 35,"Main Road, Paris",Autumn,4.057142857142857,3.728
2692,113,2023,6,Couples,41,4.4,Asia,Singapore,Singapore,Vancouver,Canada,Beach,Vancouver Beach 41,"Main Road, Vancouver",Summer,4.2,3.7526315789473683
2693,917,2024,11,Couples,41,4.7,Europe,Germany,Munich,Vancouver,Canada,Beach,Vancouver Beach 41,"Main Road, Vancouver",Autumn,3.8833333333333333,3.7526315789473683
2694,938,2023,11,Family,36,3.3,North America,Canada,Vancouver,Singapore,Singapore,Beach,Singapore Beach 36,"Main Road, Singapore",Autumn,3.7857142857142856,3.7410714285714284
2695,493,2024,4,Solo,39,3.6,Africa,South Africa,Cape Town,Munich,Germany,Shopping,Munich Shopping 39,"Main Road, Munich",Spring,3.966666666666667,3.965909090909091
2696,931,2024,4,Business,72,4.6,Australia,Australia,Sydney,Luxor,Egypt,Temple,Luxor Temple 72,"Main Road, Luxor",Spring,3.9666666666666663,3.696296296296296
2697,531,2024,10,Solo,62,4.7,Europe,Italy,Rome,Buenos Aires,Argentina,Park,Buenos Aires Park 62,"Main Road, Buenos Aires",Autumn,3.814285714285714,3.8065217391304347
2698,243,2025,4,Friends,40,3.7,South America,Argentina,Buenos Aires,Cape Town,South Africa,Museum,Cape Town Museum 40,"Main Road, Cape Town",Spring,3.85,3.815909090909091
2699,906,2025,9,Family,66,3.7,South America,Argentina,Buenos Aires,Kyoto,Japan,Historical Site,Kyoto Historical Site 66,"Main Road, Kyoto",Autumn,3.875,3.8181818181818183
2700,420,2025,3,Couples,49,4.7,Asia,India,Delhi,Santiago,Chile,Historical Site,Santiago Historical Site 49,"Main Road, Santiago",Spring,4.029999999999999,3.8877551020408165
2701,7,2022,3,Family,91,3.7,South America,Argentina,Buenos Aires,Singapore,Singapore,Historical Site,Singapore Historical Site 91,"Main Road, Singapore",Spring,3.6166666666666667,3.924137931034483
2702,397,2024,1,Couples,12,3.6,Australia,Australia,Melbourne,New York,USA,Historical Site,New York Historical Site 12,"Main Road, New York",Winter,3.55,3.8160714285714286
2703,887,2024,11,Friends,14,4.5,South America,Brazil,Sao Paulo,Sao Paulo,Brazil,Historical Site,Sao Paulo Historical Site 14,"Main Road, Sao Paulo",Autumn,3.56,3.788235294117647
2704,115,2022,9,Friends,39,3.9,Africa,South Africa,Cape Town,Munich,Germany,Shopping,Munich Shopping 39,"Main Road, Munich",Autumn,3.8000000000000003,3.965909090909091
2705,482,2025,11,Business,98,4.1,Africa,Egypt,Luxor,Mombasa,Kenya,Adventure,Mombasa Adventure 98,"Main Road, Mombasa",Autumn,3.8272727272727276,4.017543859649122
2706,959,2024,6,Couples,99,4.1,Australia,New Zealand,Auckland,Toronto,Canada,Adventure,Toronto Adventure 99,"Main Road, Toronto",Summer,3.9,3.735416666666667
2707,343,2022,3,Couples,26,5.0,South America,Brazil,Sao Paulo,Rome,Italy,Temple,Rome Temple 26,"Main Road, Rome",Spring,3.675,3.829310344827586
2708,50,2022,11,Family,58,4.0,Asia,Singapore,Singapore,Mumbai,India,Wildlife,Mumbai Wildlife 58,"Main Road, Mumbai",Autumn,4.233333333333333,3.7518518518518515
2709,569,2023,2,Family,86,3.1,Australia,New Zealand,Auckland,Cape Town,South Africa,Historical Site,Cape Town Historical Site 86,"Main Road, Cape Town",Winter,3.6125000000000003,3.6799999999999997
2710,968,2023,7,Couples,54,4.1,Asia,India,Goa,Rio de Janeiro,Brazil,Shopping,Rio de Janeiro Shopping 54,"Main Road, Rio de Janeiro",Summer,3.9499999999999997,3.7326086956521736
2711,716,2022,9,Friends,9,4.8,Australia,New Zealand,Queenstown,Nice,France,Adventure,Nice Adventure 9,"Main Road, Nice",Autumn,4.766666666666667,3.709803921568627
2712,779,2025,3,Business,62,3.6,South America,Brazil,Sao Paulo,Buenos Aires,Argentina,Park,Buenos Aires Park 62,"Main Road, Buenos Aires",Spring,3.8249999999999997,3.8065217391304347
2713,858,2025,4,Business,74,4.6,North America,Mexico,Mexico City,Sydney,Australia,Historical Site,Sydney Historical Site 74,"Main Road, Sydney",Spring,3.8818181818181823,4.0487179487179485
2714,222,2025,8,Couples,17,5.0,Europe,Italy,Venice,Buenos Aires,Argentina,Wildlife,Buenos Aires Wildlife 17,"Main Road, Buenos Aires",Summer,4.449999999999999,3.9155555555555552
2715,375,2023,11,Friends,95,3.5,Europe,Italy,Milan,Singapore,Singapore,Park,Singapore Park 95,"Main Road, Singapore",Autumn,3.56,3.819607843137255
2716,641,2024,6,Friends,79,4.9,South America,Brazil,Rio de Janeiro,Mexico City,Mexico,Historical Site,Mexico City Historical Site 79,"Main Road, Mexico City",Summer,4.0,3.861224489795918
2717,550,2025,6,Family,33,4.5,Europe,Germany,Berlin,New York,USA,Historical Site,New York Historical Site 33,"Main Road, New York",Summer,3.7777777777777777,3.8160000000000003
2718,10,2023,2,Family,52,4.6,South America,Argentina,Buenos Aires,Mombasa,Kenya,Shopping,Mombasa Shopping 52,"Main Road, Mombasa",Winter,3.78,3.9035087719298245
2719,317,2025,2,Family,100,3.2,Europe,Italy,Milan,Mombasa,Kenya,Wildlife,Mombasa Wildlife 100,"Main Road, Mombasa",Winter,3.66,3.75
2720,936,2024,5,Family,65,2.9,Asia,India,Jaipur,Vancouver,Canada,Museum,Vancouver Museum 65,"Main Road, Vancouver",Spring,3.3714285714285714,3.9294117647058826
2721,204,2024,10,Business,85,4.1,South America,Brazil,Sao Paulo,Rome,Italy,Historical Site,Rome Historical Site 85,"Main Road, Rome",Autumn,3.9,3.8607843137254902
2722,128,2023,6,Couples,36,4.6,South America,Brazil,Sao Paulo,Singapore,Singapore,Beach,Singapore Beach 36,"Main Road, Singapore",Summer,4.2124999999999995,3.7410714285714284
2723,115,2024,3,Friends,32,4.2,Africa,South Africa,Cape Town,Buenos Aires,Argentina,Shopping,Buenos Aires Shopping 32,"Main Road, Buenos Aires",Spring,3.8000000000000003,3.812244897959184
2724,933,2024,8,Couples,96,3.7,Europe,Germany,Berlin,Cancun,Mexico,Adventure,Cancun Adventure 96,"Main Road, Cancun",Summer,3.5714285714285716,3.5860000000000003
2725,678,2023,2,Friends,30,3.4,Africa,Kenya,Mombasa,Cape Town,South Africa,Museum,Cape Town Museum 30,"Main Road, Cape Town",Winter,3.35,3.811111111111111
2726,870,2024,7,Family,49,1.7,Europe,Italy,Rome,Santiago,Chile,Historical Site,Santiago Historical Site 49,"Main Road, Santiago",Summer,3.0666666666666664,3.8877551020408165
2727,133,2025,9,Solo,42,3.6,North America,Canada,Toronto,Singapore,Singapore,Wildlife,Singapore Wildlife 42,"Main Road, Singapore",Autumn,3.7625,3.706382978723404
2728,3,2025,3,Friends,86,4.1,Europe,Spain,Madrid,Cape Town,South Africa,Historical Site,Cape Town Historical Site 86,"Main Road, Cape Town",Spring,3.857142857142857,3.6799999999999997
2729,560,2025,7,Friends,71,3.9,Europe,France,Paris,Rio de Janeiro,Brazil,Museum,Rio de Janeiro Museum 71,"Main Road, Rio de Janeiro",Summer,3.8999999999999995,3.9066666666666667
2730,295,2022,12,Couples,68,3.8,Australia,Australia,Sydney,Toronto,Canada,Shopping,Toronto Shopping 68,"Main Road, Toronto",Winter,3.7,3.607142857142857
2731,574,2023,6,Couples,81,3.5,North America,Canada,Toronto,Luxor,Egypt,Park,Luxor Park 81,"Main Road, Luxor",Summer,4.116666666666666,3.8309090909090906
2732,808,2024,12,Friends,89,2.7,Africa,Egypt,Luxor,Sydney,Australia,Park,Sydney Park 89,"Main Road, Sydney",Winter,3.75,3.811764705882353
2733,63,2024,12,Business,64,3.0,Africa,South Africa,Cape Town,Madrid,Spain,Beach,Madrid Beach 64,"Main Road, Madrid",Winter,4.14,3.8058823529411763
2734,51,2023,5,Solo,45,5.0,Australia,New Zealand,Auckland,Cairo,Egypt,Park,Cairo Park 45,"Main Road, Cairo",Spring,4.0600000000000005,3.852830188679245
2735,138,2022,9,Family,7,3.3,Africa,Kenya,Nairobi,Santiago,Chile,Park,Santiago Park 7,"Main Road, Santiago",Autumn,4.0,3.6767857142857143
2736,213,2022,12,Friends,87,4.0,South America,Brazil,Rio de Janeiro,Vancouver,Canada,Park,Vancouver Park 87,"Main Road, Vancouver",Winter,3.9,3.881818181818182
2737,819,2025,8,Business,38,3.6,Australia,New Zealand,Queenstown,Luxor,Egypt,Museum,Luxor Museum 38,"Main Road, Luxor",Summer,3.9166666666666665,3.784313725490196
2738,688,2024,11,Friends,83,4.3,Australia,Australia,Sydney,Melbourne,Australia,Wildlife,Melbourne Wildlife 83,"Main Road, Melbourne",Autumn,3.725,3.851282051282051
2739,665,2023,3,Family,68,4.0,Australia,New Zealand,Auckland,Toronto,Canada,Shopping,Toronto Shopping 68,"Main Road, Toronto",Spring,3.9,3.607142857142857
2740,950,2025,10,Family,67,3.6,North America,Canada,Vancouver,Auckland,New Zealand,Historical Site,Auckland Historical Site 67,"Main Road, Auckland",Autumn,3.257142857142857,3.736842105263158
2741,359,2023,1,Couples,19,4.1,Africa,South Africa,Cape Town,Auckland,New Zealand,Park,Auckland Park 19,"Main Road, Auckland",Winter,3.9799999999999995,3.689583333333333
2742,479,2022,4,Couples,12,3.8,Asia,India,Jaipur,New York,USA,Historical Site,New York Historical Site 12,"Main Road, New York",Spring,3.75,3.8160714285714286
2743,905,2023,2,Friends,20,4.2,Australia,Australia,Sydney,Vancouver,Canada,Wildlife,Vancouver Wildlife 20,"Main Road, Vancouver",Winter,4.0,3.775
2744,875,2023,9,Friends,22,3.6,Asia,Singapore,Singapore,Melbourne,Australia,Adventure,Melbourne Adventure 22,"Main Road, Melbourne",Autumn,3.9285714285714284,3.8629629629629627
2745,472,2023,12,Couples,60,4.4,Asia,Singapore,Singapore,Johannesburg,South Africa,Museum,Johannesburg Museum 60,"Main Road, Johannesburg",Winter,3.94,3.7857142857142856
2746,271,2024,12,Couples,37,3.8,Europe,Germany,Munich,Mumbai,India,Historical Site,Mumbai Historical Site 37,"Main Road, Mumbai",Winter,3.8125,3.752173913043478
2747,960,2023,2,Business,81,4.0,South America,Brazil,Sao Paulo,Luxor,Egypt,Park,Luxor Park 81,"Main Road, Luxor",Winter,3.84,3.8309090909090906
2748,281,2025,5,Solo,37,4.1,Africa,Kenya,Nairobi,Mumbai,India,Historical Site,Mumbai Historical Site 37,"Main Road, Mumbai",Spring,3.411111111111111,3.752173913043478
2749,752,2024,11,Friends,98,4.8,South America,Brazil,Sao Paulo,Mombasa,Kenya,Adventure,Mombasa Adventure 98,"Main Road, Mombasa",Autumn,4.15,4.017543859649122
2750,670,2025,7,Couples,100,3.4,Australia,Australia,Sydney,Mombasa,Kenya,Wildlife,Mombasa Wildlife 100,"Main Road, Mombasa",Summer,3.6666666666666665,3.75
2751,405,2022,3,Couples,31,4.2,Asia,Japan,Osaka,Queenstown,New Zealand,Historical Site,Queenstown Historical Site 31,"Main Road, Queenstown",Spring,3.825,3.663157894736842
2752,391,2025,3,Solo,7,4.0,North America,Mexico,Cancun,Santiago,Chile,Park,Santiago Park 7,"Main Road, Santiago",Spring,4.25,3.6767857142857143
2753,367,2024,6,Business,49,3.4,Australia,New Zealand,Queenstown,Santiago,Chile,Historical Site,Santiago Historical Site 49,"Main Road, Santiago",Summer,3.6624999999999996,3.8877551020408165
2754,860,2024,3,Solo,97,2.8,Africa,Egypt,Luxor,Los Angeles,USA,Historical Site,Los Angeles Historical Site 97,"Main Road, Los Angeles",Spring,3.5799999999999996,3.661904761904762
2755,512,2023,6,Solo,85,3.6,Africa,South Africa,Cape Town,Rome,Italy,Historical Site,Rome Historical Site 85,"Main Road, Rome",Summer,3.4799999999999995,3.8607843137254902
2756,181,2023,4,Couples,77,4.0,North America,Mexico,Mexico City,Rome,Italy,Temple,Rome Temple 77,"Main Road, Rome",Spring,3.966666666666667,3.836734693877551
2757,525,2023,11,Family,92,4.1,South America,Brazil,Sao Paulo,Queenstown,New Zealand,Museum,Queenstown Museum 92,"Main Road, Queenstown",Autumn,3.5833333333333335,4.0339285714285715
2758,304,2024,1,Family,14,3.8,Africa,South Africa,Johannesburg,Sao Paulo,Brazil,Historical Site,Sao Paulo Historical Site 14,"Main Road, Sao Paulo",Winter,4.075,3.788235294117647
2759,449,2022,5,Couples,34,4.0,South America,Brazil,Sao Paulo,Mombasa,Kenya,Temple,Mombasa Temple 34,"Main Road, Mombasa",Spring,4.2,3.764
2760,135,2023,6,Couples,14,4.2,Australia,New Zealand,Auckland,Sao Paulo,Brazil,Historical Site,Sao Paulo Historical Site 14,"Main Road, Sao Paulo",Summer,4.166666666666667,3.788235294117647
2761,499,2023,11,Family,100,2.9,Africa,Egypt,Cairo,Mombasa,Kenya,Wildlife,Mombasa Wildlife 100,"Main Road, Mombasa",Autumn,3.585714285714286,3.75
2762,1,2022,9,Solo,34,4.5,South America,Brazil,Rio de Janeiro,Mombasa,Kenya,Temple,Mombasa Temple 34,"Main Road, Mombasa",Autumn,4.125,3.764
2763,266,2023,12,Family,10,5.0,South America,Chile,Santiago,Toronto,Canada,Wildlife,Toronto Wildlife 10,"Main Road, Toronto",Winter,3.7600000000000002,3.8257575757575757
2764,633,2022,8,Business,24,4.1,Asia,Singapore,Singapore,Nairobi,Kenya,Museum,Nairobi Museum 24,"Main Road, Nairobi",Summer,3.4499999999999997,3.8804878048780487
2765,623,2022,8,Business,58,3.5,Asia,Japan,Kyoto,Mumbai,India,Wildlife,Mumbai Wildlife 58,"Main Road, Mumbai",Summer,3.85,3.7518518518518515
2766,878,2025,4,Friends,80,4.8,Africa,Egypt,Cairo,Nairobi,Kenya,Temple,Nairobi Temple 80,"Main Road, Nairobi",Spring,4.114285714285714,3.8166666666666664
2767,751,2025,6,Business,92,3.6,Australia,New Zealand,Queenstown,Queenstown,New Zealand,Museum,Queenstown Museum 92,"Main Road, Queenstown",Summer,4.1375,4.0339285714285715
2768,923,2023,6,Business,18,3.6,South America,Argentina,Buenos Aires,Madrid,Spain,Historical Site,Madrid Historical Site 18,"Main Road, Madrid",Summer,3.62,3.7285714285714286
2769,139,2025,1,Business,86,4.6,South America,Chile,Santiago,Cape Town,South Africa,Historical Site,Cape Town Historical Site 86,"Main Road, Cape Town",Winter,3.9666666666666663,3.6799999999999997
2770,134,2025,11,Solo,57,3.6,Australia,New Zealand,Queenstown,Queenstown,New Zealand,Beach,Queenstown Beach 57,"Main Road, Queenstown",Autumn,3.9857142857142853,3.8095238095238093
2771,458,2024,3,Friends,92,3.6,Africa,Egypt,Cairo,Queenstown,New Zealand,Museum,Queenstown Museum 92,"Main Road, Queenstown",Spring,3.9499999999999997,4.0339285714285715
2772,321,2025,8,Couples,93,3.6,South America,Argentina,Buenos Aires,Auckland,New Zealand,Adventure,Auckland Adventure 93,"Main Road, Auckland",Summer,3.96,3.7888888888888888
2773,852,2025,9,Couples,57,4.2,Europe,Spain,Barcelona,Queenstown,New Zealand,Beach,Queenstown Beach 57,"Main Road, Queenstown",Autumn,3.966666666666667,3.8095238095238093
2774,560,2023,7,Family,23,4.1,Europe,France,Paris,Los Angeles,USA,Adventure,Los Angeles Adventure 23,"Main Road, Los Angeles",Summer,3.8999999999999995,3.919047619047619
2775,368,2023,12,Friends,75,4.5,South America,Chile,Santiago,Vancouver,Canada,Park,Vancouver Park 75,"Main Road, Vancouver",Winter,4.5200000000000005,3.861818181818182
2776,411,2022,8,Solo,12,3.9,Asia,Japan,Kyoto,New York,USA,Historical Site,New York Historical Site 12,"Main Road, New York",Summer,3.3666666666666667,3.8160714285714286
2777,637,2024,12,Friends,29,3.7,Australia,Australia,Melbourne,Santiago,Chile,Wildlife,Santiago Wildlife 29,"Main Road, Santiago",Winter,3.5142857142857147,3.7943396226415094
2778,770,2025,9,Couples,33,3.0,North America,Canada,Vancouver,New York,USA,Historical Site,New York Historical Site 33,"Main Road, New York",Autumn,3.3333333333333335,3.8160000000000003
2779,296,2022,6,Friends,49,4.2,Asia,India,Delhi,Santiago,Chile,Historical Site,Santiago Historical Site 49,"Main Road, Santiago",Summer,3.7600000000000002,3.8877551020408165
2780,694,2025,7,Solo,76,3.1,Europe,Spain,Barcelona,Tokyo,Japan,Temple,Tokyo Temple 76,"Main Road, Tokyo",Summer,3.6,3.817777777777778
2781,366,2023,1,Family,92,4.3,South America,Chile,Santiago,Queenstown,New Zealand,Museum,Queenstown Museum 92,"Main Road, Queenstown",Winter,3.94,4.0339285714285715
2782,112,2023,6,Couples,86,4.3,South America,Brazil,Sao Paulo,Cape Town,South Africa,Historical Site,Cape Town Historical Site 86,"Main Road, Cape Town",Summer,3.8599999999999994,3.6799999999999997
2783,421,2023,5,Couples,7,2.3,North America,Mexico,Mexico City,Santiago,Chile,Park,Santiago Park 7,"Main Road, Santiago",Spring,3.533333333333333,3.6767857142857143
2784,428,2022,5,Business,40,4.3,South America,Chile,Santiago,Cape Town,South Africa,Museum,Cape Town Museum 40,"Main Road, Cape Town",Spring,3.6999999999999997,3.815909090909091
2785,43,2024,12,Family,84,2.5,Asia,Singapore,Singapore,Singapore,Singapore,Temple,Singapore Temple 84,"Main Road, Singapore",Winter,3.5625,3.7846153846153845
2786,739,2025,7,Business,44,3.4,Australia,New Zealand,Auckland,Rio de Janeiro,Brazil,Temple,Rio de Janeiro Temple 44,"Main Road, Rio de Janeiro",Summer,3.4,3.825
2787,970,2025,4,Family,33,3.8,South America,Argentina,Buenos Aires,New York,USA,Historical Site,New York Historical Site 33,"Main Road, New York",Spring,3.8875,3.8160000000000003
2788,540,2022,1,Business,68,2.1,Asia,Japan,Kyoto,Toronto,Canada,Shopping,Toronto Shopping 68,"Main Road, Toronto",Winter,3.0749999999999997,3.607142857142857
2789,882,2022,10,Family,80,3.5,Australia,New Zealand,Queenstown,Nairobi,Kenya,Temple,Nairobi Temple 80,"Main Road, Nairobi",Autumn,2.975,3.8166666666666664
2790,215,2024,10,Friends,90,4.0,Africa,South Africa,Cape Town,Nice,France,Temple,Nice Temple 90,"Main Road, Nice",Autumn,3.725,3.7215686274509805
2791,75,2023,7,Couples,88,3.9,South America,Brazil,Rio de Janeiro,Tokyo,Japan,Shopping,Tokyo Shopping 88,"Main Road, Tokyo",Summer,3.875,3.901818181818182
2792,952,2024,3,Couples,2,3.6,Europe,Italy,Rome,Sao Paulo,Brazil,Historical Site,Sao Paulo Historical Site 2,"Main Road, Sao Paulo",Spring,3.7142857142857144,3.727272727272727
2793,62,2025,3,Friends,71,2.8,Africa,Kenya,Nairobi,Rio de Janeiro,Brazil,Museum,Rio de Janeiro Museum 71,"Main Road, Rio de Janeiro",Spring,4.014285714285714,3.9066666666666667
2794,356,2024,2,Solo,71,4.3,Africa,Egypt,Luxor,Rio de Janeiro,Brazil,Museum,Rio de Janeiro Museum 71,"Main Road, Rio de Janeiro",Winter,4.0,3.9066666666666667
2795,328,2023,9,Family,76,3.8,Australia,New Zealand,Auckland,Tokyo,Japan,Temple,Tokyo Temple 76,"Main Road, Tokyo",Autumn,3.7333333333333334,3.817777777777778
2796,62,2022,11,Couples,20,4.4,Africa,Kenya,Nairobi,Vancouver,Canada,Wildlife,Vancouver Wildlife 20,"Main Road, Vancouver",Autumn,4.014285714285714,3.775
2797,195,2023,11,Business,70,2.5,Africa,Kenya,Nairobi,Sydney,Australia,Beach,Sydney Beach 70,"Main Road, Sydney",Autumn,3.2249999999999996,3.7588235294117647
2798,674,2023,1,Solo,88,4.1,Australia,New Zealand,Auckland,Tokyo,Japan,Shopping,Tokyo Shopping 88,"Main Road, Tokyo",Winter,3.7285714285714286,3.901818181818182
2799,98,2024,5,Family,88,3.6,Asia,India,Goa,Tokyo,Japan,Shopping,Tokyo Shopping 88,"Main Road, Tokyo",Spring,3.6399999999999997,3.901818181818182
2800,272,2022,8,Solo,25,3.3,Europe,Germany,Munich,Cairo,Egypt,Temple,Cairo Temple 25,"Main Road, Cairo",Summer,3.875,3.595555555555556
2801,814,2023,7,Solo,25,4.1,Asia,Singapore,Singapore,Cairo,Egypt,Temple,Cairo Temple 25,"Main Road, Cairo",Summer,3.8200000000000003,3.595555555555556
2802,622,2025,7,Couples,69,5.0,South America,Chile,Santiago,Johannesburg,South Africa,Shopping,Johannesburg Shopping 69,"Main Road, Johannesburg",Summer,4.8,3.818032786885246
2803,870,2022,9,Family,82,3.6,Europe,Italy,Rome,Sydney,Australia,Temple,Sydney Temple 82,"Main Road, Sydney",Autumn,3.0666666666666664,3.7333333333333334
2804,44,2024,5,Solo,8,4.7,North America,Mexico,Cancun,Las Vegas,USA,Museum,Las Vegas Museum 8,"Main Road, Las Vegas",Spring,3.8857142857142857,3.716279069767442
2805,787,2025,8,Couples,64,3.9,Asia,Thailand,Bangkok,Madrid,Spain,Beach,Madrid Beach 64,"Main Road, Madrid",Summer,3.6555555555555554,3.8058823529411763
2806,428,2024,4,Friends,59,2.8,South America,Chile,Santiago,Melbourne,Australia,Museum,Melbourne Museum 59,"Main Road, Melbourne",Spring,3.6999999999999997,3.853061224489796
2807,638,2025,10,Friends,61,3.8,Australia,New Zealand,Auckland,Sydney,Australia,Shopping,Sydney Shopping 61,"Main Road, Sydney",Autumn,3.8428571428571425,3.8000000000000003
2808,441,2024,4,Couples,54,3.5,Asia,Thailand,Pattaya,Rio de Janeiro,Brazil,Shopping,Rio de Janeiro Shopping 54,"Main Road, Rio de Janeiro",Spring,3.6714285714285713,3.7326086956521736
2809,595,2024,2,Business,39,4.9,Asia,Thailand,Phuket,Munich,Germany,Shopping,Munich Shopping 39,"Main Road, Munich",Winter,3.7285714285714286,3.965909090909091
2810,729,2022,12,Friends,46,1.7,Asia,India,Delhi,Jaipur,India,Shopping,Jaipur Shopping 46,"Main Road, Jaipur",Winter,3.233333333333333,3.7113636363636364
2811,17,2025,4,Solo,59,3.9,South America,Brazil,Rio de Janeiro,Melbourne,Australia,Museum,Melbourne Museum 59,"Main Road, Melbourne",Spring,4.2,3.853061224489796
2812,617,2025,3,Couples,24,4.0,North America,Mexico,Cancun,Nairobi,Kenya,Museum,Nairobi Museum 24,"Main Road, Nairobi",Spring,3.2285714285714286,3.8804878048780487
2813,844,2022,10,Family,86,2.5,South America,Argentina,Buenos Aires,Cape Town,South Africa,Historical Site,Cape Town Historical Site 86,"Main Road, Cape Town",Autumn,3.3600000000000003,3.6799999999999997
2814,265,2025,4,Friends,77,4.1,South America,Argentina,Buenos Aires,Rome,Italy,Temple,Rome Temple 77,"Main Road, Rome",Spring,3.6799999999999997,3.836734693877551
2815,171,2022,11,Solo,68,4.3,Australia,Australia,Sydney,Toronto,Canada,Shopping,Toronto Shopping 68,"Main Road, Toronto",Autumn,3.94,3.607142857142857
2816,31,2023,3,Solo,69,3.7,Europe,Germany,Munich,Johannesburg,South Africa,Shopping,Johannesburg Shopping 69,"Main Road, Johannesburg",Spring,3.5375,3.818032786885246
2817,496,2023,8,Family,28,4.4,Asia,Singapore,Singapore,Rio de Janeiro,Brazil,Beach,Rio de Janeiro Beach 28,"Main Road, Rio de Janeiro",Summer,4.0,3.7065217391304346
2818,429,2025,8,Couples,86,3.4,North America,USA,Los Angeles,Cape Town,South Africa,Historical Site,Cape Town Historical Site 86,"Main Road, Cape Town",Summer,3.425,3.6799999999999997
2819,270,2024,7,Couples,11,2.9,North America,USA,New York,Pattaya,Thailand,Beach,Pattaya Beach 11,"Main Road, Pattaya",Summer,3.6384615384615384,3.7121951219512193
2820,28,2025,2,Business,40,5.0,South America,Argentina,Buenos Aires,Cape Town,South Africa,Museum,Cape Town Museum 40,"Main Road, Cape Town",Winter,3.7,3.815909090909091
2821,156,2025,9,Business,68,3.0,Australia,Australia,Melbourne,Toronto,Canada,Shopping,Toronto Shopping 68,"Main Road, Toronto",Autumn,3.2875,3.607142857142857
2822,164,2025,10,Family,62,3.1,Africa,Kenya,Nairobi,Buenos Aires,Argentina,Park,Buenos Aires Park 62,"Main Road, Buenos Aires",Autumn,4.0600000000000005,3.8065217391304347
2823,346,2025,9,Friends,22,4.6,North America,Mexico,Cancun,Melbourne,Australia,Adventure,Melbourne Adventure 22,"Main Road, Melbourne",Autumn,3.9714285714285715,3.8629629629629627
2824,119,2024,4,Friends,7,1.8,South America,Chile,Santiago,Santiago,Chile,Park,Santiago Park 7,"Main Road, Santiago",Spring,3.0125,3.6767857142857143
2825,478,2024,10,Friends,30,4.5,South America,Argentina,Buenos Aires,Cape Town,South Africa,Museum,Cape Town Museum 30,"Main Road, Cape Town",Autumn,4.266666666666667,3.811111111111111
2826,847,2025,4,Couples,17,3.9,Europe,Italy,Milan,Buenos Aires,Argentina,Wildlife,Buenos Aires Wildlife 17,"Main Road, Buenos Aires",Spring,4.014285714285714,3.9155555555555552
2827,133,2022,6,Solo,98,3.1,North America,Canada,Toronto,Mombasa,Kenya,Adventure,Mombasa Adventure 98,"Main Road, Mombasa",Summer,3.7625,4.017543859649122
2828,443,2025,11,Friends,47,3.3,North America,Mexico,Cancun,New York,USA,Historical Site,New York Historical Site 47,"Main Road, New York",Autumn,3.525,3.9181818181818184
2829,832,2022,9,Solo,50,5.0,Europe,France,Paris,Cancun,Mexico,Historical Site,Cancun Historical Site 50,"Main Road, Cancun",Autumn,4.285714285714286,3.5078947368421054
2830,869,2024,9,Solo,78,3.8,Australia,Australia,Melbourne,Santiago,Chile,Museum,Santiago Museum 78,"Main Road, Santiago",Autumn,3.483333333333333,3.814814814814815
2831,209,2025,6,Couples,35,3.5,Europe,Germany,Berlin,Paris,France,Beach,Paris Beach 35,"Main Road, Paris",Summer,3.7857142857142856,3.728
2832,739,2023,1,Family,80,3.3,Australia,New Zealand,Auckland,Nairobi,Kenya,Temple,Nairobi Temple 80,"Main Road, Nairobi",Winter,3.4,3.8166666666666664
2833,19,2025,7,Couples,55,2.5,Africa,Egypt,Cairo,Mumbai,India,Wildlife,Mumbai Wildlife 55,"Main Road, Mumbai",Summer,3.9000000000000004,3.6921568627450982
2834,935,2025,3,Friends,33,2.9,Europe,Italy,Rome,New York,USA,Historical Site,New York Historical Site 33,"Main Road, New York",Spring,3.5,3.8160000000000003
2835,532,2023,12,Business,74,3.4,Africa,South Africa,Johannesburg,Sydney,Australia,Historical Site,Sydney Historical Site 74,"Main Road, Sydney",Winter,3.525,4.0487179487179485
2836,772,2022,8,Family,4,4.2,North America,Mexico,Cancun,Buenos Aires,Argentina,Temple,Buenos Aires Temple 4,"Main Road, Buenos Aires",Summer,4.175,3.96
2837,858,2024,12,Solo,92,4.0,North America,Mexico,Mexico City,Queenstown,New Zealand,Museum,Queenstown Museum 92,"Main Road, Queenstown",Winter,3.8818181818181823,4.0339285714285715
2838,525,2025,12,Friends,56,4.2,South America,Brazil,Sao Paulo,Madrid,Spain,Historical Site,Madrid Historical Site 56,"Main Road, Madrid",Winter,3.5833333333333335,3.892156862745098
2839,339,2025,12,Family,30,3.1,Europe,Spain,Madrid,Cape Town,South Africa,Museum,Cape Town Museum 30,"Main Road, Cape Town",Winter,3.1999999999999997,3.811111111111111
2840,477,2025,1,Couples,86,3.6,Africa,Kenya,Mombasa,Cape Town,South Africa,Historical Site,Cape Town Historical Site 86,"Main Road, Cape Town",Winter,3.25,3.6799999999999997
2841,168,2023,2,Family,64,3.4,South America,Chile,Santiago,Madrid,Spain,Beach,Madrid Beach 64,"Main Road, Madrid",Winter,3.8666666666666667,3.8058823529411763
2842,500,2023,7,Friends,84,3.8,Asia,Singapore,Singapore,Singapore,Singapore,Temple,Singapore Temple 84,"Main Road, Singapore",Summer,3.7571428571428567,3.7846153846153845
2843,797,2023,4,Business,23,3.4,Europe,Germany,Munich,Los Angeles,USA,Adventure,Los Angeles Adventure 23,"Main Road, Los Angeles",Spring,3.8,3.919047619047619
2844,317,2022,12,Friends,57,4.7,Europe,Italy,Milan,Queenstown,New Zealand,Beach,Queenstown Beach 57,"Main Road, Queenstown",Winter,3.66,3.8095238095238093
2845,239,2024,8,Couples,37,3.6,Africa,South Africa,Cape Town,Mumbai,India,Historical Site,Mumbai Historical Site 37,"Main Road, Mumbai",Summer,3.8857142857142857,3.752173913043478
2846,202,2023,12,Family,86,3.8,South America,Argentina,Buenos Aires,Cape Town,South Africa,Historical Site,Cape Town Historical Site 86,"Main Road, Cape Town",Winter,3.9,3.6799999999999997
2847,982,2022,10,Family,29,3.4,Europe,Germany,Berlin,Santiago,Chile,Wildlife,Santiago Wildlife 29,"Main Road, Santiago",Autumn,3.414285714285714,3.7943396226415094
2848,670,2023,4,Friends,18,3.7,Australia,Australia,Sydney,Madrid,Spain,Historical Site,Madrid Historical Site 18,"Main Road, Madrid",Spring,3.6666666666666665,3.7285714285714286
2849,595,2025,4,Family,16,3.6,Asia,Thailand,Phuket,Sao Paulo,Brazil,Historical Site,Sao Paulo Historical Site 16,"Main Road, Sao Paulo",Spring,3.7285714285714286,3.932758620689655
2850,239,2023,4,Solo,16,3.6,Africa,South Africa,Cape Town,Sao Paulo,Brazil,Historical Site,Sao Paulo Historical Site 16,"Main Road, Sao Paulo",Spring,3.8857142857142857,3.932758620689655
2851,593,2023,5,Family,69,4.2,Africa,Kenya,Nairobi,Johannesburg,South Africa,Shopping,Johannesburg Shopping 69,"Main Road, Johannesburg",Spring,4.220000000000001,3.818032786885246
2852,249,2024,5,Couples,68,2.6,Asia,Thailand,Bangkok,Toronto,Canada,Shopping,Toronto Shopping 68,"Main Road, Toronto",Spring,4.075,3.607142857142857
2853,597,2025,5,Business,6,4.2,Australia,Australia,Sydney,Johannesburg,South Africa,Museum,Johannesburg Museum 6,"Main Road, Johannesburg",Spring,3.6875,3.8461538461538463
2854,434,2025,8,Solo,12,4.5,Africa,South Africa,Cape Town,New York,USA,Historical Site,New York Historical Site 12,"Main Road, New York",Summer,4.15,3.8160714285714286
2855,988,2022,5,Friends,40,2.5,Australia,Australia,Sydney,Cape Town,South Africa,Museum,Cape Town Museum 40,"Main Road, Cape Town",Spring,3.6875,3.815909090909091
2856,427,2025,1,Solo,21,3.3,North America,USA,Los Angeles,Luxor,Egypt,Temple,Luxor Temple 21,"Main Road, Luxor",Winter,3.84,3.8267857142857147
2857,657,2025,10,Solo,93,4.5,Australia,Australia,Melbourne,Auckland,New Zealand,Adventure,Auckland Adventure 93,"Main Road, Auckland",Autumn,3.988888888888889,3.7888888888888888
2858,13,2022,7,Family,38,4.1,North America,Mexico,Mexico City,Luxor,Egypt,Museum,Luxor Museum 38,"Main Road, Luxor",Summer,4.033333333333333,3.784313725490196
2859,694,2023,11,Family,63,3.6,Europe,Spain,Barcelona,Madrid,Spain,Shopping,Madrid Shopping 63,"Main Road, Madrid",Autumn,3.6,3.8245283018867924
2860,203,2024,8,Solo,24,4.0,Europe,Germany,Berlin,Nairobi,Kenya,Museum,Nairobi Museum 24,"Main Road, Nairobi",Summer,4.383333333333334,3.8804878048780487
2861,897,2025,12,Couples,3,4.8,Africa,Egypt,Luxor,Rio de Janeiro,Brazil,Adventure,Rio de Janeiro Adventure 3,"Main Road, Rio de Janeiro",Winter,3.966666666666667,3.791111111111111
2862,219,2023,12,Friends,35,3.4,Australia,New Zealand,Auckland,Paris,France,Beach,Paris Beach 35,"Main Road, Paris",Winter,3.6100000000000003,3.728
2863,482,2024,12,Solo,24,4.9,Africa,Egypt,Luxor,Nairobi,Kenya,Museum,Nairobi Museum 24,"Main Road, Nairobi",Winter,3.8272727272727276,3.8804878048780487
2864,928,2024,3,Friends,67,3.5,Africa,South Africa,Cape Town,Auckland,New Zealand,Historical Site,Auckland Historical Site 67,"Main Road, Auckland",Spring,3.6333333333333337,3.736842105263158
2865,449,2022,1,Family,69,4.4,South America,Brazil,Sao Paulo,Johannesburg,South Africa,Shopping,Johannesburg Shopping 69,"Main Road, Johannesburg",Winter,4.2,3.818032786885246
2866,753,2022,9,Friends,23,4.2,Europe,Germany,Berlin,Los Angeles,USA,Adventure,Los Angeles Adventure 23,"Main Road, Los Angeles",Autumn,3.5999999999999996,3.919047619047619
2867,568,2024,1,Solo,29,3.9,North America,Canada,Vancouver,Santiago,Chile,Wildlife,Santiago Wildlife 29,"Main Road, Santiago",Winter,3.72,3.7943396226415094
2868,705,2023,4,Family,42,3.1,Africa,South Africa,Cape Town,Singapore,Singapore,Wildlife,Singapore Wildlife 42,"Main Road, Singapore",Spring,3.45,3.706382978723404
2869,747,2022,5,Solo,69,4.7,Asia,Singapore,Singapore,Johannesburg,South Africa,Shopping,Johannesburg Shopping 69,"Main Road, Johannesburg",Spring,3.8833333333333333,3.818032786885246
2870,264,2025,7,Solo,49,4.1,Asia,India,Goa,Santiago,Chile,Historical Site,Santiago Historical Site 49,"Main Road, Santiago",Summer,3.6999999999999997,3.8877551020408165
2871,491,2023,7,Business,19,4.1,South America,Argentina,Buenos Aires,Auckland,New Zealand,Park,Auckland Park 19,"Main Road, Auckland",Summer,3.9749999999999996,3.689583333333333
2872,86,2022,9,Business,35,3.1,Asia,Singapore,Singapore,Paris,France,Beach,Paris Beach 35,"Main Road, Paris",Autumn,3.8000000000000003,3.728
2873,769,2025,11,Family,7,4.0,North America,Mexico,Cancun,Santiago,Chile,Park,Santiago Park 7,"Main Road, Santiago",Autumn,3.9,3.6767857142857143
2874,533,2023,3,Family,51,4.1,Europe,Spain,Madrid,Mexico City,Mexico,Temple,Mexico City Temple 51,"Main Road, Mexico City",Spring,3.811111111111111,3.861290322580645
2875,68,2024,7,Couples,16,3.6,Asia,India,Mumbai,Sao Paulo,Brazil,Historical Site,Sao Paulo Historical Site 16,"Main Road, Sao Paulo",Summer,4.266666666666667,3.932758620689655
2876,115,2025,5,Couples,7,3.8,Africa,South Africa,Cape Town,Santiago,Chile,Park,Santiago Park 7,"Main Road, Santiago",Spring,3.8000000000000003,3.6767857142857143
2877,274,2023,1,Family,88,3.6,Asia,Thailand,Bangkok,Tokyo,Japan,Shopping,Tokyo Shopping 88,"Main Road, Tokyo",Winter,3.825,3.901818181818182
2878,439,2023,7,Business,10,3.9,Africa,Kenya,Nairobi,Toronto,Canada,Wildlife,Toronto Wildlife 10,"Main Road, Toronto",Summer,4.1,3.8257575757575757
2879,88,2025,9,Couples,18,3.5,Europe,Italy,Venice,Madrid,Spain,Historical Site,Madrid Historical Site 18,"Main Road, Madrid",Autumn,3.575,3.7285714285714286
2880,472,2025,4,Couples,84,5.0,Asia,Singapore,Singapore,Singapore,Singapore,Temple,Singapore Temple 84,"Main Road, Singapore",Spring,3.94,3.7846153846153845
2881,836,2025,6,Family,48,5.0,North America,USA,New York,Nairobi,Kenya,Adventure,Nairobi Adventure 48,"Main Road, Nairobi",Summer,3.95,3.845833333333333
2882,919,2023,6,Friends,35,4.7,Asia,Japan,Osaka,Paris,France,Beach,Paris Beach 35,"Main Road, Paris",Summer,4.333333333333333,3.728
2883,725,2025,11,Couples,61,5.0,Asia,India,Goa,Sydney,Australia,Shopping,Sydney Shopping 61,"Main Road, Sydney",Autumn,4.8,3.8000000000000003
2884,256,2024,7,Family,86,4.3,South America,Brazil,Rio de Janeiro,Cape Town,South Africa,Historical Site,Cape Town Historical Site 86,"Main Road, Cape Town",Summer,4.1,3.6799999999999997
2885,547,2024,10,Solo,26,3.7,Europe,Italy,Rome,Rome,Italy,Temple,Rome Temple 26,"Main Road, Rome",Autumn,4.0,3.829310344827586
2886,420,2024,6,Business,6,3.3,Asia,India,Delhi,Johannesburg,South Africa,Museum,Johannesburg Museum 6,"Main Road, Johannesburg",Summer,4.029999999999999,3.8461538461538463
2887,721,2025,2,Couples,67,4.2,Australia,Australia,Sydney,Auckland,New Zealand,Historical Site,Auckland Historical Site 67,"Main Road, Auckland",Winter,3.6500000000000004,3.736842105263158
2888,970,2022,9,Family,74,4.5,South America,Argentina,Buenos Aires,Sydney,Australia,Historical Site,Sydney Historical Site 74,"Main Road, Sydney",Autumn,3.8875,4.0487179487179485
2889,333,2023,11,Family,10,2.9,Europe,Italy,Venice,Toronto,Canada,Wildlife,Toronto Wildlife 10,"Main Road, Toronto",Autumn,3.4166666666666665,3.8257575757575757
2890,369,2023,10,Family,52,4.1,Australia,New Zealand,Queenstown,Mombasa,Kenya,Shopping,Mombasa Shopping 52,"Main Road, Mombasa",Autumn,4.35,3.9035087719298245
2891,103,2025,7,Family,33,4.8,Europe,Spain,Madrid,New York,USA,Historical Site,New York Historical Site 33,"Main Road, New York",Summer,4.091666666666667,3.8160000000000003
2892,54,2024,11,Couples,21,2.9,Africa,South Africa,Johannesburg,Luxor,Egypt,Temple,Luxor Temple 21,"Main Road, Luxor",Autumn,3.716666666666667,3.8267857142857147
2893,971,2023,12,Business,2,3.1,Africa,Kenya,Mombasa,Sao Paulo,Brazil,Historical Site,Sao Paulo Historical Site 2,"Main Road, Sao Paulo",Winter,3.8833333333333333,3.727272727272727
2894,12,2024,2,Couples,38,4.3,Asia,India,Jaipur,Luxor,Egypt,Museum,Luxor Museum 38,"Main Road, Luxor",Winter,3.7399999999999998,3.784313725490196
2895,549,2022,10,Solo,70,3.8,Africa,South Africa,Johannesburg,Sydney,Australia,Beach,Sydney Beach 70,"Main Road, Sydney",Autumn,4.34,3.7588235294117647
2896,943,2022,1,Family,14,2.8,North America,Canada,Toronto,Sao Paulo,Brazil,Historical Site,Sao Paulo Historical Site 14,"Main Road, Sao Paulo",Winter,3.788888888888889,3.788235294117647
2897,733,2023,8,Friends,53,3.2,South America,Argentina,Buenos Aires,Milan,Italy,Shopping,Milan Shopping 53,"Main Road, Milan",Summer,3.875,3.685106382978723
2898,867,2024,3,Couples,45,3.5,North America,Canada,Toronto,Cairo,Egypt,Park,Cairo Park 45,"Main Road, Cairo",Spring,3.4166666666666665,3.852830188679245
2899,562,2023,3,Couples,25,4.0,Australia,New Zealand,Queenstown,Cairo,Egypt,Temple,Cairo Temple 25,"Main Road, Cairo",Spring,3.6,3.595555555555556
2900,831,2023,7,Business,7,3.5,Africa,Kenya,Mombasa,Santiago,Chile,Park,Santiago Park 7,"Main Road, Santiago",Summer,3.5,3.6767857142857143
2901,315,2022,7,Business,48,3.9,Australia,Australia,Sydney,Nairobi,Kenya,Adventure,Nairobi Adventure 48,"Main Road, Nairobi",Summer,4.016666666666667,3.845833333333333
2902,745,2023,7,Couples,81,4.9,Africa,Egypt,Cairo,Luxor,Egypt,Park,Luxor Park 81,"Main Road, Luxor",Summer,4.625,3.8309090909090906
2903,146,2024,3,Solo,1,3.7,Asia,India,Goa,Berlin,Germany,Wildlife,Berlin Wildlife 1,"Main Road, Berlin",Spring,3.62,3.782051282051282
2904,790,2022,3,Friends,57,3.5,South America,Brazil,Sao Paulo,Queenstown,New Zealand,Beach,Queenstown Beach 57,"Main Road, Queenstown",Spring,3.3999999999999995,3.8095238095238093
2905,896,2025,7,Family,45,4.0,North America,Mexico,Mexico City,Cairo,Egypt,Park,Cairo Park 45,"Main Road, Cairo",Summer,3.6,3.852830188679245
2906,359,2022,11,Couples,31,5.0,Africa,South Africa,Cape Town,Queenstown,New Zealand,Historical Site,Queenstown Historical Site 31,"Main Road, Queenstown",Autumn,3.9799999999999995,3.663157894736842
2907,361,2024,5,Couples,73,3.1,Asia,Japan,Osaka,Queenstown,New Zealand,Shopping,Queenstown Shopping 73,"Main Road, Queenstown",Spring,3.466666666666667,3.7816666666666667
2908,651,2022,10,Family,11,3.9,Asia,India,Jaipur,Pattaya,Thailand,Beach,Pattaya Beach 11,"Main Road, Pattaya",Autumn,4.075,3.7121951219512193
2909,832,2025,10,Business,80,3.4,Europe,France,Paris,Nairobi,Kenya,Temple,Nairobi Temple 80,"Main Road, Nairobi",Autumn,4.285714285714286,3.8166666666666664
2910,381,2023,9,Solo,44,2.8,South America,Brazil,Rio de Janeiro,Rio de Janeiro,Brazil,Temple,Rio de Janeiro Temple 44,"Main Road, Rio de Janeiro",Autumn,3.742857142857143,3.825
2911,71,2025,12,Business,90,3.5,Europe,Spain,Barcelona,Nice,France,Temple,Nice Temple 90,"Main Road, Nice",Winter,3.34,3.7215686274509805
2912,541,2024,7,Couples,32,3.1,North America,Canada,Toronto,Buenos Aires,Argentina,Shopping,Buenos Aires Shopping 32,"Main Road, Buenos Aires",Summer,3.6999999999999997,3.812244897959184
2913,864,2025,3,Solo,53,4.8,Asia,Singapore,Singapore,Milan,Italy,Shopping,Milan Shopping 53,"Main Road, Milan",Spring,3.883333333333333,3.685106382978723
2914,801,2024,7,Couples,79,3.5,Africa,Kenya,Mombasa,Mexico City,Mexico,Historical Site,Mexico City Historical Site 79,"Main Road, Mexico City",Summer,3.9333333333333336,3.861224489795918
2915,500,2025,1,Couples,90,3.5,Asia,Singapore,Singapore,Nice,France,Temple,Nice Temple 90,"Main Road, Nice",Winter,3.7571428571428567,3.7215686274509805
2916,309,2022,1,Family,87,3.2,Australia,Australia,Sydney,Vancouver,Canada,Park,Vancouver Park 87,"Main Road, Vancouver",Winter,3.6,3.881818181818182
2917,174,2023,11,Couples,98,3.9,Europe,Italy,Rome,Mombasa,Kenya,Adventure,Mombasa Adventure 98,"Main Road, Mombasa",Autumn,3.733333333333333,4.017543859649122
2918,868,2022,4,Family,47,4.3,Australia,New Zealand,Queenstown,New York,USA,Historical Site,New York Historical Site 47,"Main Road, New York",Spring,4.0600000000000005,3.9181818181818184
2919,394,2024,9,Couples,80,4.1,Africa,Kenya,Mombasa,Nairobi,Kenya,Temple,Nairobi Temple 80,"Main Road, Nairobi",Autumn,4.457142857142857,3.8166666666666664
2920,156,2024,6,Business,94,3.0,Australia,Australia,Melbourne,Melbourne,Australia,Temple,Melbourne Temple 94,"Main Road, Melbourne",Summer,3.2875,3.6732142857142853
2921,483,2024,11,Friends,86,3.6,South America,Brazil,Rio de Janeiro,Cape Town,South Africa,Historical Site,Cape Town Historical Site 86,"Main Road, Cape Town",Autumn,3.9666666666666663,3.6799999999999997
2922,156,2024,4,Couples,50,2.2,Australia,Australia,Melbourne,Cancun,Mexico,Historical Site,Cancun Historical Site 50,"Main Road, Cancun",Spring,3.2875,3.5078947368421054
2923,522,2023,2,Friends,21,3.7,Europe,Spain,Barcelona,Luxor,Egypt,Temple,Luxor Temple 21,"Main Road, Luxor",Winter,3.8000000000000003,3.8267857142857147
2924,186,2022,1,Family,46,4.4,Europe,France,Nice,Jaipur,India,Shopping,Jaipur Shopping 46,"Main Road, Jaipur",Winter,4.45,3.7113636363636364
2925,448,2022,9,Couples,87,3.0,Australia,Australia,Sydney,Vancouver,Canada,Park,Vancouver Park 87,"Main Road, Vancouver",Autumn,3.8875,3.881818181818182
2926,577,2023,4,Friends,51,4.9,Asia,India,Delhi,Mexico City,Mexico,Temple,Mexico City Temple 51,"Main Road, Mexico City",Spring,3.56,3.861290322580645
2927,180,2022,11,Solo,46,2.7,Africa,Kenya,Nairobi,Jaipur,India,Shopping,Jaipur Shopping 46,"Main Road, Jaipur",Autumn,4.0,3.7113636363636364
2928,961,2022,4,Business,69,3.7,South America,Chile,Santiago,Johannesburg,South Africa,Shopping,Johannesburg Shopping 69,"Main Road, Johannesburg",Spring,3.625,3.818032786885246
2929,989,2023,2,Business,98,4.0,Africa,South Africa,Johannesburg,Mombasa,Kenya,Adventure,Mombasa Adventure 98,"Main Road, Mombasa",Winter,4.2,4.017543859649122
2930,947,2022,8,Family,89,3.6,North America,USA,Los Angeles,Sydney,Australia,Park,Sydney Park 89,"Main Road, Sydney",Summer,3.7125,3.811764705882353
2931,412,2022,4,Couples,7,4.0,Australia,Australia,Melbourne,Santiago,Chile,Park,Santiago Park 7,"Main Road, Santiago",Spring,3.888888888888889,3.6767857142857143
2932,241,2025,7,Family,6,3.6,South America,Brazil,Rio de Janeiro,Johannesburg,South Africa,Museum,Johannesburg Museum 6,"Main Road, Johannesburg",Summer,3.533333333333333,3.8461538461538463
2933,652,2023,2,Family,41,2.4,Europe,Spain,Barcelona,Vancouver,Canada,Beach,Vancouver Beach 41,"Main Road, Vancouver",Winter,3.2,3.7526315789473683
2934,137,2025,9,Family,67,3.5,North America,Mexico,Mexico City,Auckland,New Zealand,Historical Site,Auckland Historical Site 67,"Main Road, Auckland",Autumn,3.5499999999999994,3.736842105263158
2935,349,2025,10,Couples,55,4.4,South America,Brazil,Rio de Janeiro,Mumbai,India,Wildlife,Mumbai Wildlife 55,"Main Road, Mumbai",Autumn,3.6833333333333336,3.6921568627450982
2936,103,2025,10,Couples,71,4.2,Europe,Spain,Madrid,Rio de Janeiro,Brazil,Museum,Rio de Janeiro Museum 71,"Main Road, Rio de Janeiro",Autumn,4.091666666666667,3.9066666666666667
2937,66,2022,10,Family,47,4.3,South America,Argentina,Buenos Aires,New York,USA,Historical Site,New York Historical Site 47,"Main Road, New York",Autumn,3.8375,3.9181818181818184
2938,352,2023,6,Family,30,4.0,North America,Mexico,Cancun,Cape Town,South Africa,Museum,Cape Town Museum 30,"Main Road, Cape Town",Summer,3.8,3.811111111111111
2939,631,2023,9,Couples,23,3.7,Asia,India,Mumbai,Los Angeles,USA,Adventure,Los Angeles Adventure 23,"Main Road, Los Angeles",Autumn,3.96,3.919047619047619
2940,238,2022,8,Couples,51,4.6,South America,Brazil,Sao Paulo,Mexico City,Mexico,Temple,Mexico City Temple 51,"Main Road, Mexico City",Summer,4.166666666666667,3.861290322580645
2941,466,2023,5,Business,48,4.5,South America,Argentina,Buenos Aires,Nairobi,Kenya,Adventure,Nairobi Adventure 48,"Main Road, Nairobi",Spring,3.7750000000000004,3.845833333333333
2942,997,2025,4,Friends,67,4.1,South America,Chile,Santiago,Auckland,New Zealand,Historical Site,Auckland Historical Site 67,"Main Road, Auckland",Spring,3.2600000000000002,3.736842105263158
2943,929,2025,9,Friends,28,4.4,South America,Chile,Santiago,Rio de Janeiro,Brazil,Beach,Rio de Janeiro Beach 28,"Main Road, Rio de Janeiro",Autumn,3.85,3.7065217391304346
2944,817,2022,12,Business,91,3.9,South America,Brazil,Rio de Janeiro,Singapore,Singapore,Historical Site,Singapore Historical Site 91,"Main Road, Singapore",Winter,4.066666666666666,3.924137931034483
2945,176,2022,1,Friends,21,4.4,Australia,Australia,Melbourne,Luxor,Egypt,Temple,Luxor Temple 21,"Main Road, Luxor",Winter,3.9625,3.8267857142857147
2946,175,2024,10,Friends,13,3.4,South America,Argentina,Buenos Aires,Auckland,New Zealand,Wildlife,Auckland Wildlife 13,"Main Road, Auckland",Autumn,3.0625,3.8711864406779664
2947,173,2023,11,Family,3,3.9,Africa,Kenya,Mombasa,Rio de Janeiro,Brazil,Adventure,Rio de Janeiro Adventure 3,"Main Road, Rio de Janeiro",Autumn,4.0,3.791111111111111
2948,330,2023,7,Solo,33,3.7,Africa,Egypt,Luxor,New York,USA,Historical Site,New York Historical Site 33,"Main Road, New York",Summer,4.0,3.8160000000000003
2949,907,2024,6,Friends,38,4.5,Africa,South Africa,Cape Town,Luxor,Egypt,Museum,Luxor Museum 38,"Main Road, Luxor",Summer,4.05,3.784313725490196
2950,670,2025,8,Friends,94,3.9,Australia,Australia,Sydney,Melbourne,Australia,Temple,Melbourne Temple 94,"Main Road, Melbourne",Summer,3.6666666666666665,3.6732142857142853
2951,55,2025,6,Family,15,2.8,North America,USA,New York,Jaipur,India,Historical Site,Jaipur Historical Site 15,"Main Road, Jaipur",Summer,4.057142857142857,3.8632653061224493
2952,723,2023,7,Solo,50,3.0,Asia,Japan,Kyoto,Cancun,Mexico,Historical Site,Cancun Historical Site 50,"Main Road, Cancun",Summer,3.9200000000000004,3.5078947368421054
2953,226,2025,12,Business,59,3.5,North America,USA,New York,Melbourne,Australia,Museum,Melbourne Museum 59,"Main Road, Melbourne",Winter,3.5200000000000005,3.853061224489796
2954,593,2024,6,Family,49,4.3,Africa,Kenya,Nairobi,Santiago,Chile,Historical Site,Santiago Historical Site 49,"Main Road, Santiago",Summer,4.220000000000001,3.8877551020408165
2955,905,2022,8,Business,21,3.7,Australia,Australia,Sydney,Luxor,Egypt,Temple,Luxor Temple 21,"Main Road, Luxor",Summer,4.0,3.8267857142857147
2956,678,2022,9,Couples,84,3.9,Africa,Kenya,Mombasa,Singapore,Singapore,Temple,Singapore Temple 84,"Main Road, Singapore",Autumn,3.35,3.7846153846153845
2957,955,2024,10,Business,93,5.0,Australia,New Zealand,Queenstown,Auckland,New Zealand,Adventure,Auckland Adventure 93,"Main Road, Auckland",Autumn,4.45,3.7888888888888888
2958,865,2024,2,Solo,6,3.6,Africa,Egypt,Cairo,Johannesburg,South Africa,Museum,Johannesburg Museum 6,"Main Road, Johannesburg",Winter,3.9785714285714286,3.8461538461538463
2959,345,2023,4,Friends,95,3.4,Africa,Kenya,Nairobi,Singapore,Singapore,Park,Singapore Park 95,"Main Road, Singapore",Spring,3.6714285714285713,3.819607843137255
2960,812,2022,10,Solo,23,4.7,Europe,Spain,Barcelona,Los Angeles,USA,Adventure,Los Angeles Adventure 23,"Main Road, Los Angeles",Autumn,4.225,3.919047619047619
2961,754,2022,7,Friends,65,3.3,Europe,France,Paris,Vancouver,Canada,Museum,Vancouver Museum 65,"Main Road, Vancouver",Summer,3.72,3.9294117647058826
2962,556,2023,6,Couples,95,3.9,Africa,South Africa,Cape Town,Singapore,Singapore,Park,Singapore Park 95,"Main Road, Singapore",Summer,4.433333333333333,3.819607843137255
2963,819,2023,12,Couples,52,3.7,Australia,New Zealand,Queenstown,Mombasa,Kenya,Shopping,Mombasa Shopping 52,"Main Road, Mombasa",Winter,3.9166666666666665,3.9035087719298245
2964,1000,2023,9,Business,57,5.0,Europe,Germany,Berlin,Queenstown,New Zealand,Beach,Queenstown Beach 57,"Main Road, Queenstown",Autumn,3.8285714285714283,3.8095238095238093
2965,182,2025,10,Couples,66,4.1,South America,Brazil,Sao Paulo,Kyoto,Japan,Historical Site,Kyoto Historical Site 66,"Main Road, Kyoto",Autumn,4.066666666666666,3.8181818181818183
2966,72,2022,9,Couples,3,2.4,Asia,Thailand,Phuket,Rio de Janeiro,Brazil,Adventure,Rio de Janeiro Adventure 3,"Main Road, Rio de Janeiro",Autumn,3.7857142857142856,3.791111111111111
2967,52,2024,8,Couples,62,4.4,North America,Canada,Toronto,Buenos Aires,Argentina,Park,Buenos Aires Park 62,"Main Road, Buenos Aires",Summer,3.78,3.8065217391304347
2968,749,2024,1,Couples,63,2.8,Asia,India,Goa,Madrid,Spain,Shopping,Madrid Shopping 63,"Main Road, Madrid",Winter,2.8499999999999996,3.8245283018867924
2969,950,2024,10,Couples,19,2.9,North America,Canada,Vancouver,Auckland,New Zealand,Park,Auckland Park 19,"Main Road, Auckland",Autumn,3.257142857142857,3.689583333333333
2970,23,2024,9,Solo,62,4.3,Europe,France,Nice,Buenos Aires,Argentina,Park,Buenos Aires Park 62,"Main Road, Buenos Aires",Autumn,4.025,3.8065217391304347
2971,600,2024,9,Family,89,2.5,Europe,Spain,Barcelona,Sydney,Australia,Park,Sydney Park 89,"Main Road, Sydney",Autumn,3.25,3.811764705882353
2972,431,2022,2,Solo,36,4.0,North America,USA,New York,Singapore,Singapore,Beach,Singapore Beach 36,"Main Road, Singapore",Winter,3.9714285714285715,3.7410714285714284
2973,745,2025,3,Business,60,3.9,Africa,Egypt,Cairo,Johannesburg,South Africa,Museum,Johannesburg Museum 60,"Main Road, Johannesburg",Spring,4.625,3.7857142857142856
2974,821,2023,3,Solo,28,3.9,South America,Argentina,Buenos Aires,Rio de Janeiro,Brazil,Beach,Rio de Janeiro Beach 28,"Main Road, Rio de Janeiro",Spring,3.466666666666667,3.7065217391304346
2975,582,2024,12,Friends,47,2.8,Australia,New Zealand,Queenstown,New York,USA,Historical Site,New York Historical Site 47,"Main Road, New York",Winter,3.8333333333333335,3.9181818181818184
2976,448,2025,4,Family,86,3.7,Australia,Australia,Sydney,Cape Town,South Africa,Historical Site,Cape Town Historical Site 86,"Main Road, Cape Town",Spring,3.8875,3.6799999999999997
2977,263,2025,6,Couples,70,4.4,South America,Brazil,Rio de Janeiro,Sydney,Australia,Beach,Sydney Beach 70,"Main Road, Sydney",Summer,3.8200000000000003,3.7588235294117647
2978,724,2024,3,Couples,28,4.9,Europe,France,Paris,Rio de Janeiro,Brazil,Beach,Rio de Janeiro Beach 28,"Main Road, Rio de Janeiro",Spring,4.800000000000001,3.7065217391304346
2979,265,2023,2,Couples,9,3.5,South America,Argentina,Buenos Aires,Nice,France,Adventure,Nice Adventure 9,"Main Road, Nice",Winter,3.6799999999999997,3.709803921568627
2980,481,2024,1,Family,19,3.0,Africa,South Africa,Cape Town,Auckland,New Zealand,Park,Auckland Park 19,"Main Road, Auckland",Winter,3.525,3.689583333333333
2981,956,2024,1,Solo,12,2.7,South America,Brazil,Rio de Janeiro,New York,USA,Historical Site,New York Historical Site 12,"Main Road, New York",Winter,3.8600000000000003,3.8160714285714286
2982,263,2022,6,Family,46,3.9,South America,Brazil,Rio de Janeiro,Jaipur,India,Shopping,Jaipur Shopping 46,"Main Road, Jaipur",Summer,3.8200000000000003,3.7113636363636364
2983,394,2024,9,Solo,4,4.4,Africa,Kenya,Mombasa,Buenos Aires,Argentina,Temple,Buenos Aires Temple 4,"Main Road, Buenos Aires",Autumn,4.457142857142857,3.96
2984,151,2024,3,Friends,37,4.4,Asia,Singapore,Singapore,Mumbai,India,Historical Site,Mumbai Historical Site 37,"Main Road, Mumbai",Spring,3.966666666666667,3.752173913043478
2985,344,2025,8,Family,65,3.8,Australia,Australia,Melbourne,Vancouver,Canada,Museum,Vancouver Museum 65,"Main Road, Vancouver",Summer,3.84,3.9294117647058826
2986,658,2022,6,Couples,42,3.3,North America,USA,Las Vegas,Singapore,Singapore,Wildlife,Singapore Wildlife 42,"Main Road, Singapore",Summer,3.4,3.706382978723404
2987,746,2022,6,Solo,89,1.6,South America,Argentina,Buenos Aires,Sydney,Australia,Park,Sydney Park 89,"Main Road, Sydney",Summer,3.2857142857142856,3.811764705882353
2988,100,2023,7,Family,17,4.0,Africa,South Africa,Johannesburg,Buenos Aires,Argentina,Wildlife,Buenos Aires Wildlife 17,"Main Road, Buenos Aires",Summer,4.36,3.9155555555555552
2989,386,2023,9,Business,99,2.9,Australia,New Zealand,Auckland,Toronto,Canada,Adventure,Toronto Adventure 99,"Main Road, Toronto",Autumn,3.233333333333333,3.735416666666667
2990,747,2022,2,Friends,89,5.0,Asia,Singapore,Singapore,Sydney,Australia,Park,Sydney Park 89,"Main Road, Sydney",Winter,3.8833333333333333,3.811764705882353
2991,514,2024,10,Business,94,5.0,North America,Canada,Vancouver,Melbourne,Australia,Temple,Melbourne Temple 94,"Main Road, Melbourne",Autumn,4.0,3.6732142857142853
2992,434,2022,9,Family,95,4.0,Africa,South Africa,Cape Town,Singapore,Singapore,Park,Singapore Park 95,"Main Road, Singapore",Autumn,4.15,3.819607843137255
2993,917,2025,9,Couples,55,4.4,Europe,Germany,Munich,Mumbai,India,Wildlife,Mumbai Wildlife 55,"Main Road, Mumbai",Autumn,3.8833333333333333,3.6921568627450982
2994,561,2024,11,Friends,44,3.6,Europe,France,Nice,Rio de Janeiro,Brazil,Temple,Rio de Janeiro Temple 44,"Main Road, Rio de Janeiro",Autumn,3.56,3.825
2995,714,2024,9,Family,74,4.1,Africa,Egypt,Cairo,Sydney,Australia,Historical Site,Sydney Historical Site 74,"Main Road, Sydney",Autumn,4.08,4.0487179487179485
2996,501,2022,4,Friends,99,4.1,Africa,Kenya,Nairobi,Toronto,Canada,Adventure,Toronto Adventure 99,"Main Road, Toronto",Spring,3.9499999999999997,3.735416666666667
2997,378,2025,6,Business,19,3.0,South America,Argentina,Buenos Aires,Auckland,New Zealand,Park,Auckland Park 19,"Main Road, Auckland",Summer,3.6454545454545455,3.689583333333333
2998,37,2022,5,Family,83,2.1,Africa,Kenya,Nairobi,Melbourne,Australia,Wildlife,Melbourne Wildlife 83,"Main Road, Melbourne",Spring,3.56,3.851282051282051
2999,732,2025,6,Couples,100,4.4,North America,USA,New York,Mombasa,Kenya,Wildlife,Mombasa Wildlife 100,"Main Road, Mombasa",Summer,3.8000000000000003,3.75
3000,796,2022,12,Couples,4,3.7,South America,Argentina,Buenos Aires,Buenos Aires,Argentina,Temple,Buenos Aires Temple 4,"Main Road, Buenos Aires",Winter,3.4,3.96
3001,445,2024,3,Friends,49,3.5,North America,Canada,Vancouver,Santiago,Chile,Historical Site,Santiago Historical Site 49,"Main Road, Santiago",Spring,3.56,3.8877551020408165
3002,972,2024,1,Couples,25,4.2,Asia,Thailand,Phuket,Cairo,Egypt,Temple,Cairo Temple 25,"Main Road, Cairo",Winter,3.85,3.595555555555556
3003,264,2024,11,Friends,39,3.4,Asia,India,Goa,Munich,Germany,Shopping,Munich Shopping 39,"Main Road, Munich",Autumn,3.6999999999999997,3.965909090909091
3004,516,2022,8,Couples,93,2.8,South America,Argentina,Buenos Aires,Auckland,New Zealand,Adventure,Auckland Adventure 93,"Main Road, Auckland",Summer,3.8,3.7888888888888888
3005,515,2025,8,Couples,22,4.4,South America,Brazil,Rio de Janeiro,Melbourne,Australia,Adventure,Melbourne Adventure 22,"Main Road, Melbourne",Summer,3.8444444444444446,3.8629629629629627
3006,798,2023,1,Family,80,4.2,Europe,Spain,Madrid,Nairobi,Kenya,Temple,Nairobi Temple 80,"Main Road, Nairobi",Winter,3.9285714285714284,3.8166666666666664
3007,571,2025,11,Family,51,4.1,South America,Chile,Santiago,Mexico City,Mexico,Temple,Mexico City Temple 51,"Main Road, Mexico City",Autumn,4.0181818181818185,3.861290322580645
3008,613,2024,11,Couples,24,5.0,Australia,New Zealand,Auckland,Nairobi,Kenya,Museum,Nairobi Museum 24,"Main Road, Nairobi",Autumn,4.26,3.8804878048780487
3009,110,2023,5,Business,66,4.1,South America,Argentina,Buenos Aires,Kyoto,Japan,Historical Site,Kyoto Historical Site 66,"Main Road, Kyoto",Spring,3.7624999999999997,3.8181818181818183
3010,907,2023,7,Friends,6,2.9,Africa,South Africa,Cape Town,Johannesburg,South Africa,Museum,Johannesburg Museum 6,"Main Road, Johannesburg",Summer,4.05,3.8461538461538463
3011,315,2025,8,Couples,67,4.0,Australia,Australia,Sydney,Auckland,New Zealand,Historical Site,Auckland Historical Site 67,"Main Road, Auckland",Summer,4.016666666666667,3.736842105263158
3012,582,2025,11,Family,11,5.0,Australia,New Zealand,Queenstown,Pattaya,Thailand,Beach,Pattaya Beach 11,"Main Road, Pattaya",Autumn,3.8333333333333335,3.7121951219512193
3013,274,2023,7,Business,27,5.0,Asia,Thailand,Bangkok,Nairobi,Kenya,Temple,Nairobi Temple 27,"Main Road, Nairobi",Summer,3.825,3.6843137254901963
3014,632,2023,6,Solo,97,3.8,Asia,Thailand,Bangkok,Los Angeles,USA,Historical Site,Los Angeles Historical Site 97,"Main Road, Los Angeles",Summer,3.34,3.661904761904762
3015,664,2023,3,Business,1,4.3,Europe,Germany,Munich,Berlin,Germany,Wildlife,Berlin Wildlife 1,"Main Road, Berlin",Spring,3.6999999999999997,3.782051282051282
3016,948,2024,5,Friends,73,3.8,Europe,Spain,Barcelona,Queenstown,New Zealand,Shopping,Queenstown Shopping 73,"Main Road, Queenstown",Spring,3.8666666666666667,3.7816666666666667
3017,132,2025,4,Business,88,3.3,South America,Chile,Santiago,Tokyo,Japan,Shopping,Tokyo Shopping 88,"Main Road, Tokyo",Spring,3.9499999999999997,3.901818181818182
3018,674,2023,3,Friends,43,4.7,Australia,New Zealand,Auckland,Cape Town,South Africa,Shopping,Cape Town Shopping 43,"Main Road, Cape Town",Spring,3.7285714285714286,3.772
3019,441,2024,9,Couples,63,4.1,Asia,Thailand,Pattaya,Madrid,Spain,Shopping,Madrid Shopping 63,"Main Road, Madrid",Autumn,3.6714285714285713,3.8245283018867924
3020,302,2023,10,Friends,36,4.9,Europe,Italy,Venice,Singapore,Singapore,Beach,Singapore Beach 36,"Main Road, Singapore",Autumn,3.9555555555555557,3.7410714285714284
3021,264,2024,10,Family,55,2.9,Asia,India,Goa,Mumbai,India,Wildlife,Mumbai Wildlife 55,"Main Road, Mumbai",Autumn,3.6999999999999997,3.6921568627450982
3022,562,2024,2,Family,64,3.3,Australia,New Zealand,Queenstown,Madrid,Spain,Beach,Madrid Beach 64,"Main Road, Madrid",Winter,3.6,3.8058823529411763
3023,62,2023,4,Friends,14,4.5,Africa,Kenya,Nairobi,Sao Paulo,Brazil,Historical Site,Sao Paulo Historical Site 14,"Main Road, Sao Paulo",Spring,4.014285714285714,3.788235294117647
3024,539,2022,4,Family,85,4.9,Australia,New Zealand,Queenstown,Rome,Italy,Historical Site,Rome Historical Site 85,"Main Road, Rome",Spring,4.9,3.8607843137254902
3025,591,2022,9,Family,88,4.9,South America,Chile,Santiago,Tokyo,Japan,Shopping,Tokyo Shopping 88,"Main Road, Tokyo",Autumn,3.825,3.901818181818182
3026,275,2025,9,Friends,67,4.6,South America,Argentina,Buenos Aires,Auckland,New Zealand,Historical Site,Auckland Historical Site 67,"Main Road, Auckland",Autumn,3.88,3.736842105263158
3027,779,2023,7,Business,51,4.1,South America,Brazil,Sao Paulo,Mexico City,Mexico,Temple,Mexico City Temple 51,"Main Road, Mexico City",Summer,3.8249999999999997,3.861290322580645
3028,816,2023,6,Couples,84,2.5,Africa,South Africa,Cape Town,Singapore,Singapore,Temple,Singapore Temple 84,"Main Road, Singapore",Summer,3.225,3.7846153846153845
3029,11,2023,5,Family,12,3.3,Australia,Australia,Melbourne,New York,USA,Historical Site,New York Historical Site 12,"Main Road, New York",Spring,3.4375,3.8160714285714286
3030,79,2022,9,Solo,90,2.9,Europe,Germany,Munich,Nice,France,Temple,Nice Temple 90,"Main Road, Nice",Autumn,3.766666666666666,3.7215686274509805
3031,24,2022,3,Solo,87,3.6,South America,Chile,Santiago,Vancouver,Canada,Park,Vancouver Park 87,"Main Road, Vancouver",Spring,3.96,3.881818181818182
3032,304,2023,2,Couples,29,3.9,Africa,South Africa,Johannesburg,Santiago,Chile,Wildlife,Santiago Wildlife 29,"Main Road, Santiago",Winter,4.075,3.7943396226415094
3033,985,2024,12,Couples,27,3.4,Australia,New Zealand,Queenstown,Nairobi,Kenya,Temple,Nairobi Temple 27,"Main Road, Nairobi",Winter,3.811111111111111,3.6843137254901963
3034,995,2024,8,Family,81,4.6,Australia,Australia,Melbourne,Luxor,Egypt,Park,Luxor Park 81,"Main Road, Luxor",Summer,4.466666666666666,3.8309090909090906
3035,185,2023,11,Friends,52,4.2,North America,Canada,Toronto,Mombasa,Kenya,Shopping,Mombasa Shopping 52,"Main Road, Mombasa",Autumn,4.016666666666667,3.9035087719298245
3036,514,2023,3,Couples,95,2.9,North America,Canada,Vancouver,Singapore,Singapore,Park,Singapore Park 95,"Main Road, Singapore",Spring,4.0,3.819607843137255
3037,148,2022,10,Friends,29,4.2,Africa,South Africa,Cape Town,Santiago,Chile,Wildlife,Santiago Wildlife 29,"Main Road, Santiago",Autumn,3.95,3.7943396226415094
3038,31,2024,12,Solo,62,3.2,Europe,Germany,Munich,Buenos Aires,Argentina,Park,Buenos Aires Park 62,"Main Road, Buenos Aires",Winter,3.5375,3.8065217391304347
3039,400,2023,11,Family,25,3.2,Africa,South Africa,Johannesburg,Cairo,Egypt,Temple,Cairo Temple 25,"Main Road, Cairo",Autumn,3.6833333333333336,3.595555555555556
3040,80,2025,1,Friends,68,4.7,North America,Canada,Vancouver,Toronto,Canada,Shopping,Toronto Shopping 68,"Main Road, Toronto",Winter,3.6285714285714286,3.607142857142857
3041,447,2023,1,Business,18,4.0,Africa,Egypt,Luxor,Madrid,Spain,Historical Site,Madrid Historical Site 18,"Main Road, Madrid",Winter,4.1875,3.7285714285714286
3042,566,2022,12,Couples,87,4.1,Africa,Egypt,Cairo,Vancouver,Canada,Park,Vancouver Park 87,"Main Road, Vancouver",Winter,3.766666666666667,3.881818181818182
3043,566,2025,5,Couples,88,3.9,Africa,Egypt,Cairo,Tokyo,Japan,Shopping,Tokyo Shopping 88,"Main Road, Tokyo",Spring,3.766666666666667,3.901818181818182
3044,330,2022,8,Friends,65,3.6,Africa,Egypt,Luxor,Vancouver,Canada,Museum,Vancouver Museum 65,"Main Road, Vancouver",Summer,4.0,3.9294117647058826
3045,579,2024,1,Family,31,4.3,Europe,France,Paris,Queenstown,New Zealand,Historical Site,Queenstown Historical Site 31,"Main Road, Queenstown",Winter,3.857142857142857,3.663157894736842
3046,447,2025,7,Couples,44,3.9,Africa,Egypt,Luxor,Rio de Janeiro,Brazil,Temple,Rio de Janeiro Temple 44,"Main Road, Rio de Janeiro",Summer,4.1875,3.825
3047,899,2022,1,Family,10,3.6,Africa,Egypt,Luxor,Toronto,Canada,Wildlife,Toronto Wildlife 10,"Main Road, Toronto",Winter,4.1,3.8257575757575757
3048,194,2025,2,Couples,31,5.0,Africa,South Africa,Johannesburg,Queenstown,New Zealand,Historical Site,Queenstown Historical Site 31,"Main Road, Queenstown",Winter,3.88,3.663157894736842
3049,805,2025,12,Couples,73,3.7,Europe,Germany,Munich,Queenstown,New Zealand,Shopping,Queenstown Shopping 73,"Main Road, Queenstown",Winter,3.825,3.7816666666666667
3050,364,2025,1,Family,78,4.2,South America,Brazil,Sao Paulo,Santiago,Chile,Museum,Santiago Museum 78,"Main Road, Santiago",Winter,3.84,3.814814814814815
3051,998,2023,7,Business,60,3.7,North America,USA,Los Angeles,Johannesburg,South Africa,Museum,Johannesburg Museum 60,"Main Road, Johannesburg",Summer,3.84,3.7857142857142856
3052,62,2023,10,Couples,27,4.5,Africa,Kenya,Nairobi,Nairobi,Kenya,Temple,Nairobi Temple 27,"Main Road, Nairobi",Autumn,4.014285714285714,3.6843137254901963
3053,330,2025,10,Couples,16,4.4,Africa,Egypt,Luxor,Sao Paulo,Brazil,Historical Site,Sao Paulo Historical Site 16,"Main Road, Sao Paulo",Autumn,4.0,3.932758620689655
3054,915,2024,12,Couples,17,4.0,Australia,New Zealand,Auckland,Buenos Aires,Argentina,Wildlife,Buenos Aires Wildlife 17,"Main Road, Buenos Aires",Winter,3.7,3.9155555555555552
3055,628,2023,1,Family,29,3.1,Australia,New Zealand,Queenstown,Santiago,Chile,Wildlife,Santiago Wildlife 29,"Main Road, Santiago",Winter,3.56,3.7943396226415094
3056,545,2022,7,Family,29,3.6,Asia,Japan,Kyoto,Santiago,Chile,Wildlife,Santiago Wildlife 29,"Main Road, Santiago",Summer,3.25,3.7943396226415094
3057,792,2024,5,Friends,14,3.5,South America,Argentina,Buenos Aires,Sao Paulo,Brazil,Historical Site,Sao Paulo Historical Site 14,"Main Road, Sao Paulo",Spring,3.644444444444444,3.788235294117647
3058,607,2025,8,Couples,30,4.9,Europe,Spain,Madrid,Cape Town,South Africa,Museum,Cape Town Museum 30,"Main Road, Cape Town",Summer,3.95,3.811111111111111
3059,987,2023,10,Couples,28,3.7,North America,Mexico,Mexico City,Rio de Janeiro,Brazil,Beach,Rio de Janeiro Beach 28,"Main Road, Rio de Janeiro",Autumn,3.4,3.7065217391304346
3060,253,2022,1,Family,32,5.0,Africa,South Africa,Cape Town,Buenos Aires,Argentina,Shopping,Buenos Aires Shopping 32,"Main Road, Buenos Aires",Winter,4.3,3.812244897959184
3061,839,2025,1,Solo,65,3.5,South America,Brazil,Sao Paulo,Vancouver,Canada,Museum,Vancouver Museum 65,"Main Road, Vancouver",Winter,3.75,3.9294117647058826
3062,676,2023,12,Family,95,3.8,North America,USA,New York,Singapore,Singapore,Park,Singapore Park 95,"Main Road, Singapore",Winter,2.9,3.819607843137255
3063,685,2024,8,Friends,23,4.0,Australia,Australia,Sydney,Los Angeles,USA,Adventure,Los Angeles Adventure 23,"Main Road, Los Angeles",Summer,3.6999999999999997,3.919047619047619
3064,557,2025,8,Family,51,4.0,Australia,Australia,Melbourne,Mexico City,Mexico,Temple,Mexico City Temple 51,"Main Road, Mexico City",Summer,3.766666666666667,3.861290322580645
3065,575,2022,9,Solo,29,3.0,Europe,Italy,Rome,Santiago,Chile,Wildlife,Santiago Wildlife 29,"Main Road, Santiago",Autumn,3.38,3.7943396226415094
3066,608,2025,10,Business,12,2.8,South America,Chile,Santiago,New York,USA,Historical Site,New York Historical Site 12,"Main Road, New York",Autumn,3.5,3.8160714285714286
3067,657,2022,1,Solo,73,4.6,Australia,Australia,Melbourne,Queenstown,New Zealand,Shopping,Queenstown Shopping 73,"Main Road, Queenstown",Winter,3.988888888888889,3.7816666666666667
3068,226,2025,3,Couples,28,2.4,North America,USA,New York,Rio de Janeiro,Brazil,Beach,Rio de Janeiro Beach 28,"Main Road, Rio de Janeiro",Spring,3.5200000000000005,3.7065217391304346
3069,333,2023,6,Couples,99,2.7,Europe,Italy,Venice,Toronto,Canada,Adventure,Toronto Adventure 99,"Main Road, Toronto",Summer,3.4166666666666665,3.735416666666667
3070,166,2025,5,Solo,54,4.0,Africa,Egypt,Luxor,Rio de Janeiro,Brazil,Shopping,Rio de Janeiro Shopping 54,"Main Road, Rio de Janeiro",Spring,3.3000000000000003,3.7326086956521736
3071,943,2022,11,Couples,12,4.0,North America,Canada,Toronto,New York,USA,Historical Site,New York Historical Site 12,"Main Road, New York",Autumn,3.788888888888889,3.8160714285714286
3072,310,2023,4,Family,40,3.5,Asia,India,Delhi,Cape Town,South Africa,Museum,Cape Town Museum 40,"Main Road, Cape Town",Spring,3.6166666666666667,3.815909090909091
3073,220,2023,2,Family,89,4.4,North America,Canada,Toronto,Sydney,Australia,Park,Sydney Park 89,"Main Road, Sydney",Winter,4.12,3.811764705882353
3074,357,2024,1,Family,44,3.0,Europe,Italy,Venice,Rio de Janeiro,Brazil,Temple,Rio de Janeiro Temple 44,"Main Road, Rio de Janeiro",Winter,3.1166666666666667,3.825
3075,859,2023,2,Family,59,3.5,Australia,Australia,Melbourne,Melbourne,Australia,Museum,Melbourne Museum 59,"Main Road, Melbourne",Winter,4.016666666666667,3.853061224489796
3076,620,2023,5,Couples,23,3.7,Australia,Australia,Melbourne,Los Angeles,USA,Adventure,Los Angeles Adventure 23,"Main Road, Los Angeles",Spring,3.7,3.919047619047619
3077,165,2023,6,Couples,22,4.4,Asia,Singapore,Singapore,Melbourne,Australia,Adventure,Melbourne Adventure 22,"Main Road, Melbourne",Summer,3.8000000000000003,3.8629629629629627
3078,689,2022,6,Solo,61,4.1,Asia,India,Goa,Sydney,Australia,Shopping,Sydney Shopping 61,"Main Road, Sydney",Summer,4.3999999999999995,3.8000000000000003
3079,918,2023,3,Business,85,4.7,Asia,India,Mumbai,Rome,Italy,Historical Site,Rome Historical Site 85,"Main Road, Rome",Spring,4.1,3.8607843137254902
3080,426,2025,7,Family,42,3.8,Australia,Australia,Melbourne,Singapore,Singapore,Wildlife,Singapore Wildlife 42,"Main Road, Singapore",Summer,4.0,3.706382978723404
3081,835,2024,4,Business,71,3.7,Australia,Australia,Sydney,Rio de Janeiro,Brazil,Museum,Rio de Janeiro Museum 71,"Main Road, Rio de Janeiro",Spring,3.716666666666667,3.9066666666666667
3082,815,2023,4,Solo,22,2.7,Europe,Spain,Madrid,Melbourne,Australia,Adventure,Melbourne Adventure 22,"Main Road, Melbourne",Spring,3.1999999999999997,3.8629629629629627
3083,595,2022,10,Couples,46,2.2,Asia,Thailand,Phuket,Jaipur,India,Shopping,Jaipur Shopping 46,"Main Road, Jaipur",Autumn,3.7285714285714286,3.7113636363636364
3084,921,2022,1,Family,61,3.0,North America,Mexico,Mexico City,Sydney,Australia,Shopping,Sydney Shopping 61,"Main Road, Sydney",Winter,3.5142857142857147,3.8000000000000003
3085,77,2023,10,Family,39,4.7,North America,USA,Los Angeles,Munich,Germany,Shopping,Munich Shopping 39,"Main Road, Munich",Autumn,4.2375,3.965909090909091
3086,235,2025,5,Couples,3,4.7,Africa,South Africa,Cape Town,Rio de Janeiro,Brazil,Adventure,Rio de Janeiro Adventure 3,"Main Road, Rio de Janeiro",Spring,4.025,3.791111111111111
3087,802,2025,8,Solo,39,4.2,Africa,South Africa,Cape Town,Munich,Germany,Shopping,Munich Shopping 39,"Main Road, Munich",Summer,3.6999999999999997,3.965909090909091
3088,868,2023,6,Couples,7,4.2,Australia,New Zealand,Queenstown,Santiago,Chile,Park,Santiago Park 7,"Main Road, Santiago",Summer,4.0600000000000005,3.6767857142857143
3089,231,2024,9,Family,34,4.1,South America,Argentina,Buenos Aires,Mombasa,Kenya,Temple,Mombasa Temple 34,"Main Road, Mombasa",Autumn,4.1,3.764
3090,871,2024,11,Friends,8,3.3,Asia,Thailand,Pattaya,Las Vegas,USA,Museum,Las Vegas Museum 8,"Main Road, Las Vegas",Autumn,3.528571428571429,3.716279069767442
3091,523,2024,4,Solo,20,3.4,Australia,New Zealand,Queenstown,Vancouver,Canada,Wildlife,Vancouver Wildlife 20,"Main Road, Vancouver",Spring,3.55,3.775
3092,210,2025,1,Friends,1,4.6,Africa,Egypt,Luxor,Berlin,Germany,Wildlife,Berlin Wildlife 1,"Main Road, Berlin",Winter,3.6624999999999996,3.782051282051282
3093,981,2022,11,Family,60,3.8,South America,Brazil,Sao Paulo,Johannesburg,South Africa,Museum,Johannesburg Museum 60,"Main Road, Johannesburg",Autumn,3.6,3.7857142857142856
3094,545,2023,10,Couples,72,3.7,Asia,Japan,Kyoto,Luxor,Egypt,Temple,Luxor Temple 72,"Main Road, Luxor",Autumn,3.25,3.696296296296296
3095,61,2022,2,Business,41,3.7,Asia,Singapore,Singapore,Vancouver,Canada,Beach,Vancouver Beach 41,"Main Road, Vancouver",Winter,3.1500000000000004,3.7526315789473683
3096,147,2023,2,Solo,76,3.7,Africa,Egypt,Luxor,Tokyo,Japan,Temple,Tokyo Temple 76,"Main Road, Tokyo",Winter,3.2,3.817777777777778
3097,613,2025,11,Family,59,4.4,Australia,New Zealand,Auckland,Melbourne,Australia,Museum,Melbourne Museum 59,"Main Road, Melbourne",Autumn,4.26,3.853061224489796
3098,420,2025,10,Business,9,3.7,Asia,India,Delhi,Nice,France,Adventure,Nice Adventure 9,"Main Road, Nice",Autumn,4.029999999999999,3.709803921568627
3099,645,2022,5,Business,33,5.0,Europe,France,Paris,New York,USA,Historical Site,New York Historical Site 33,"Main Road, New York",Spring,4.05,3.8160000000000003
3100,978,2025,10,Friends,32,3.7,South America,Argentina,Buenos Aires,Buenos Aires,Argentina,Shopping,Buenos Aires Shopping 32,"Main Road, Buenos Aires",Autumn,3.9200000000000004,3.812244897959184
3101,446,2023,11,Couples,56,3.4,South America,Chile,Santiago,Madrid,Spain,Historical Site,Madrid Historical Site 56,"Main Road, Madrid",Autumn,3.942857142857143,3.892156862745098
3102,795,2023,4,Family,59,5.0,Africa,Kenya,Mombasa,Melbourne,Australia,Museum,Melbourne Museum 59,"Main Road, Melbourne",Spring,3.6,3.853061224489796
3103,103,2022,8,Family,44,4.1,Europe,Spain,Madrid,Rio de Janeiro,Brazil,Temple,Rio de Janeiro Temple 44,"Main Road, Rio de Janeiro",Summer,4.091666666666667,3.825
3104,30,2023,11,Friends,32,3.1,Australia,New Zealand,Queenstown,Buenos Aires,Argentina,Shopping,Buenos Aires Shopping 32,"Main Road, Buenos Aires",Autumn,3.483333333333333,3.812244897959184
3105,435,2023,7,Business,36,3.5,Australia,New Zealand,Queenstown,Singapore,Singapore,Beach,Singapore Beach 36,"Main Road, Singapore",Summer,3.1999999999999997,3.7410714285714284
3106,212,2023,4,Solo,61,5.0,North America,Canada,Toronto,Sydney,Australia,Shopping,Sydney Shopping 61,"Main Road, Sydney",Spring,4.34,3.8000000000000003
3107,465,2022,12,Friends,87,4.3,Europe,Italy,Milan,Vancouver,Canada,Park,Vancouver Park 87,"Main Road, Vancouver",Winter,4.266666666666667,3.881818181818182
3108,744,2022,6,Friends,20,3.1,Australia,New Zealand,Auckland,Vancouver,Canada,Wildlife,Vancouver Wildlife 20,"Main Road, Vancouver",Summer,3.65,3.775
3109,90,2024,10,Friends,98,3.1,North America,Canada,Vancouver,Mombasa,Kenya,Adventure,Mombasa Adventure 98,"Main Road, Mombasa",Autumn,3.9875,4.017543859649122
3110,299,2024,7,Business,10,3.7,North America,USA,Los Angeles,Toronto,Canada,Wildlife,Toronto Wildlife 10,"Main Road, Toronto",Summer,3.5799999999999996,3.8257575757575757
3111,737,2024,2,Couples,14,3.1,Australia,New Zealand,Auckland,Sao Paulo,Brazil,Historical Site,Sao Paulo Historical Site 14,"Main Road, Sao Paulo",Winter,3.8200000000000003,3.788235294117647
3112,576,2022,9,Couples,30,3.8,Asia,India,Goa,Cape Town,South Africa,Museum,Cape Town Museum 30,"Main Road, Cape Town",Autumn,3.7,3.811111111111111
3113,726,2022,2,Family,34,2.6,South America,Argentina,Buenos Aires,Mombasa,Kenya,Temple,Mombasa Temple 34,"Main Road, Mombasa",Winter,3.9799999999999995,3.764
3114,4,2024,3,Business,43,4.2,North America,Mexico,Mexico City,Cape Town,South Africa,Shopping,Cape Town Shopping 43,"Main Road, Cape Town",Spring,3.75,3.772
3115,973,2023,8,Family,87,2.9,Africa,Kenya,Nairobi,Vancouver,Canada,Park,Vancouver Park 87,"Main Road, Vancouver",Summer,3.4857142857142853,3.881818181818182
3116,556,2023,10,Friends,15,4.6,Africa,South Africa,Cape Town,Jaipur,India,Historical Site,Jaipur Historical Site 15,"Main Road, Jaipur",Autumn,4.433333333333333,3.8632653061224493
3117,779,2022,11,Family,66,3.9,South America,Brazil,Sao Paulo,Kyoto,Japan,Historical Site,Kyoto Historical Site 66,"Main Road, Kyoto",Autumn,3.8249999999999997,3.8181818181818183
3118,789,2025,1,Couples,21,4.8,Europe,France,Nice,Luxor,Egypt,Temple,Luxor Temple 21,"Main Road, Luxor",Winter,4.15,3.8267857142857147
3119,525,2025,6,Friends,73,3.3,South America,Brazil,Sao Paulo,Queenstown,New Zealand,Shopping,Queenstown Shopping 73,"Main Road, Queenstown",Summer,3.5833333333333335,3.7816666666666667
3120,499,2023,12,Friends,52,3.4,Africa,Egypt,Cairo,Mombasa,Kenya,Shopping,Mombasa Shopping 52,"Main Road, Mombasa",Winter,3.585714285714286,3.9035087719298245
3121,108,2025,5,Couples,73,3.6,Europe,Spain,Madrid,Queenstown,New Zealand,Shopping,Queenstown Shopping 73,"Main Road, Queenstown",Spring,3.9000000000000004,3.7816666666666667
3122,937,2023,11,Business,64,3.2,South America,Argentina,Buenos Aires,Madrid,Spain,Beach,Madrid Beach 64,"Main Road, Madrid",Autumn,3.0444444444444443,3.8058823529411763
3123,270,2022,4,Solo,91,4.0,North America,USA,New York,Singapore,Singapore,Historical Site,Singapore Historical Site 91,"Main Road, Singapore",Spring,3.6384615384615384,3.924137931034483
3124,331,2023,11,Family,65,4.9,Europe,Spain,Madrid,Vancouver,Canada,Museum,Vancouver Museum 65,"Main Road, Vancouver",Autumn,4.7,3.9294117647058826
3125,768,2023,8,Solo,7,3.7,South America,Argentina,Buenos Aires,Santiago,Chile,Park,Santiago Park 7,"Main Road, Santiago",Summer,3.8333333333333335,3.6767857142857143
3126,494,2022,12,Business,41,4.0,Australia,New Zealand,Queenstown,Vancouver,Canada,Beach,Vancouver Beach 41,"Main Road, Vancouver",Winter,3.283333333333333,3.7526315789473683
3127,456,2025,12,Business,96,3.1,South America,Brazil,Sao Paulo,Cancun,Mexico,Adventure,Cancun Adventure 96,"Main Road, Cancun",Winter,3.425,3.5860000000000003
3128,550,2022,7,Friends,94,4.0,Europe,Germany,Berlin,Melbourne,Australia,Temple,Melbourne Temple 94,"Main Road, Melbourne",Summer,3.7777777777777777,3.6732142857142853
3129,632,2022,1,Couples,70,2.5,Asia,Thailand,Bangkok,Sydney,Australia,Beach,Sydney Beach 70,"Main Road, Sydney",Winter,3.34,3.7588235294117647
3130,462,2023,3,Family,98,3.2,North America,USA,Las Vegas,Mombasa,Kenya,Adventure,Mombasa Adventure 98,"Main Road, Mombasa",Spring,3.35,4.017543859649122
3131,3,2025,2,Solo,2,2.7,Europe,Spain,Madrid,Sao Paulo,Brazil,Historical Site,Sao Paulo Historical Site 2,"Main Road, Sao Paulo",Winter,3.857142857142857,3.727272727272727
3132,468,2022,4,Couples,70,4.5,Asia,India,Jaipur,Sydney,Australia,Beach,Sydney Beach 70,"Main Road, Sydney",Spring,3.8600000000000003,3.7588235294117647
3133,922,2023,12,Friends,36,5.0,Asia,Japan,Osaka,Singapore,Singapore,Beach,Singapore Beach 36,"Main Road, Singapore",Winter,4.025,3.7410714285714284
3134,509,2022,5,Family,97,3.8,South America,Brazil,Sao Paulo,Los Angeles,USA,Historical Site,Los Angeles Historical Site 97,"Main Road, Los Angeles",Spring,3.675,3.661904761904762
3135,214,2025,1,Solo,22,4.4,Africa,South Africa,Cape Town,Melbourne,Australia,Adventure,Melbourne Adventure 22,"Main Road, Melbourne",Winter,3.783333333333333,3.8629629629629627
3136,187,2022,10,Friends,86,2.6,Africa,Kenya,Nairobi,Cape Town,South Africa,Historical Site,Cape Town Historical Site 86,"Main Road, Cape Town",Autumn,3.175,3.6799999999999997
3137,594,2025,6,Business,17,3.0,Europe,Germany,Berlin,Buenos Aires,Argentina,Wildlife,Buenos Aires Wildlife 17,"Main Road, Buenos Aires",Summer,3.6999999999999997,3.9155555555555552
3138,841,2024,9,Family,83,3.0,Europe,France,Nice,Melbourne,Australia,Wildlife,Melbourne Wildlife 83,"Main Road, Melbourne",Autumn,2.9,3.851282051282051
3139,672,2022,7,Family,31,4.5,Europe,Germany,Berlin,Queenstown,New Zealand,Historical Site,Queenstown Historical Site 31,"Main Road, Queenstown",Summer,4.0,3.663157894736842
3140,179,2023,10,Couples,37,2.4,South America,Argentina,Buenos Aires,Mumbai,India,Historical Site,Mumbai Historical Site 37,"Main Road, Mumbai",Autumn,2.8,3.752173913043478
3141,312,2022,3,Family,96,3.4,Asia,India,Goa,Cancun,Mexico,Adventure,Cancun Adventure 96,"Main Road, Cancun",Spring,3.3600000000000003,3.5860000000000003
3142,888,2024,11,Couples,5,4.1,Africa,South Africa,Johannesburg,Santiago,Chile,Adventure,Santiago Adventure 5,"Main Road, Santiago",Autumn,3.6999999999999997,3.691111111111111
3143,365,2025,12,Friends,94,4.3,Asia,Thailand,Bangkok,Melbourne,Australia,Temple,Melbourne Temple 94,"Main Road, Melbourne",Winter,3.5666666666666664,3.6732142857142853
3144,680,2023,1,Solo,37,5.0,Africa,South Africa,Cape Town,Mumbai,India,Historical Site,Mumbai Historical Site 37,"Main Road, Mumbai",Winter,3.783333333333333,3.752173913043478
3145,331,2024,9,Business,36,4.2,Europe,Spain,Madrid,Singapore,Singapore,Beach,Singapore Beach 36,"Main Road, Singapore",Autumn,4.7,3.7410714285714284
3146,864,2025,1,Business,60,4.3,Asia,Singapore,Singapore,Johannesburg,South Africa,Museum,Johannesburg Museum 60,"Main Road, Johannesburg",Winter,3.883333333333333,3.7857142857142856
3147,33,2025,11,Friends,43,4.6,Europe,Germany,Munich,Cape Town,South Africa,Shopping,Cape Town Shopping 43,"Main Road, Cape Town",Autumn,3.56,3.772
3148,637,2024,7,Couples,20,3.1,Australia,Australia,Melbourne,Vancouver,Canada,Wildlife,Vancouver Wildlife 20,"Main Road, Vancouver",Summer,3.5142857142857147,3.775
3149,381,2024,6,Business,35,3.4,South America,Brazil,Rio de Janeiro,Paris,France,Beach,Paris Beach 35,"Main Road, Paris",Summer,3.742857142857143,3.728
3150,569,2024,12,Friends,87,5.0,Australia,New Zealand,Auckland,Vancouver,Canada,Park,Vancouver Park 87,"Main Road, Vancouver",Winter,3.6125000000000003,3.881818181818182
3151,851,2023,5,Couples,62,3.8,Asia,Thailand,Pattaya,Buenos Aires,Argentina,Park,Buenos Aires Park 62,"Main Road, Buenos Aires",Spring,3.814285714285714,3.8065217391304347
3152,883,2023,1,Couples,36,3.4,Europe,Italy,Rome,Singapore,Singapore,Beach,Singapore Beach 36,"Main Road, Singapore",Winter,3.975,3.7410714285714284
3153,324,2025,2,Couples,73,3.6,Europe,Italy,Venice,Queenstown,New Zealand,Shopping,Queenstown Shopping 73,"Main Road, Queenstown",Winter,3.883333333333333,3.7816666666666667
3154,110,2023,9,Couples,21,4.8,South America,Argentina,Buenos Aires,Luxor,Egypt,Temple,Luxor Temple 21,"Main Road, Luxor",Autumn,3.7624999999999997,3.8267857142857147
3155,410,2025,12,Business,1,2.7,Asia,Singapore,Singapore,Berlin,Germany,Wildlife,Berlin Wildlife 1,"Main Road, Berlin",Winter,2.9000000000000004,3.782051282051282
3156,66,2025,5,Couples,16,4.4,South America,Argentina,Buenos Aires,Sao Paulo,Brazil,Historical Site,Sao Paulo Historical Site 16,"Main Road, Sao Paulo",Spring,3.8375,3.932758620689655
3157,504,2024,1,Family,86,2.6,Australia,Australia,Sydney,Cape Town,South Africa,Historical Site,Cape Town Historical Site 86,"Main Road, Cape Town",Winter,3.8200000000000003,3.6799999999999997
3158,210,2024,2,Friends,81,3.2,Africa,Egypt,Luxor,Luxor,Egypt,Park,Luxor Park 81,"Main Road, Luxor",Winter,3.6624999999999996,3.8309090909090906
3159,628,2024,1,Business,74,3.8,Australia,New Zealand,Queenstown,Sydney,Australia,Historical Site,Sydney Historical Site 74,"Main Road, Sydney",Winter,3.56,4.0487179487179485
3160,748,2025,10,Family,30,4.2,North America,Canada,Toronto,Cape Town,South Africa,Museum,Cape Town Museum 30,"Main Road, Cape Town",Autumn,3.625,3.811111111111111
3161,818,2025,1,Business,71,4.7,North America,Canada,Toronto,Rio de Janeiro,Brazil,Museum,Rio de Janeiro Museum 71,"Main Road, Rio de Janeiro",Winter,4.0200000000000005,3.9066666666666667
3162,171,2022,1,Solo,2,3.3,Australia,Australia,Sydney,Sao Paulo,Brazil,Historical Site,Sao Paulo Historical Site 2,"Main Road, Sao Paulo",Winter,3.94,3.727272727272727
3163,80,2024,4,Business,54,3.0,North America,Canada,Vancouver,Rio de Janeiro,Brazil,Shopping,Rio de Janeiro Shopping 54,"Main Road, Rio de Janeiro",Spring,3.6285714285714286,3.7326086956521736
3164,225,2022,10,Couples,62,2.7,Africa,Kenya,Nairobi,Buenos Aires,Argentina,Park,Buenos Aires Park 62,"Main Road, Buenos Aires",Autumn,4.175,3.8065217391304347
3165,95,2024,5,Solo,97,3.5,Australia,New Zealand,Auckland,Los Angeles,USA,Historical Site,Los Angeles Historical Site 97,"Main Road, Los Angeles",Spring,4.433333333333334,3.661904761904762
3166,474,2025,5,Family,25,2.7,North America,USA,Los Angeles,Cairo,Egypt,Temple,Cairo Temple 25,"Main Road, Cairo",Spring,3.25,3.595555555555556
3167,490,2023,4,Business,52,3.0,Australia,New Zealand,Auckland,Mombasa,Kenya,Shopping,Mombasa Shopping 52,"Main Road, Mombasa",Spring,3.957142857142857,3.9035087719298245
3168,475,2024,10,Couples,6,4.7,Asia,Japan,Osaka,Johannesburg,South Africa,Museum,Johannesburg Museum 6,"Main Road, Johannesburg",Autumn,4.175,3.8461538461538463
3169,693,2022,5,Business,6,3.7,Europe,France,Nice,Johannesburg,South Africa,Museum,Johannesburg Museum 6,"Main Road, Johannesburg",Spring,3.9333333333333336,3.8461538461538463
3170,832,2023,4,Business,86,4.4,Europe,France,Paris,Cape Town,South Africa,Historical Site,Cape Town Historical Site 86,"Main Road, Cape Town",Spring,4.285714285714286,3.6799999999999997
3171,244,2025,11,Solo,60,2.2,South America,Chile,Santiago,Johannesburg,South Africa,Museum,Johannesburg Museum 60,"Main Road, Johannesburg",Autumn,3.233333333333333,3.7857142857142856
3172,534,2022,6,Couples,56,4.1,South America,Brazil,Rio de Janeiro,Madrid,Spain,Historical Site,Madrid Historical Site 56,"Main Road, Madrid",Summer,4.066666666666666,3.892156862745098
3173,655,2023,10,Family,13,3.9,Africa,Egypt,Cairo,Auckland,New Zealand,Wildlife,Auckland Wildlife 13,"Main Road, Auckland",Autumn,4.233333333333333,3.8711864406779664
3174,806,2024,11,Friends,1,2.2,Australia,New Zealand,Auckland,Berlin,Germany,Wildlife,Berlin Wildlife 1,"Main Road, Berlin",Autumn,3.175,3.782051282051282
3175,160,2024,6,Family,41,3.3,Australia,New Zealand,Auckland,Vancouver,Canada,Beach,Vancouver Beach 41,"Main Road, Vancouver",Summer,3.775,3.7526315789473683
3176,612,2023,3,Business,73,3.7,Africa,Kenya,Mombasa,Queenstown,New Zealand,Shopping,Queenstown Shopping 73,"Main Road, Queenstown",Spring,3.483333333333333,3.7816666666666667
3177,765,2022,12,Family,43,4.2,Australia,Australia,Sydney,Cape Town,South Africa,Shopping,Cape Town Shopping 43,"Main Road, Cape Town",Winter,3.6999999999999997,3.772
3178,685,2022,8,Family,92,4.1,Australia,Australia,Sydney,Queenstown,New Zealand,Museum,Queenstown Museum 92,"Main Road, Queenstown",Summer,3.6999999999999997,4.0339285714285715
3179,970,2023,7,Solo,42,3.3,South America,Argentina,Buenos Aires,Singapore,Singapore,Wildlife,Singapore Wildlife 42,"Main Road, Singapore",Summer,3.8875,3.706382978723404
3180,679,2023,10,Solo,84,3.1,North America,Canada,Vancouver,Singapore,Singapore,Temple,Singapore Temple 84,"Main Road, Singapore",Autumn,3.6833333333333336,3.7846153846153845
3181,437,2022,12,Family,28,3.5,Europe,France,Nice,Rio de Janeiro,Brazil,Beach,Rio de Janeiro Beach 28,"Main Road, Rio de Janeiro",Winter,3.45,3.7065217391304346
3182,587,2023,7,Business,97,3.1,North America,Mexico,Cancun,Los Angeles,USA,Historical Site,Los Angeles Historical Site 97,"Main Road, Los Angeles",Summer,3.88,3.661904761904762
3183,100,2024,11,Solo,69,4.6,Africa,South Africa,Johannesburg,Johannesburg,South Africa,Shopping,Johannesburg Shopping 69,"Main Road, Johannesburg",Autumn,4.36,3.818032786885246
3184,116,2024,3,Business,30,4.4,Asia,India,Jaipur,Cape Town,South Africa,Museum,Cape Town Museum 30,"Main Road, Cape Town",Spring,3.75,3.811111111111111
3185,771,2025,12,Couples,5,3.8,Australia,New Zealand,Auckland,Santiago,Chile,Adventure,Santiago Adventure 5,"Main Road, Santiago",Winter,3.642857142857143,3.691111111111111
3186,844,2024,12,Family,15,3.3,South America,Argentina,Buenos Aires,Jaipur,India,Historical Site,Jaipur Historical Site 15,"Main Road, Jaipur",Winter,3.3600000000000003,3.8632653061224493
3187,199,2023,8,Couples,94,4.5,South America,Brazil,Rio de Janeiro,Melbourne,Australia,Temple,Melbourne Temple 94,"Main Road, Melbourne",Summer,3.8428571428571425,3.6732142857142853
3188,751,2023,12,Friends,6,3.9,Australia,New Zealand,Queenstown,Johannesburg,South Africa,Museum,Johannesburg Museum 6,"Main Road, Johannesburg",Winter,4.1375,3.8461538461538463
3189,907,2022,4,Couples,52,4.0,Africa,South Africa,Cape Town,Mombasa,Kenya,Shopping,Mombasa Shopping 52,"Main Road, Mombasa",Spring,4.05,3.9035087719298245
3190,612,2025,4,Couples,59,3.9,Africa,Kenya,Mombasa,Melbourne,Australia,Museum,Melbourne Museum 59,"Main Road, Melbourne",Spring,3.483333333333333,3.853061224489796
3191,341,2024,10,Couples,72,3.4,Europe,Germany,Berlin,Luxor,Egypt,Temple,Luxor Temple 72,"Main Road, Luxor",Autumn,3.6333333333333333,3.696296296296296
3192,29,2024,5,Business,60,3.6,South America,Argentina,Buenos Aires,Johannesburg,South Africa,Museum,Johannesburg Museum 60,"Main Road, Johannesburg",Spring,3.5599999999999996,3.7857142857142856
3193,270,2025,2,Family,39,3.7,North America,USA,New York,Munich,Germany,Shopping,Munich Shopping 39,"Main Road, Munich",Winter,3.6384615384615384,3.965909090909091
3194,885,2025,4,Family,45,4.8,Europe,Italy,Rome,Cairo,Egypt,Park,Cairo Park 45,"Main Road, Cairo",Spring,3.875,3.852830188679245
3195,395,2025,2,Business,65,3.7,South America,Argentina,Buenos Aires,Vancouver,Canada,Museum,Vancouver Museum 65,"Main Road, Vancouver",Winter,3.3600000000000003,3.9294117647058826
3196,786,2024,3,Family,47,4.5,Australia,Australia,Sydney,New York,USA,Historical Site,New York Historical Site 47,"Main Road, New York",Spring,3.96,3.9181818181818184
3197,463,2023,8,Couples,47,3.1,Australia,New Zealand,Queenstown,New York,USA,Historical Site,New York Historical Site 47,"Main Road, New York",Summer,3.3428571428571425,3.9181818181818184
3198,856,2022,11,Couples,85,3.7,North America,USA,Los Angeles,Rome,Italy,Historical Site,Rome Historical Site 85,"Main Road, Rome",Autumn,3.733333333333333,3.8607843137254902
3199,956,2024,6,Family,12,3.3,South America,Brazil,Rio de Janeiro,New York,USA,Historical Site,New York Historical Site 12,"Main Road, New York",Summer,3.8600000000000003,3.8160714285714286
3200,379,2024,4,Family,58,4.0,Asia,India,Jaipur,Mumbai,India,Wildlife,Mumbai Wildlife 58,"Main Road, Mumbai",Spring,3.55,3.7518518518518515
3201,888,2023,10,Family,35,4.6,Africa,South Africa,Johannesburg,Paris,France,Beach,Paris Beach 35,"Main Road, Paris",Autumn,3.6999999999999997,3.728
3202,327,2024,7,Couples,18,4.8,Asia,Japan,Tokyo,Madrid,Spain,Historical Site,Madrid Historical Site 18,"Main Road, Madrid",Summer,4.016666666666667,3.7285714285714286
3203,765,2023,9,Couples,39,4.6,Australia,Australia,Sydney,Munich,Germany,Shopping,Munich Shopping 39,"Main Road, Munich",Autumn,3.6999999999999997,3.965909090909091
3204,599,2023,9,Family,5,3.9,North America,Mexico,Cancun,Santiago,Chile,Adventure,Santiago Adventure 5,"Main Road, Santiago",Autumn,3.7142857142857144,3.691111111111111
3205,679,2024,9,Friends,57,4.0,North America,Canada,Vancouver,Queenstown,New Zealand,Beach,Queenstown Beach 57,"Main Road, Queenstown",Autumn,3.6833333333333336,3.8095238095238093
3206,618,2025,9,Business,8,4.1,Australia,New Zealand,Auckland,Las Vegas,USA,Museum,Las Vegas Museum 8,"Main Road, Las Vegas",Autumn,3.783333333333333,3.716279069767442
3207,508,2023,3,Solo,22,3.0,Europe,Italy,Venice,Melbourne,Australia,Adventure,Melbourne Adventure 22,"Main Road, Melbourne",Spring,3.9200000000000004,3.8629629629629627
3208,242,2024,8,Business,88,3.7,North America,USA,Las Vegas,Tokyo,Japan,Shopping,Tokyo Shopping 88,"Main Road, Tokyo",Summer,3.4000000000000004,3.901818181818182
3209,654,2022,6,Solo,2,3.5,North America,Mexico,Mexico City,Sao Paulo,Brazil,Historical Site,Sao Paulo Historical Site 2,"Main Road, Sao Paulo",Summer,3.7399999999999998,3.727272727272727
3210,409,2024,5,Solo,98,3.4,South America,Brazil,Sao Paulo,Mombasa,Kenya,Adventure,Mombasa Adventure 98,"Main Road, Mombasa",Spring,3.6799999999999997,4.017543859649122
3211,57,2024,6,Friends,46,3.2,Australia,Australia,Sydney,Jaipur,India,Shopping,Jaipur Shopping 46,"Main Road, Jaipur",Summer,3.4875,3.7113636363636364
3212,206,2024,9,Solo,36,4.0,Europe,Italy,Venice,Singapore,Singapore,Beach,Singapore Beach 36,"Main Road, Singapore",Autumn,4.04,3.7410714285714284
3213,991,2022,11,Solo,81,5.0,Europe,Italy,Venice,Luxor,Egypt,Park,Luxor Park 81,"Main Road, Luxor",Autumn,4.733333333333333,3.8309090909090906
3214,184,2022,3,Friends,99,4.1,Australia,Australia,Sydney,Toronto,Canada,Adventure,Toronto Adventure 99,"Main Road, Toronto",Spring,3.1999999999999997,3.735416666666667
3215,981,2024,7,Friends,33,3.9,South America,Brazil,Sao Paulo,New York,USA,Historical Site,New York Historical Site 33,"Main Road, New York",Summer,3.6,3.8160000000000003
3216,592,2022,1,Couples,59,3.8,North America,Canada,Toronto,Melbourne,Australia,Museum,Melbourne Museum 59,"Main Road, Melbourne",Winter,3.5199999999999996,3.853061224489796
3217,348,2023,7,Solo,75,2.1,North America,Canada,Vancouver,Vancouver,Canada,Park,Vancouver Park 75,"Main Road, Vancouver",Summer,3.7714285714285714,3.861818181818182
3218,812,2024,6,Couples,36,3.2,Europe,Spain,Barcelona,Singapore,Singapore,Beach,Singapore Beach 36,"Main Road, Singapore",Summer,4.225,3.7410714285714284
3219,80,2025,9,Friends,45,3.0,North America,Canada,Vancouver,Cairo,Egypt,Park,Cairo Park 45,"Main Road, Cairo",Autumn,3.6285714285714286,3.852830188679245
3220,597,2024,3,Couples,45,4.4,Australia,Australia,Sydney,Cairo,Egypt,Park,Cairo Park 45,"Main Road, Cairo",Spring,3.6875,3.852830188679245
3221,243,2023,6,Business,40,4.4,South America,Argentina,Buenos Aires,Cape Town,South Africa,Museum,Cape Town Museum 40,"Main Road, Cape Town",Summer,3.85,3.815909090909091
3222,420,2025,9,Couples,83,4.1,Asia,India,Delhi,Melbourne,Australia,Wildlife,Melbourne Wildlife 83,"Main Road, Melbourne",Autumn,4.029999999999999,3.851282051282051
3223,542,2024,4,Family,10,4.5,Asia,Japan,Osaka,Toronto,Canada,Wildlife,Toronto Wildlife 10,"Main Road, Toronto",Spring,3.766666666666667,3.8257575757575757
3224,89,2024,12,Friends,64,3.5,Africa,Egypt,Cairo,Madrid,Spain,Beach,Madrid Beach 64,"Main Road, Madrid",Winter,3.54,3.8058823529411763
3225,234,2022,11,Solo,25,3.7,South America,Brazil,Rio de Janeiro,Cairo,Egypt,Temple,Cairo Temple 25,"Main Road, Cairo",Autumn,3.557142857142857,3.595555555555556
3226,613,2022,7,Solo,16,4.1,Australia,New Zealand,Auckland,Sao Paulo,Brazil,Historical Site,Sao Paulo Historical Site 16,"Main Road, Sao Paulo",Summer,4.26,3.932758620689655
3227,847,2025,11,Family,77,3.0,Europe,Italy,Milan,Rome,Italy,Temple,Rome Temple 77,"Main Road, Rome",Autumn,4.014285714285714,3.836734693877551
3228,953,2024,9,Family,4,4.1,North America,Canada,Toronto,Buenos Aires,Argentina,Temple,Buenos Aires Temple 4,"Main Road, Buenos Aires",Autumn,3.9,3.96
3229,63,2024,10,Friends,43,4.8,Africa,South Africa,Cape Town,Cape Town,South Africa,Shopping,Cape Town Shopping 43,"Main Road, Cape Town",Autumn,4.14,3.772
3230,920,2023,11,Couples,96,4.3,Africa,Kenya,Mombasa,Cancun,Mexico,Adventure,Cancun Adventure 96,"Main Road, Cancun",Autumn,3.6333333333333333,3.5860000000000003
3231,394,2024,6,Friends,23,4.8,Africa,Kenya,Mombasa,Los Angeles,USA,Adventure,Los Angeles Adventure 23,"Main Road, Los Angeles",Summer,4.457142857142857,3.919047619047619
3232,81,2025,11,Friends,79,4.4,Asia,Singapore,Singapore,Mexico City,Mexico,Historical Site,Mexico City Historical Site 79,"Main Road, Mexico City",Autumn,3.96,3.861224489795918
3233,23,2023,2,Couples,34,3.9,Europe,France,Nice,Mombasa,Kenya,Temple,Mombasa Temple 34,"Main Road, Mombasa",Winter,4.025,3.764
3234,576,2023,4,Couples,71,4.7,Asia,India,Goa,Rio de Janeiro,Brazil,Museum,Rio de Janeiro Museum 71,"Main Road, Rio de Janeiro",Spring,3.7,3.9066666666666667
3235,383,2024,11,Family,61,3.4,Europe,Spain,Madrid,Sydney,Australia,Shopping,Sydney Shopping 61,"Main Road, Sydney",Autumn,3.533333333333333,3.8000000000000003
3236,738,2023,12,Couples,76,5.0,South America,Chile,Santiago,Tokyo,Japan,Temple,Tokyo Temple 76,"Main Road, Tokyo",Winter,3.8,3.817777777777778
3237,520,2023,6,Friends,91,5.0,Africa,South Africa,Cape Town,Singapore,Singapore,Historical Site,Singapore Historical Site 91,"Main Road, Singapore",Summer,5.0,3.924137931034483
3238,65,2022,4,Family,14,3.6,North America,Mexico,Mexico City,Sao Paulo,Brazil,Historical Site,Sao Paulo Historical Site 14,"Main Road, Sao Paulo",Spring,3.6833333333333336,3.788235294117647
3239,131,2022,6,Family,5,3.2,North America,USA,New York,Santiago,Chile,Adventure,Santiago Adventure 5,"Main Road, Santiago",Summer,3.6,3.691111111111111
3240,394,2025,8,Couples,98,4.8,Africa,Kenya,Mombasa,Mombasa,Kenya,Adventure,Mombasa Adventure 98,"Main Road, Mombasa",Summer,4.457142857142857,4.017543859649122
3241,15,2024,12,Family,48,4.2,Australia,New Zealand,Auckland,Nairobi,Kenya,Adventure,Nairobi Adventure 48,"Main Road, Nairobi",Winter,4.211111111111111,3.845833333333333
3242,531,2023,3,Couples,68,3.6,Europe,Italy,Rome,Toronto,Canada,Shopping,Toronto Shopping 68,"Main Road, Toronto",Spring,3.814285714285714,3.607142857142857
3243,976,2023,4,Couples,75,4.7,North America,Mexico,Mexico City,Vancouver,Canada,Park,Vancouver Park 75,"Main Road, Vancouver",Spring,4.375,3.861818181818182
3244,735,2022,6,Business,93,4.2,Asia,Japan,Kyoto,Auckland,New Zealand,Adventure,Auckland Adventure 93,"Main Road, Auckland",Summer,4.4,3.7888888888888888
3245,25,2025,6,Couples,98,4.2,South America,Chile,Santiago,Mombasa,Kenya,Adventure,Mombasa Adventure 98,"Main Road, Mombasa",Summer,3.7750000000000004,4.017543859649122
3246,109,2023,7,Couples,27,4.0,Australia,New Zealand,Auckland,Nairobi,Kenya,Temple,Nairobi Temple 27,"Main Road, Nairobi",Summer,4.0,3.6843137254901963
3247,52,2023,2,Family,13,3.6,North America,Canada,Toronto,Auckland,New Zealand,Wildlife,Auckland Wildlife 13,"Main Road, Auckland",Winter,3.78,3.8711864406779664
3248,490,2022,9,Solo,12,4.7,Australia,New Zealand,Auckland,New York,USA,Historical Site,New York Historical Site 12,"Main Road, New York",Autumn,3.957142857142857,3.8160714285714286
3249,685,2024,3,Couples,70,5.0,Australia,Australia,Sydney,Sydney,Australia,Beach,Sydney Beach 70,"Main Road, Sydney",Spring,3.6999999999999997,3.7588235294117647
3250,791,2025,3,Family,34,3.6,South America,Argentina,Buenos Aires,Mombasa,Kenya,Temple,Mombasa Temple 34,"Main Road, Mombasa",Spring,3.542857142857143,3.764
3251,928,2025,8,Couples,38,4.8,Africa,South Africa,Cape Town,Luxor,Egypt,Museum,Luxor Museum 38,"Main Road, Luxor",Summer,3.6333333333333337,3.784313725490196
3252,560,2025,2,Friends,82,3.9,Europe,France,Paris,Sydney,Australia,Temple,Sydney Temple 82,"Main Road, Sydney",Winter,3.8999999999999995,3.7333333333333334
3253,117,2024,2,Couples,50,3.4,North America,Mexico,Mexico City,Cancun,Mexico,Historical Site,Cancun Historical Site 50,"Main Road, Cancun",Winter,3.275,3.5078947368421054
3254,284,2024,11,Family,34,4.0,Asia,India,Mumbai,Mombasa,Kenya,Temple,Mombasa Temple 34,"Main Road, Mombasa",Autumn,3.733333333333333,3.764
3255,618,2025,4,Family,56,4.8,Australia,New Zealand,Auckland,Madrid,Spain,Historical Site,Madrid Historical Site 56,"Main Road, Madrid",Spring,3.783333333333333,3.892156862745098
3256,154,2025,6,Couples,18,3.1,Europe,Spain,Barcelona,Madrid,Spain,Historical Site,Madrid Historical Site 18,"Main Road, Madrid",Summer,3.522222222222222,3.7285714285714286
3257,649,2022,12,Family,35,3.4,Asia,India,Jaipur,Paris,France,Beach,Paris Beach 35,"Main Road, Paris",Winter,3.8125,3.728
3258,920,2023,7,Business,74,4.0,Africa,Kenya,Mombasa,Sydney,Australia,Historical Site,Sydney Historical Site 74,"Main Road, Sydney",Summer,3.6333333333333333,4.0487179487179485
3259,39,2025,2,Solo,55,5.0,South America,Brazil,Rio de Janeiro,Mumbai,India,Wildlife,Mumbai Wildlife 55,"Main Road, Mumbai",Winter,3.85,3.6921568627450982
3260,849,2025,12,Family,100,4.1,Africa,Kenya,Nairobi,Mombasa,Kenya,Wildlife,Mombasa Wildlife 100,"Main Road, Mombasa",Winter,3.9,3.75
3261,444,2025,1,Couples,28,4.3,Australia,New Zealand,Auckland,Rio de Janeiro,Brazil,Beach,Rio de Janeiro Beach 28,"Main Road, Rio de Janeiro",Winter,4.25,3.7065217391304346
3262,628,2023,6,Friends,61,3.9,Australia,New Zealand,Queenstown,Sydney,Australia,Shopping,Sydney Shopping 61,"Main Road, Sydney",Summer,3.56,3.8000000000000003
3263,908,2022,1,Family,9,4.3,Asia,Japan,Tokyo,Nice,France,Adventure,Nice Adventure 9,"Main Road, Nice",Winter,3.9666666666666663,3.709803921568627
3264,419,2022,6,Business,78,5.0,Asia,Thailand,Bangkok,Santiago,Chile,Museum,Santiago Museum 78,"Main Road, Santiago",Summer,3.95,3.814814814814815
3265,524,2023,2,Family,88,3.9,Australia,Australia,Melbourne,Tokyo,Japan,Shopping,Tokyo Shopping 88,"Main Road, Tokyo",Winter,3.7,3.901818181818182
3266,848,2025,4,Solo,10,3.3,Europe,France,Paris,Toronto,Canada,Wildlife,Toronto Wildlife 10,"Main Road, Toronto",Spring,3.7714285714285714,3.8257575757575757
3267,207,2025,11,Friends,100,3.3,Africa,Kenya,Mombasa,Mombasa,Kenya,Wildlife,Mombasa Wildlife 100,"Main Road, Mombasa",Autumn,3.75,3.75
3268,823,2022,12,Couples,28,4.1,South America,Chile,Santiago,Rio de Janeiro,Brazil,Beach,Rio de Janeiro Beach 28,"Main Road, Rio de Janeiro",Winter,4.083333333333333,3.7065217391304346
3269,195,2022,10,Friends,48,4.8,Africa,Kenya,Nairobi,Nairobi,Kenya,Adventure,Nairobi Adventure 48,"Main Road, Nairobi",Autumn,3.2249999999999996,3.845833333333333
3270,16,2025,8,Couples,94,4.6,Australia,Australia,Melbourne,Melbourne,Australia,Temple,Melbourne Temple 94,"Main Road, Melbourne",Summer,3.9333333333333336,3.6732142857142853
3271,158,2024,1,Business,81,3.9,Europe,France,Nice,Luxor,Egypt,Park,Luxor Park 81,"Main Road, Luxor",Winter,3.8200000000000003,3.8309090909090906
3272,642,2023,7,Friends,89,3.8,Australia,Australia,Sydney,Sydney,Australia,Park,Sydney Park 89,"Main Road, Sydney",Summer,4.233333333333333,3.811764705882353
3273,993,2024,10,Business,17,4.4,Asia,India,Mumbai,Buenos Aires,Argentina,Wildlife,Buenos Aires Wildlife 17,"Main Road, Buenos Aires",Autumn,3.975,3.9155555555555552
3274,158,2023,8,Solo,34,3.6,Europe,France,Nice,Mombasa,Kenya,Temple,Mombasa Temple 34,"Main Road, Mombasa",Summer,3.8200000000000003,3.764
3275,568,2023,11,Business,91,3.3,North America,Canada,Vancouver,Singapore,Singapore,Historical Site,Singapore Historical Site 91,"Main Road, Singapore",Autumn,3.72,3.924137931034483
3276,359,2024,11,Family,47,3.9,Africa,South Africa,Cape Town,New York,USA,Historical Site,New York Historical Site 47,"Main Road, New York",Autumn,3.9799999999999995,3.9181818181818184
3277,947,2025,9,Family,84,3.3,North America,USA,Los Angeles,Singapore,Singapore,Temple,Singapore Temple 84,"Main Road, Singapore",Autumn,3.7125,3.7846153846153845
3278,140,2025,11,Friends,43,3.2,Asia,India,Goa,Cape Town,South Africa,Shopping,Cape Town Shopping 43,"Main Road, Cape Town",Autumn,3.1,3.772
3279,624,2025,2,Friends,69,4.6,Asia,Thailand,Pattaya,Johannesburg,South Africa,Shopping,Johannesburg Shopping 69,"Main Road, Johannesburg",Winter,4.325,3.818032786885246
3280,96,2024,6,Couples,42,3.4,South America,Argentina,Buenos Aires,Singapore,Singapore,Wildlife,Singapore Wildlife 42,"Main Road, Singapore",Summer,3.766666666666667,3.706382978723404
3281,660,2024,2,Couples,8,3.3,North America,USA,Los Angeles,Las Vegas,USA,Museum,Las Vegas Museum 8,"Main Road, Las Vegas",Winter,3.55,3.716279069767442
3282,431,2023,2,Friends,45,3.5,North America,USA,New York,Cairo,Egypt,Park,Cairo Park 45,"Main Road, Cairo",Winter,3.9714285714285715,3.852830188679245
3283,406,2022,3,Business,45,3.9,North America,Canada,Toronto,Cairo,Egypt,Park,Cairo Park 45,"Main Road, Cairo",Spring,3.6,3.852830188679245
3284,859,2024,10,Family,96,4.1,Australia,Australia,Melbourne,Cancun,Mexico,Adventure,Cancun Adventure 96,"Main Road, Cancun",Autumn,4.016666666666667,3.5860000000000003
3285,594,2025,11,Friends,5,3.1,Europe,Germany,Berlin,Santiago,Chile,Adventure,Santiago Adventure 5,"Main Road, Santiago",Autumn,3.6999999999999997,3.691111111111111
3286,631,2025,1,Family,98,4.1,Asia,India,Mumbai,Mombasa,Kenya,Adventure,Mombasa Adventure 98,"Main Road, Mombasa",Winter,3.96,4.017543859649122
3287,236,2024,10,Couples,8,2.7,North America,USA,Los Angeles,Las Vegas,USA,Museum,Las Vegas Museum 8,"Main Road, Las Vegas",Autumn,3.533333333333333,3.716279069767442
3288,292,2024,7,Couples,86,4.5,South America,Argentina,Buenos Aires,Cape Town,South Africa,Historical Site,Cape Town Historical Site 86,"Main Road, Cape Town",Summer,3.457142857142857,3.6799999999999997
3289,636,2023,10,Couples,73,3.8,Africa,South Africa,Johannesburg,Queenstown,New Zealand,Shopping,Queenstown Shopping 73,"Main Road, Queenstown",Autumn,4.4,3.7816666666666667
3290,455,2025,2,Solo,22,4.5,Australia,New Zealand,Auckland,Melbourne,Australia,Adventure,Melbourne Adventure 22,"Main Road, Melbourne",Winter,3.9166666666666665,3.8629629629629627
3291,490,2022,3,Family,89,4.1,Australia,New Zealand,Auckland,Sydney,Australia,Park,Sydney Park 89,"Main Road, Sydney",Spring,3.957142857142857,3.811764705882353
3292,573,2024,10,Business,85,4.6,Australia,Australia,Sydney,Rome,Italy,Historical Site,Rome Historical Site 85,"Main Road, Rome",Autumn,4.1499999999999995,3.8607843137254902
3293,597,2025,12,Solo,50,2.9,Australia,Australia,Sydney,Cancun,Mexico,Historical Site,Cancun Historical Site 50,"Main Road, Cancun",Winter,3.6875,3.5078947368421054
3294,39,2024,11,Family,78,3.7,South America,Brazil,Rio de Janeiro,Santiago,Chile,Museum,Santiago Museum 78,"Main Road, Santiago",Autumn,3.85,3.814814814814815
3295,388,2024,3,Friends,15,4.2,North America,Canada,Toronto,Jaipur,India,Historical Site,Jaipur Historical Site 15,"Main Road, Jaipur",Spring,4.15,3.8632653061224493
3296,24,2023,12,Friends,92,4.4,South America,Chile,Santiago,Queenstown,New Zealand,Museum,Queenstown Museum 92,"Main Road, Queenstown",Winter,3.96,4.0339285714285715
3297,339,2022,3,Friends,51,4.1,Europe,Spain,Madrid,Mexico City,Mexico,Temple,Mexico City Temple 51,"Main Road, Mexico City",Spring,3.1999999999999997,3.861290322580645
3298,571,2022,7,Couples,91,3.9,South America,Chile,Santiago,Singapore,Singapore,Historical Site,Singapore Historical Site 91,"Main Road, Singapore",Summer,4.0181818181818185,3.924137931034483
3299,651,2025,10,Couples,78,3.5,Asia,India,Jaipur,Santiago,Chile,Museum,Santiago Museum 78,"Main Road, Santiago",Autumn,4.075,3.814814814814815
3300,592,2022,12,Couples,78,3.4,North America,Canada,Toronto,Santiago,Chile,Museum,Santiago Museum 78,"Main Road, Santiago",Winter,3.5199999999999996,3.814814814814815
3301,358,2022,2,Family,7,4.2,Asia,Japan,Kyoto,Santiago,Chile,Park,Santiago Park 7,"Main Road, Santiago",Winter,3.966666666666667,3.6767857142857143
3302,948,2022,12,Friends,21,3.6,Europe,Spain,Barcelona,Luxor,Egypt,Temple,Luxor Temple 21,"Main Road, Luxor",Winter,3.8666666666666667,3.8267857142857147
3303,592,2023,7,Couples,56,4.0,North America,Canada,Toronto,Madrid,Spain,Historical Site,Madrid Historical Site 56,"Main Road, Madrid",Summer,3.5199999999999996,3.892156862745098
3304,299,2023,1,Family,50,2.8,North America,USA,Los Angeles,Cancun,Mexico,Historical Site,Cancun Historical Site 50,"Main Road, Cancun",Winter,3.5799999999999996,3.5078947368421054
3305,423,2025,4,Family,12,4.2,Australia,Australia,Sydney,New York,USA,Historical Site,New York Historical Site 12,"Main Road, New York",Spring,4.16,3.8160714285714286
3306,308,2022,3,Business,75,3.7,Europe,Spain,Madrid,Vancouver,Canada,Park,Vancouver Park 75,"Main Road, Vancouver",Spring,4.057142857142857,3.861818181818182
3307,391,2024,10,Friends,4,4.7,North America,Mexico,Cancun,Buenos Aires,Argentina,Temple,Buenos Aires Temple 4,"Main Road, Buenos Aires",Autumn,4.25,3.96
3308,119,2024,6,Friends,100,3.3,South America,Chile,Santiago,Mombasa,Kenya,Wildlife,Mombasa Wildlife 100,"Main Road, Mombasa",Summer,3.0125,3.75
3309,493,2025,4,Couples,98,4.0,Africa,South Africa,Cape Town,Mombasa,Kenya,Adventure,Mombasa Adventure 98,"Main Road, Mombasa",Spring,3.966666666666667,4.017543859649122
3310,181,2022,5,Couples,100,3.2,North America,Mexico,Mexico City,Mombasa,Kenya,Wildlife,Mombasa Wildlife 100,"Main Road, Mombasa",Spring,3.966666666666667,3.75
3311,552,2025,9,Friends,7,4.0,Australia,New Zealand,Auckland,Santiago,Chile,Park,Santiago Park 7,"Main Road, Santiago",Autumn,3.9799999999999995,3.6767857142857143
3312,390,2022,10,Family,75,2.7,Europe,Germany,Munich,Vancouver,Canada,Park,Vancouver Park 75,"Main Road, Vancouver",Autumn,3.6166666666666667,3.861818181818182
3313,69,2023,11,Friends,71,4.3,South America,Argentina,Buenos Aires,Rio de Janeiro,Brazil,Museum,Rio de Janeiro Museum 71,"Main Road, Rio de Janeiro",Autumn,3.9,3.9066666666666667
3314,621,2022,6,Couples,97,3.1,Asia,Singapore,Singapore,Los Angeles,USA,Historical Site,Los Angeles Historical Site 97,"Main Road, Los Angeles",Summer,3.88,3.661904761904762
3315,248,2025,12,Business,41,3.2,North America,USA,New York,Vancouver,Canada,Beach,Vancouver Beach 41,"Main Road, Vancouver",Winter,3.6333333333333333,3.7526315789473683
3316,737,2022,10,Friends,13,3.8,Australia,New Zealand,Auckland,Auckland,New Zealand,Wildlife,Auckland Wildlife 13,"Main Road, Auckland",Autumn,3.8200000000000003,3.8711864406779664
3317,126,2025,12,Friends,61,4.0,Europe,Italy,Venice,Sydney,Australia,Shopping,Sydney Shopping 61,"Main Road, Sydney",Winter,3.966666666666667,3.8000000000000003
3318,11,2022,6,Solo,25,4.7,Australia,Australia,Melbourne,Cairo,Egypt,Temple,Cairo Temple 25,"Main Road, Cairo",Summer,3.4375,3.595555555555556
3319,34,2024,1,Friends,84,4.2,Europe,Italy,Venice,Singapore,Singapore,Temple,Singapore Temple 84,"Main Road, Singapore",Winter,4.1,3.7846153846153845
3320,844,2025,3,Friends,5,4.3,South America,Argentina,Buenos Aires,Santiago,Chile,Adventure,Santiago Adventure 5,"Main Road, Santiago",Spring,3.3600000000000003,3.691111111111111
3321,444,2025,9,Solo,65,4.8,Australia,New Zealand,Auckland,Vancouver,Canada,Museum,Vancouver Museum 65,"Main Road, Vancouver",Autumn,4.25,3.9294117647058826
3322,340,2025,9,Business,93,4.3,Africa,Egypt,Luxor,Auckland,New Zealand,Adventure,Auckland Adventure 93,"Main Road, Auckland",Autumn,4.014285714285714,3.7888888888888888
3323,881,2022,9,Business,28,3.9,Europe,Spain,Madrid,Rio de Janeiro,Brazil,Beach,Rio de Janeiro Beach 28,"Main Road, Rio de Janeiro",Autumn,3.966666666666667,3.7065217391304346
3324,785,2023,9,Solo,82,3.8,North America,USA,New York,Sydney,Australia,Temple,Sydney Temple 82,"Main Road, Sydney",Autumn,4.022222222222222,3.7333333333333334
3325,690,2022,3,Couples,73,4.1,Europe,Germany,Munich,Queenstown,New Zealand,Shopping,Queenstown Shopping 73,"Main Road, Queenstown",Spring,4.199999999999999,3.7816666666666667
3326,368,2024,12,Family,52,4.5,South America,Chile,Santiago,Mombasa,Kenya,Shopping,Mombasa Shopping 52,"Main Road, Mombasa",Winter,4.5200000000000005,3.9035087719298245
3327,240,2025,2,Friends,51,4.3,Asia,Singapore,Singapore,Mexico City,Mexico,Temple,Mexico City Temple 51,"Main Road, Mexico City",Winter,3.9749999999999996,3.861290322580645
3328,875,2025,11,Friends,82,4.7,Asia,Singapore,Singapore,Sydney,Australia,Temple,Sydney Temple 82,"Main Road, Sydney",Autumn,3.9285714285714284,3.7333333333333334
3329,340,2023,10,Family,61,3.2,Africa,Egypt,Luxor,Sydney,Australia,Shopping,Sydney Shopping 61,"Main Road, Sydney",Autumn,4.014285714285714,3.8000000000000003
3330,765,2023,4,Friends,29,3.3,Australia,Australia,Sydney,Santiago,Chile,Wildlife,Santiago Wildlife 29,"Main Road, Santiago",Spring,3.6999999999999997,3.7943396226415094
3331,280,2024,12,Couples,34,4.3,Africa,Egypt,Cairo,Mombasa,Kenya,Temple,Mombasa Temple 34,"Main Road, Mombasa",Winter,3.5,3.764
3332,80,2022,8,Business,63,2.5,North America,Canada,Vancouver,Madrid,Spain,Shopping,Madrid Shopping 63,"Main Road, Madrid",Summer,3.6285714285714286,3.8245283018867924
3333,871,2025,6,Business,97,3.7,Asia,Thailand,Pattaya,Los Angeles,USA,Historical Site,Los Angeles Historical Site 97,"Main Road, Los Angeles",Summer,3.528571428571429,3.661904761904762
3334,246,2023,3,Business,27,3.7,Africa,Egypt,Cairo,Nairobi,Kenya,Temple,Nairobi Temple 27,"Main Road, Nairobi",Spring,3.5799999999999996,3.6843137254901963
3335,316,2025,12,Friends,70,3.2,Africa,Egypt,Cairo,Sydney,Australia,Beach,Sydney Beach 70,"Main Road, Sydney",Winter,4.016666666666667,3.7588235294117647
3336,358,2023,3,Family,30,4.3,Asia,Japan,Kyoto,Cape Town,South Africa,Museum,Cape Town Museum 30,"Main Road, Cape Town",Spring,3.966666666666667,3.811111111111111
3337,659,2025,7,Couples,2,3.6,North America,USA,New York,Sao Paulo,Brazil,Historical Site,Sao Paulo Historical Site 2,"Main Road, Sao Paulo",Summer,3.75,3.727272727272727
3338,652,2024,1,Family,78,3.7,Europe,Spain,Barcelona,Santiago,Chile,Museum,Santiago Museum 78,"Main Road, Santiago",Winter,3.2,3.814814814814815
3339,852,2024,2,Solo,10,3.4,Europe,Spain,Barcelona,Toronto,Canada,Wildlife,Toronto Wildlife 10,"Main Road, Toronto",Winter,3.966666666666667,3.8257575757575757
3340,155,2022,11,Business,10,4.3,Australia,New Zealand,Queenstown,Toronto,Canada,Wildlife,Toronto Wildlife 10,"Main Road, Toronto",Autumn,3.6875,3.8257575757575757
3341,646,2022,2,Family,6,4.6,Europe,Spain,Barcelona,Johannesburg,South Africa,Museum,Johannesburg Museum 6,"Main Road, Johannesburg",Winter,4.433333333333334,3.8461538461538463
3342,640,2024,10,Friends,2,3.3,Asia,Thailand,Pattaya,Sao Paulo,Brazil,Historical Site,Sao Paulo Historical Site 2,"Main Road, Sao Paulo",Autumn,3.9666666666666663,3.727272727272727
3343,791,2024,6,Solo,54,3.1,South America,Argentina,Buenos Aires,Rio de Janeiro,Brazil,Shopping,Rio de Janeiro Shopping 54,"Main Road, Rio de Janeiro",Summer,3.542857142857143,3.7326086956521736
3344,946,2024,3,Family,49,3.4,South America,Brazil,Sao Paulo,Santiago,Chile,Historical Site,Santiago Historical Site 49,"Main Road, Santiago",Spring,3.233333333333333,3.8877551020408165
3345,149,2024,5,Business,36,3.2,South America,Brazil,Sao Paulo,Singapore,Singapore,Beach,Singapore Beach 36,"Main Road, Singapore",Spring,3.675,3.7410714285714284
3346,634,2023,9,Friends,52,3.7,South America,Chile,Santiago,Mombasa,Kenya,Shopping,Mombasa Shopping 52,"Main Road, Mombasa",Autumn,3.7,3.9035087719298245
3347,882,2025,2,Family,77,3.2,Australia,New Zealand,Queenstown,Rome,Italy,Temple,Rome Temple 77,"Main Road, Rome",Winter,2.975,3.836734693877551
3348,679,2023,5,Family,1,3.6,North America,Canada,Vancouver,Berlin,Germany,Wildlife,Berlin Wildlife 1,"Main Road, Berlin",Spring,3.6833333333333336,3.782051282051282
3349,132,2023,1,Friends,96,4.0,South America,Chile,Santiago,Cancun,Mexico,Adventure,Cancun Adventure 96,"Main Road, Cancun",Winter,3.9499999999999997,3.5860000000000003
3350,519,2024,3,Business,51,3.1,Africa,Kenya,Nairobi,Mexico City,Mexico,Temple,Mexico City Temple 51,"Main Road, Mexico City",Spring,3.4599999999999995,3.861290322580645
3351,543,2023,10,Couples,100,3.2,Asia,Japan,Tokyo,Mombasa,Kenya,Wildlife,Mombasa Wildlife 100,"Main Road, Mombasa",Autumn,3.725,3.75
3352,678,2023,8,Solo,30,3.2,Africa,Kenya,Mombasa,Cape Town,South Africa,Museum,Cape Town Museum 30,"Main Road, Cape Town",Summer,3.35,3.811111111111111
3353,483,2024,2,Business,62,5.0,South America,Brazil,Rio de Janeiro,Buenos Aires,Argentina,Park,Buenos Aires Park 62,"Main Road, Buenos Aires",Winter,3.9666666666666663,3.8065217391304347
3354,107,2024,1,Friends,17,4.7,North America,USA,New York,Buenos Aires,Argentina,Wildlife,Buenos Aires Wildlife 17,"Main Road, Buenos Aires",Winter,3.314285714285714,3.9155555555555552
3355,499,2024,6,Family,13,3.8,Africa,Egypt,Cairo,Auckland,New Zealand,Wildlife,Auckland Wildlife 13,"Main Road, Auckland",Summer,3.585714285714286,3.8711864406779664
3356,441,2024,10,Friends,30,3.2,Asia,Thailand,Pattaya,Cape Town,South Africa,Museum,Cape Town Museum 30,"Main Road, Cape Town",Autumn,3.6714285714285713,3.811111111111111
3357,94,2024,5,Family,83,3.6,North America,Mexico,Cancun,Melbourne,Australia,Wildlife,Melbourne Wildlife 83,"Main Road, Melbourne",Spring,3.6166666666666667,3.851282051282051
3358,214,2023,7,Family,38,4.1,Africa,South Africa,Cape Town,Luxor,Egypt,Museum,Luxor Museum 38,"Main Road, Luxor",Summer,3.783333333333333,3.784313725490196
3359,224,2022,3,Couples,43,2.8,Asia,Thailand,Phuket,Cape Town,South Africa,Shopping,Cape Town Shopping 43,"Main Road, Cape Town",Spring,3.38,3.772
3360,447,2024,4,Family,65,4.9,Africa,Egypt,Luxor,Vancouver,Canada,Museum,Vancouver Museum 65,"Main Road, Vancouver",Spring,4.1875,3.9294117647058826
3361,778,2023,7,Friends,75,3.4,North America,Mexico,Mexico City,Vancouver,Canada,Park,Vancouver Park 75,"Main Road, Vancouver",Summer,3.95,3.861818181818182
3362,534,2025,8,Solo,91,3.9,South America,Brazil,Rio de Janeiro,Singapore,Singapore,Historical Site,Singapore Historical Site 91,"Main Road, Singapore",Summer,4.066666666666666,3.924137931034483
3363,367,2023,2,Couples,33,4.1,Australia,New Zealand,Queenstown,New York,USA,Historical Site,New York Historical Site 33,"Main Road, New York",Winter,3.6624999999999996,3.8160000000000003
3364,527,2022,9,Couples,7,2.0,Europe,Spain,Barcelona,Santiago,Chile,Park,Santiago Park 7,"Main Road, Santiago",Autumn,4.040000000000001,3.6767857142857143
3365,361,2025,9,Couples,6,3.4,Asia,Japan,Osaka,Johannesburg,South Africa,Museum,Johannesburg Museum 6,"Main Road, Johannesburg",Autumn,3.466666666666667,3.8461538461538463
3366,566,2025,11,Family,27,4.5,Africa,Egypt,Cairo,Nairobi,Kenya,Temple,Nairobi Temple 27,"Main Road, Nairobi",Autumn,3.766666666666667,3.6843137254901963
3367,872,2025,2,Family,94,3.7,Africa,South Africa,Cape Town,Melbourne,Australia,Temple,Melbourne Temple 94,"Main Road, Melbourne",Winter,3.3,3.6732142857142853
3368,308,2025,5,Solo,69,2.7,Europe,Spain,Madrid,Johannesburg,South Africa,Shopping,Johannesburg Shopping 69,"Main Road, Johannesburg",Spring,4.057142857142857,3.818032786885246
3369,352,2022,1,Family,42,3.3,North America,Mexico,Cancun,Singapore,Singapore,Wildlife,Singapore Wildlife 42,"Main Road, Singapore",Winter,3.8,3.706382978723404
3370,428,2023,11,Couples,92,3.9,South America,Chile,Santiago,Queenstown,New Zealand,Museum,Queenstown Museum 92,"Main Road, Queenstown",Autumn,3.6999999999999997,4.0339285714285715
3371,128,2024,6,Couples,74,5.0,South America,Brazil,Sao Paulo,Sydney,Australia,Historical Site,Sydney Historical Site 74,"Main Road, Sydney",Summer,4.2124999999999995,4.0487179487179485
3372,556,2024,2,Family,76,4.9,Africa,South Africa,Cape Town,Tokyo,Japan,Temple,Tokyo Temple 76,"Main Road, Tokyo",Winter,4.433333333333333,3.817777777777778
3373,62,2022,2,Family,87,3.6,Africa,Kenya,Nairobi,Vancouver,Canada,Park,Vancouver Park 87,"Main Road, Vancouver",Winter,4.014285714285714,3.881818181818182
3374,650,2024,11,Family,61,4.4,South America,Argentina,Buenos Aires,Sydney,Australia,Shopping,Sydney Shopping 61,"Main Road, Sydney",Autumn,3.8200000000000003,3.8000000000000003
3375,447,2025,8,Solo,98,3.6,Africa,Egypt,Luxor,Mombasa,Kenya,Adventure,Mombasa Adventure 98,"Main Road, Mombasa",Summer,4.1875,4.017543859649122
3376,971,2023,12,Family,88,5.0,Africa,Kenya,Mombasa,Tokyo,Japan,Shopping,Tokyo Shopping 88,"Main Road, Tokyo",Winter,3.8833333333333333,3.901818181818182
3377,144,2025,12,Couples,16,3.3,Africa,Kenya,Nairobi,Sao Paulo,Brazil,Historical Site,Sao Paulo Historical Site 16,"Main Road, Sao Paulo",Winter,3.1714285714285713,3.932758620689655
3378,307,2024,9,Family,89,4.2,Asia,Thailand,Bangkok,Sydney,Australia,Park,Sydney Park 89,"Main Road, Sydney",Autumn,3.75,3.811764705882353
3379,678,2024,1,Friends,69,2.6,Africa,Kenya,Mombasa,Johannesburg,South Africa,Shopping,Johannesburg Shopping 69,"Main Road, Johannesburg",Winter,3.35,3.818032786885246
3380,564,2024,1,Family,9,4.7,North America,USA,Las Vegas,Nice,France,Adventure,Nice Adventure 9,"Main Road, Nice",Winter,4.066666666666666,3.709803921568627
3381,10,2024,4,Family,46,2.6,South America,Argentina,Buenos Aires,Jaipur,India,Shopping,Jaipur Shopping 46,"Main Road, Jaipur",Spring,3.78,3.7113636363636364
3382,13,2023,5,Couples,6,2.2,North America,Mexico,Mexico City,Johannesburg,South Africa,Museum,Johannesburg Museum 6,"Main Road, Johannesburg",Spring,4.033333333333333,3.8461538461538463
3383,928,2022,5,Family,11,3.8,Africa,South Africa,Cape Town,Pattaya,Thailand,Beach,Pattaya Beach 11,"Main Road, Pattaya",Spring,3.6333333333333337,3.7121951219512193
3384,810,2024,3,Solo,81,3.8,Australia,New Zealand,Auckland,Luxor,Egypt,Park,Luxor Park 81,"Main Road, Luxor",Spring,4.0,3.8309090909090906
3385,962,2022,4,Friends,93,3.3,Australia,Australia,Sydney,Auckland,New Zealand,Adventure,Auckland Adventure 93,"Main Road, Auckland",Spring,3.4875,3.7888888888888888
3386,257,2023,4,Friends,59,3.4,Australia,Australia,Melbourne,Melbourne,Australia,Museum,Melbourne Museum 59,"Main Road, Melbourne",Spring,3.925,3.853061224489796
3387,366,2023,1,Couples,18,4.2,South America,Chile,Santiago,Madrid,Spain,Historical Site,Madrid Historical Site 18,"Main Road, Madrid",Winter,3.94,3.7285714285714286
3388,528,2025,7,Friends,28,3.8,Asia,Thailand,Bangkok,Rio de Janeiro,Brazil,Beach,Rio de Janeiro Beach 28,"Main Road, Rio de Janeiro",Summer,3.7399999999999998,3.7065217391304346
3389,454,2023,2,Couples,89,4.2,North America,Canada,Toronto,Sydney,Australia,Park,Sydney Park 89,"Main Road, Sydney",Winter,3.975,3.811764705882353
3390,642,2025,1,Couples,7,4.7,Australia,Australia,Sydney,Santiago,Chile,Park,Santiago Park 7,"Main Road, Santiago",Winter,4.233333333333333,3.6767857142857143
3391,265,2023,2,Solo,27,3.5,South America,Argentina,Buenos Aires,Nairobi,Kenya,Temple,Nairobi Temple 27,"Main Road, Nairobi",Winter,3.6799999999999997,3.6843137254901963
3392,342,2023,1,Family,49,4.8,Europe,France,Nice,Santiago,Chile,Historical Site,Santiago Historical Site 49,"Main Road, Santiago",Winter,3.8000000000000003,3.8877551020408165
3393,88,2023,12,Friends,20,4.3,Europe,Italy,Venice,Vancouver,Canada,Wildlife,Vancouver Wildlife 20,"Main Road, Vancouver",Winter,3.575,3.775
3394,63,2022,3,Solo,89,4.3,Africa,South Africa,Cape Town,Sydney,Australia,Park,Sydney Park 89,"Main Road, Sydney",Spring,4.14,3.811764705882353
3395,844,2025,12,Family,26,2.8,South America,Argentina,Buenos Aires,Rome,Italy,Temple,Rome Temple 26,"Main Road, Rome",Winter,3.3600000000000003,3.829310344827586
3396,119,2025,6,Couples,41,2.7,South America,Chile,Santiago,Vancouver,Canada,Beach,Vancouver Beach 41,"Main Road, Vancouver",Summer,3.0125,3.7526315789473683
3397,437,2025,12,Solo,55,3.4,Europe,France,Nice,Mumbai,India,Wildlife,Mumbai Wildlife 55,"Main Road, Mumbai",Winter,3.45,3.6921568627450982
3398,115,2022,7,Family,72,3.2,Africa,South Africa,Cape Town,Luxor,Egypt,Temple,Luxor Temple 72,"Main Road, Luxor",Summer,3.8000000000000003,3.696296296296296
3399,386,2022,12,Business,9,4.0,Australia,New Zealand,Auckland,Nice,France,Adventure,Nice Adventure 9,"Main Road, Nice",Winter,3.233333333333333,3.709803921568627
3400,913,2023,11,Business,63,4.9,North America,USA,Las Vegas,Madrid,Spain,Shopping,Madrid Shopping 63,"Main Road, Madrid",Autumn,4.82,3.8245283018867924
3401,916,2025,3,Friends,70,3.8,Europe,France,Paris,Sydney,Australia,Beach,Sydney Beach 70,"Main Road, Sydney",Spring,3.95,3.7588235294117647
3402,721,2025,9,Family,18,4.2,Australia,Australia,Sydney,Madrid,Spain,Historical Site,Madrid Historical Site 18,"Main Road, Madrid",Autumn,3.6500000000000004,3.7285714285714286
3403,944,2025,4,Family,82,3.3,South America,Brazil,Rio de Janeiro,Sydney,Australia,Temple,Sydney Temple 82,"Main Road, Sydney",Spring,3.716666666666667,3.7333333333333334
3404,823,2025,1,Family,61,3.7,South America,Chile,Santiago,Sydney,Australia,Shopping,Sydney Shopping 61,"Main Road, Sydney",Winter,4.083333333333333,3.8000000000000003
3405,186,2023,1,Solo,72,3.4,Europe,France,Nice,Luxor,Egypt,Temple,Luxor Temple 72,"Main Road, Luxor",Winter,4.45,3.696296296296296
3406,110,2025,3,Couples,74,3.7,South America,Argentina,Buenos Aires,Sydney,Australia,Historical Site,Sydney Historical Site 74,"Main Road, Sydney",Spring,3.7624999999999997,4.0487179487179485
3407,73,2025,4,Friends,84,4.1,Asia,India,Delhi,Singapore,Singapore,Temple,Singapore Temple 84,"Main Road, Singapore",Spring,3.585714285714286,3.7846153846153845
3408,751,2023,6,Friends,19,3.7,Australia,New Zealand,Queenstown,Auckland,New Zealand,Park,Auckland Park 19,"Main Road, Auckland",Summer,4.1375,3.689583333333333
3409,394,2025,11,Couples,46,3.8,Africa,Kenya,Mombasa,Jaipur,India,Shopping,Jaipur Shopping 46,"Main Road, Jaipur",Autumn,4.457142857142857,3.7113636363636364
3410,437,2025,5,Friends,78,3.7,Europe,France,Nice,Santiago,Chile,Museum,Santiago Museum 78,"Main Road, Santiago",Spring,3.45,3.814814814814815
3411,515,2024,4,Family,65,3.1,South America,Brazil,Rio de Janeiro,Vancouver,Canada,Museum,Vancouver Museum 65,"Main Road, Vancouver",Spring,3.8444444444444446,3.9294117647058826
3412,545,2022,8,Couples,9,2.5,Asia,Japan,Kyoto,Nice,France,Adventure,Nice Adventure 9,"Main Road, Nice",Summer,3.25,3.709803921568627
3413,210,2025,7,Business,16,4.1,Africa,Egypt,Luxor,Sao Paulo,Brazil,Historical Site,Sao Paulo Historical Site 16,"Main Road, Sao Paulo",Summer,3.6624999999999996,3.932758620689655
3414,535,2023,1,Couples,3,4.7,Australia,New Zealand,Queenstown,Rio de Janeiro,Brazil,Adventure,Rio de Janeiro Adventure 3,"Main Road, Rio de Janeiro",Winter,3.96,3.791111111111111
3415,826,2023,9,Family,96,3.8,Asia,Thailand,Bangkok,Cancun,Mexico,Adventure,Cancun Adventure 96,"Main Road, Cancun",Autumn,4.0,3.5860000000000003
3416,556,2025,9,Business,12,5.0,Africa,South Africa,Cape Town,New York,USA,Historical Site,New York Historical Site 12,"Main Road, New York",Autumn,4.433333333333333,3.8160714285714286
3417,216,2025,5,Family,29,4.1,Asia,Singapore,Singapore,Santiago,Chile,Wildlife,Santiago Wildlife 29,"Main Road, Santiago",Spring,3.5428571428571423,3.7943396226415094
3418,773,2024,1,Business,13,3.9,South America,Argentina,Buenos Aires,Auckland,New Zealand,Wildlife,Auckland Wildlife 13,"Main Road, Auckland",Winter,3.28,3.8711864406779664
3419,270,2023,2,Family,46,3.5,North America,USA,New York,Jaipur,India,Shopping,Jaipur Shopping 46,"Main Road, Jaipur",Winter,3.6384615384615384,3.7113636363636364
3420,842,2022,11,Solo,79,4.1,Africa,Egypt,Cairo,Mexico City,Mexico,Historical Site,Mexico City Historical Site 79,"Main Road, Mexico City",Autumn,3.8428571428571425,3.861224489795918
3421,469,2023,9,Family,95,3.3,South America,Chile,Santiago,Singapore,Singapore,Park,Singapore Park 95,"Main Road, Singapore",Autumn,3.9,3.819607843137255
3422,241,2025,4,Solo,62,2.2,South America,Brazil,Rio de Janeiro,Buenos Aires,Argentina,Park,Buenos Aires Park 62,"Main Road, Buenos Aires",Spring,3.533333333333333,3.8065217391304347
3423,471,2022,3,Solo,79,4.0,Africa,South Africa,Johannesburg,Mexico City,Mexico,Historical Site,Mexico City Historical Site 79,"Main Road, Mexico City",Spring,3.94,3.861224489795918
3424,365,2023,11,Business,96,2.2,Asia,Thailand,Bangkok,Cancun,Mexico,Adventure,Cancun Adventure 96,"Main Road, Cancun",Autumn,3.5666666666666664,3.5860000000000003
3425,934,2025,1,Business,26,3.4,Africa,Kenya,Nairobi,Rome,Italy,Temple,Rome Temple 26,"Main Road, Rome",Winter,3.4714285714285715,3.829310344827586
3426,997,2025,2,Family,71,3.0,South America,Chile,Santiago,Rio de Janeiro,Brazil,Museum,Rio de Janeiro Museum 71,"Main Road, Rio de Janeiro",Winter,3.2600000000000002,3.9066666666666667
3427,66,2023,5,Couples,77,3.1,South America,Argentina,Buenos Aires,Rome,Italy,Temple,Rome Temple 77,"Main Road, Rome",Spring,3.8375,3.836734693877551
3428,824,2025,1,Friends,51,3.5,South America,Brazil,Rio de Janeiro,Mexico City,Mexico,Temple,Mexico City Temple 51,"Main Road, Mexico City",Winter,4.1,3.861290322580645
3429,5,2025,3,Friends,14,5.0,Africa,South Africa,Johannesburg,Sao Paulo,Brazil,Historical Site,Sao Paulo Historical Site 14,"Main Road, Sao Paulo",Spring,3.7,3.788235294117647
3430,969,2024,9,Friends,3,4.5,South America,Argentina,Buenos Aires,Rio de Janeiro,Brazil,Adventure,Rio de Janeiro Adventure 3,"Main Road, Rio de Janeiro",Autumn,4.033333333333333,3.791111111111111
3431,595,2025,9,Family,24,3.7,Asia,Thailand,Phuket,Nairobi,Kenya,Museum,Nairobi Museum 24,"Main Road, Nairobi",Autumn,3.7285714285714286,3.8804878048780487
3432,652,2023,10,Business,18,3.1,Europe,Spain,Barcelona,Madrid,Spain,Historical Site,Madrid Historical Site 18,"Main Road, Madrid",Autumn,3.2,3.7285714285714286
3433,152,2023,8,Couples,1,3.9,North America,Canada,Toronto,Berlin,Germany,Wildlife,Berlin Wildlife 1,"Main Road, Berlin",Summer,4.266666666666667,3.782051282051282
3434,143,2022,6,Friends,62,3.9,South America,Argentina,Buenos Aires,Buenos Aires,Argentina,Park,Buenos Aires Park 62,"Main Road, Buenos Aires",Summer,4.34,3.8065217391304347
3435,624,2024,9,Family,7,4.4,Asia,Thailand,Pattaya,Santiago,Chile,Park,Santiago Park 7,"Main Road, Santiago",Autumn,4.325,3.6767857142857143
3436,397,2022,5,Friends,90,3.3,Australia,Australia,Melbourne,Nice,France,Temple,Nice Temple 90,"Main Road, Nice",Spring,3.55,3.7215686274509805
3437,388,2023,4,Business,92,4.1,North America,Canada,Toronto,Queenstown,New Zealand,Museum,Queenstown Museum 92,"Main Road, Queenstown",Spring,4.15,4.0339285714285715
3438,951,2022,8,Business,35,4.2,Europe,Spain,Barcelona,Paris,France,Beach,Paris Beach 35,"Main Road, Paris",Summer,3.6166666666666667,3.728
3439,18,2022,12,Friends,58,4.0,Africa,South Africa,Cape Town,Mumbai,India,Wildlife,Mumbai Wildlife 58,"Main Road, Mumbai",Winter,4.066666666666666,3.7518518518518515
3440,11,2024,11,Couples,13,3.8,Australia,Australia,Melbourne,Auckland,New Zealand,Wildlife,Auckland Wildlife 13,"Main Road, Auckland",Autumn,3.4375,3.8711864406779664
3441,835,2022,10,Friends,89,3.0,Australia,Australia,Sydney,Sydney,Australia,Park,Sydney Park 89,"Main Road, Sydney",Autumn,3.716666666666667,3.811764705882353
3442,974,2023,4,Business,91,2.5,Africa,Kenya,Nairobi,Singapore,Singapore,Historical Site,Singapore Historical Site 91,"Main Road, Singapore",Spring,3.9000000000000004,3.924137931034483
3443,384,2023,6,Solo,77,3.8,Africa,Kenya,Nairobi,Rome,Italy,Temple,Rome Temple 77,"Main Road, Rome",Summer,3.875,3.836734693877551
3444,624,2025,12,Family,25,4.0,Asia,Thailand,Pattaya,Cairo,Egypt,Temple,Cairo Temple 25,"Main Road, Cairo",Winter,4.325,3.595555555555556
3445,84,2022,6,Family,58,3.9,Australia,Australia,Melbourne,Mumbai,India,Wildlife,Mumbai Wildlife 58,"Main Road, Mumbai",Summer,3.866666666666667,3.7518518518518515
3446,656,2024,12,Business,18,2.3,Asia,India,Goa,Madrid,Spain,Historical Site,Madrid Historical Site 18,"Main Road, Madrid",Winter,3.44,3.7285714285714286
3447,138,2023,2,Couples,76,3.0,Africa,Kenya,Nairobi,Tokyo,Japan,Temple,Tokyo Temple 76,"Main Road, Tokyo",Winter,4.0,3.817777777777778
3448,462,2022,2,Business,45,4.0,North America,USA,Las Vegas,Cairo,Egypt,Park,Cairo Park 45,"Main Road, Cairo",Winter,3.35,3.852830188679245
3449,865,2025,12,Business,83,4.5,Africa,Egypt,Cairo,Melbourne,Australia,Wildlife,Melbourne Wildlife 83,"Main Road, Melbourne",Winter,3.9785714285714286,3.851282051282051
3450,230,2022,1,Family,18,3.1,North America,USA,Las Vegas,Madrid,Spain,Historical Site,Madrid Historical Site 18,"Main Road, Madrid",Winter,3.8666666666666667,3.7285714285714286
3451,281,2023,6,Family,14,3.6,Africa,Kenya,Nairobi,Sao Paulo,Brazil,Historical Site,Sao Paulo Historical Site 14,"Main Road, Sao Paulo",Summer,3.411111111111111,3.788235294117647
3452,665,2022,4,Solo,96,4.0,Australia,New Zealand,Auckland,Cancun,Mexico,Adventure,Cancun Adventure 96,"Main Road, Cancun",Spring,3.9,3.5860000000000003
3453,203,2022,4,Friends,77,4.7,Europe,Germany,Berlin,Rome,Italy,Temple,Rome Temple 77,"Main Road, Rome",Spring,4.383333333333334,3.836734693877551
3454,757,2025,12,Family,65,3.9,Europe,Italy,Milan,Vancouver,Canada,Museum,Vancouver Museum 65,"Main Road, Vancouver",Winter,4.06,3.9294117647058826
3455,635,2023,6,Family,3,3.8,Europe,France,Paris,Rio de Janeiro,Brazil,Adventure,Rio de Janeiro Adventure 3,"Main Road, Rio de Janeiro",Summer,3.75,3.791111111111111
3456,557,2023,2,Solo,69,4.2,Australia,Australia,Melbourne,Johannesburg,South Africa,Shopping,Johannesburg Shopping 69,"Main Road, Johannesburg",Winter,3.766666666666667,3.818032786885246
3457,308,2025,7,Family,64,3.7,Europe,Spain,Madrid,Madrid,Spain,Beach,Madrid Beach 64,"Main Road, Madrid",Summer,4.057142857142857,3.8058823529411763
3458,336,2023,6,Business,89,3.7,Europe,Germany,Berlin,Sydney,Australia,Park,Sydney Park 89,"Main Road, Sydney",Summer,3.7000000000000006,3.811764705882353
3459,154,2024,6,Friends,96,4.4,Europe,Spain,Barcelona,Cancun,Mexico,Adventure,Cancun Adventure 96,"Main Road, Cancun",Summer,3.522222222222222,3.5860000000000003
3460,12,2022,4,Couples,58,4.0,Asia,India,Jaipur,Mumbai,India,Wildlife,Mumbai Wildlife 58,"Main Road, Mumbai",Spring,3.7399999999999998,3.7518518518518515
3461,135,2024,8,Couples,31,5.0,Australia,New Zealand,Auckland,Queenstown,New Zealand,Historical Site,Queenstown Historical Site 31,"Main Road, Queenstown",Summer,4.166666666666667,3.663157894736842
3462,941,2023,7,Friends,54,4.8,Africa,Egypt,Luxor,Rio de Janeiro,Brazil,Shopping,Rio de Janeiro Shopping 54,"Main Road, Rio de Janeiro",Summer,4.25,3.7326086956521736
3463,89,2023,10,Couples,67,2.9,Africa,Egypt,Cairo,Auckland,New Zealand,Historical Site,Auckland Historical Site 67,"Main Road, Auckland",Autumn,3.54,3.736842105263158
3464,281,2024,8,Family,95,2.9,Africa,Kenya,Nairobi,Singapore,Singapore,Park,Singapore Park 95,"Main Road, Singapore",Summer,3.411111111111111,3.819607843137255
3465,668,2023,2,Friends,60,3.9,Africa,Egypt,Cairo,Johannesburg,South Africa,Museum,Johannesburg Museum 60,"Main Road, Johannesburg",Winter,4.0,3.7857142857142856
3466,92,2025,1,Family,38,3.9,Australia,New Zealand,Auckland,Luxor,Egypt,Museum,Luxor Museum 38,"Main Road, Luxor",Winter,3.9333333333333336,3.784313725490196
3467,557,2022,5,Family,44,3.7,Australia,Australia,Melbourne,Rio de Janeiro,Brazil,Temple,Rio de Janeiro Temple 44,"Main Road, Rio de Janeiro",Spring,3.766666666666667,3.825
3468,270,2025,6,Friends,23,2.9,North America,USA,New York,Los Angeles,USA,Adventure,Los Angeles Adventure 23,"Main Road, Los Angeles",Summer,3.6384615384615384,3.919047619047619
3469,182,2025,4,Family,36,3.5,South America,Brazil,Sao Paulo,Singapore,Singapore,Beach,Singapore Beach 36,"Main Road, Singapore",Spring,4.066666666666666,3.7410714285714284
3470,988,2024,12,Friends,54,4.5,Australia,Australia,Sydney,Rio de Janeiro,Brazil,Shopping,Rio de Janeiro Shopping 54,"Main Road, Rio de Janeiro",Winter,3.6875,3.7326086956521736
3471,432,2025,12,Couples,44,2.5,Australia,New Zealand,Queenstown,Rio de Janeiro,Brazil,Temple,Rio de Janeiro Temple 44,"Main Road, Rio de Janeiro",Winter,3.4,3.825
3472,181,2024,9,Couples,17,4.9,North America,Mexico,Mexico City,Buenos Aires,Argentina,Wildlife,Buenos Aires Wildlife 17,"Main Road, Buenos Aires",Autumn,3.966666666666667,3.9155555555555552
3473,813,2024,4,Family,73,3.4,Asia,Thailand,Bangkok,Queenstown,New Zealand,Shopping,Queenstown Shopping 73,"Main Road, Queenstown",Spring,3.5625,3.7816666666666667
3474,266,2025,8,Couples,16,4.6,South America,Chile,Santiago,Sao Paulo,Brazil,Historical Site,Sao Paulo Historical Site 16,"Main Road, Sao Paulo",Summer,3.7600000000000002,3.932758620689655
3475,390,2023,7,Family,4,4.2,Europe,Germany,Munich,Buenos Aires,Argentina,Temple,Buenos Aires Temple 4,"Main Road, Buenos Aires",Summer,3.6166666666666667,3.96
3476,393,2024,10,Couples,61,4.4,Asia,India,Mumbai,Sydney,Australia,Shopping,Sydney Shopping 61,"Main Road, Sydney",Autumn,4.2,3.8000000000000003
3477,917,2024,8,Friends,17,3.6,Europe,Germany,Munich,Buenos Aires,Argentina,Wildlife,Buenos Aires Wildlife 17,"Main Road, Buenos Aires",Summer,3.8833333333333333,3.9155555555555552
3478,129,2023,3,Business,49,3.9,Asia,Japan,Tokyo,Santiago,Chile,Historical Site,Santiago Historical Site 49,"Main Road, Santiago",Spring,4.366666666666666,3.8877551020408165
3479,309,2023,12,Business,52,2.9,Australia,Australia,Sydney,Mombasa,Kenya,Shopping,Mombasa Shopping 52,"Main Road, Mombasa",Winter,3.6,3.9035087719298245
3480,605,2023,7,Couples,16,4.3,North America,USA,Los Angeles,Sao Paulo,Brazil,Historical Site,Sao Paulo Historical Site 16,"Main Road, Sao Paulo",Summer,3.783333333333333,3.932758620689655
3481,292,2025,6,Couples,86,4.0,South America,Argentina,Buenos Aires,Cape Town,South Africa,Historical Site,Cape Town Historical Site 86,"Main Road, Cape Town",Summer,3.457142857142857,3.6799999999999997
3482,251,2024,10,Solo,98,3.0,Australia,Australia,Melbourne,Mombasa,Kenya,Adventure,Mombasa Adventure 98,"Main Road, Mombasa",Autumn,3.7249999999999996,4.017543859649122
3483,170,2023,2,Solo,2,2.8,Europe,Germany,Berlin,Sao Paulo,Brazil,Historical Site,Sao Paulo Historical Site 2,"Main Road, Sao Paulo",Winter,3.4,3.727272727272727
3484,202,2023,6,Solo,33,3.7,South America,Argentina,Buenos Aires,New York,USA,Historical Site,New York Historical Site 33,"Main Road, New York",Summer,3.9,3.8160000000000003
3485,992,2025,5,Family,49,5.0,Europe,France,Nice,Santiago,Chile,Historical Site,Santiago Historical Site 49,"Main Road, Santiago",Spring,3.8857142857142857,3.8877551020408165
3486,761,2022,1,Family,94,3.3,Europe,Spain,Barcelona,Melbourne,Australia,Temple,Melbourne Temple 94,"Main Road, Melbourne",Winter,3.942857142857143,3.6732142857142853
3487,364,2023,7,Business,100,3.1,South America,Brazil,Sao Paulo,Mombasa,Kenya,Wildlife,Mombasa Wildlife 100,"Main Road, Mombasa",Summer,3.84,3.75
3488,337,2025,5,Couples,34,4.3,Australia,Australia,Melbourne,Mombasa,Kenya,Temple,Mombasa Temple 34,"Main Road, Mombasa",Spring,3.783333333333333,3.764
3489,347,2022,10,Solo,40,2.8,Asia,Thailand,Pattaya,Cape Town,South Africa,Museum,Cape Town Museum 40,"Main Road, Cape Town",Autumn,3.65,3.815909090909091
3490,57,2022,12,Solo,22,3.6,Australia,Australia,Sydney,Melbourne,Australia,Adventure,Melbourne Adventure 22,"Main Road, Melbourne",Winter,3.4875,3.8629629629629627
3491,722,2023,2,Solo,2,4.9,Africa,South Africa,Cape Town,Sao Paulo,Brazil,Historical Site,Sao Paulo Historical Site 2,"Main Road, Sao Paulo",Winter,4.414285714285714,3.727272727272727
3492,369,2025,1,Couples,56,4.8,Australia,New Zealand,Queenstown,Madrid,Spain,Historical Site,Madrid Historical Site 56,"Main Road, Madrid",Winter,4.35,3.892156862745098
3493,506,2024,10,Solo,86,4.0,North America,Canada,Toronto,Cape Town,South Africa,Historical Site,Cape Town Historical Site 86,"Main Road, Cape Town",Autumn,3.5999999999999996,3.6799999999999997
3494,462,2022,6,Family,78,2.7,North America,USA,Las Vegas,Santiago,Chile,Museum,Santiago Museum 78,"Main Road, Santiago",Summer,3.35,3.814814814814815
3495,559,2025,10,Couples,23,4.1,Asia,India,Jaipur,Los Angeles,USA,Adventure,Los Angeles Adventure 23,"Main Road, Los Angeles",Autumn,3.7285714285714286,3.919047619047619
3496,692,2025,5,Family,34,3.5,Australia,Australia,Melbourne,Mombasa,Kenya,Temple,Mombasa Temple 34,"Main Road, Mombasa",Spring,3.9285714285714284,3.764
3497,5,2022,7,Solo,76,4.2,Africa,South Africa,Johannesburg,Tokyo,Japan,Temple,Tokyo Temple 76,"Main Road, Tokyo",Summer,3.7,3.817777777777778
3498,458,2025,5,Couples,73,4.9,Africa,Egypt,Cairo,Queenstown,New Zealand,Shopping,Queenstown Shopping 73,"Main Road, Queenstown",Spring,3.9499999999999997,3.7816666666666667
3499,232,2023,8,Friends,72,3.5,Asia,Thailand,Pattaya,Luxor,Egypt,Temple,Luxor Temple 72,"Main Road, Luxor",Summer,3.542857142857143,3.696296296296296
3500,416,2024,10,Couples,92,3.1,Europe,France,Paris,Queenstown,New Zealand,Museum,Queenstown Museum 92,"Main Road, Queenstown",Autumn,3.22,4.0339285714285715
3501,265,2025,11,Couples,92,4.3,South America,Argentina,Buenos Aires,Queenstown,New Zealand,Museum,Queenstown Museum 92,"Main Road, Queenstown",Autumn,3.6799999999999997,4.0339285714285715
3502,815,2024,6,Couples,98,3.8,Europe,Spain,Madrid,Mombasa,Kenya,Adventure,Mombasa Adventure 98,"Main Road, Mombasa",Summer,3.1999999999999997,4.017543859649122
3503,42,2024,10,Family,52,4.8,Asia,Singapore,Singapore,Mombasa,Kenya,Shopping,Mombasa Shopping 52,"Main Road, Mombasa",Autumn,4.3,3.9035087719298245
3504,120,2023,2,Couples,75,4.4,Asia,Singapore,Singapore,Vancouver,Canada,Park,Vancouver Park 75,"Main Road, Vancouver",Winter,3.6999999999999997,3.861818181818182
3505,653,2022,6,Solo,54,3.7,Europe,Italy,Rome,Rio de Janeiro,Brazil,Shopping,Rio de Janeiro Shopping 54,"Main Road, Rio de Janeiro",Summer,3.5,3.7326086956521736
3506,180,2022,6,Couples,23,4.1,Africa,Kenya,Nairobi,Los Angeles,USA,Adventure,Los Angeles Adventure 23,"Main Road, Los Angeles",Summer,4.0,3.919047619047619
3507,680,2023,12,Family,9,3.3,Africa,South Africa,Cape Town,Nice,France,Adventure,Nice Adventure 9,"Main Road, Nice",Winter,3.783333333333333,3.709803921568627
3508,489,2022,7,Family,31,4.4,North America,Mexico,Cancun,Queenstown,New Zealand,Historical Site,Queenstown Historical Site 31,"Main Road, Queenstown",Summer,3.975,3.663157894736842
3509,703,2022,10,Friends,47,5.0,Europe,Germany,Berlin,New York,USA,Historical Site,New York Historical Site 47,"Main Road, New York",Autumn,4.1,3.9181818181818184
3510,19,2025,3,Friends,78,4.2,Africa,Egypt,Cairo,Santiago,Chile,Museum,Santiago Museum 78,"Main Road, Santiago",Spring,3.9000000000000004,3.814814814814815
3511,409,2024,4,Solo,24,4.0,South America,Brazil,Sao Paulo,Nairobi,Kenya,Museum,Nairobi Museum 24,"Main Road, Nairobi",Spring,3.6799999999999997,3.8804878048780487
3512,445,2024,6,Friends,69,4.4,North America,Canada,Vancouver,Johannesburg,South Africa,Shopping,Johannesburg Shopping 69,"Main Road, Johannesburg",Summer,3.56,3.818032786885246
3513,659,2022,11,Business,87,3.9,North America,USA,New York,Vancouver,Canada,Park,Vancouver Park 87,"Main Road, Vancouver",Autumn,3.75,3.881818181818182
3514,996,2025,4,Solo,66,4.1,Australia,New Zealand,Auckland,Kyoto,Japan,Historical Site,Kyoto Historical Site 66,"Main Road, Kyoto",Spring,3.575,3.8181818181818183
3515,625,2024,4,Solo,85,2.4,South America,Brazil,Rio de Janeiro,Rome,Italy,Historical Site,Rome Historical Site 85,"Main Road, Rome",Spring,2.9,3.8607843137254902
3516,164,2023,7,Friends,4,3.2,Africa,Kenya,Nairobi,Buenos Aires,Argentina,Temple,Buenos Aires Temple 4,"Main Road, Buenos Aires",Summer,4.0600000000000005,3.96
3517,602,2024,12,Business,92,3.9,North America,Canada,Toronto,Queenstown,New Zealand,Museum,Queenstown Museum 92,"Main Road, Queenstown",Winter,4.16,4.0339285714285715
3518,81,2022,7,Couples,99,3.5,Asia,Singapore,Singapore,Toronto,Canada,Adventure,Toronto Adventure 99,"Main Road, Toronto",Summer,3.96,3.735416666666667
3519,265,2024,9,Couples,33,3.2,South America,Argentina,Buenos Aires,New York,USA,Historical Site,New York Historical Site 33,"Main Road, New York",Autumn,3.6799999999999997,3.8160000000000003
3520,756,2024,6,Couples,95,4.1,Asia,India,Goa,Singapore,Singapore,Park,Singapore Park 95,"Main Road, Singapore",Summer,4.1,3.819607843137255
3521,288,2022,12,Business,11,4.9,Australia,New Zealand,Queenstown,Pattaya,Thailand,Beach,Pattaya Beach 11,"Main Road, Pattaya",Winter,4.1571428571428575,3.7121951219512193
3522,739,2024,10,Friends,11,2.7,Australia,New Zealand,Auckland,Pattaya,Thailand,Beach,Pattaya Beach 11,"Main Road, Pattaya",Autumn,3.4,3.7121951219512193
3523,965,2024,9,Couples,87,4.1,South America,Brazil,Rio de Janeiro,Vancouver,Canada,Park,Vancouver Park 87,"Main Road, Vancouver",Autumn,3.38,3.881818181818182
3524,12,2025,5,Business,88,2.9,Asia,India,Jaipur,Tokyo,Japan,Shopping,Tokyo Shopping 88,"Main Road, Tokyo",Spring,3.7399999999999998,3.901818181818182
3525,947,2022,8,Solo,23,3.1,North America,USA,Los Angeles,Los Angeles,USA,Adventure,Los Angeles Adventure 23,"Main Road, Los Angeles",Summer,3.7125,3.919047619047619
3526,63,2025,11,Solo,14,3.5,Africa,South Africa,Cape Town,Sao Paulo,Brazil,Historical Site,Sao Paulo Historical Site 14,"Main Road, Sao Paulo",Autumn,4.14,3.788235294117647
3527,579,2022,4,Couples,93,4.2,Europe,France,Paris,Auckland,New Zealand,Adventure,Auckland Adventure 93,"Main Road, Auckland",Spring,3.857142857142857,3.7888888888888888
3528,281,2025,2,Couples,59,3.6,Africa,Kenya,Nairobi,Melbourne,Australia,Museum,Melbourne Museum 59,"Main Road, Melbourne",Winter,3.411111111111111,3.853061224489796
3529,186,2022,11,Friends,93,5.0,Europe,France,Nice,Auckland,New Zealand,Adventure,Auckland Adventure 93,"Main Road, Auckland",Autumn,4.45,3.7888888888888888
3530,142,2025,12,Couples,60,4.4,North America,USA,New York,Johannesburg,South Africa,Museum,Johannesburg Museum 60,"Main Road, Johannesburg",Winter,4.32,3.7857142857142856
3531,898,2024,12,Business,57,4.6,North America,Canada,Vancouver,Queenstown,New Zealand,Beach,Queenstown Beach 57,"Main Road, Queenstown",Winter,3.65,3.8095238095238093
3532,952,2023,10,Couples,93,3.8,Europe,Italy,Rome,Auckland,New Zealand,Adventure,Auckland Adventure 93,"Main Road, Auckland",Autumn,3.7142857142857144,3.7888888888888888
3533,472,2023,12,Solo,58,3.6,Asia,Singapore,Singapore,Mumbai,India,Wildlife,Mumbai Wildlife 58,"Main Road, Mumbai",Winter,3.94,3.7518518518518515
3534,596,2025,6,Solo,44,3.4,Africa,Kenya,Mombasa,Rio de Janeiro,Brazil,Temple,Rio de Janeiro Temple 44,"Main Road, Rio de Janeiro",Summer,3.45,3.825
3535,149,2023,8,Business,10,4.1,South America,Brazil,Sao Paulo,Toronto,Canada,Wildlife,Toronto Wildlife 10,"Main Road, Toronto",Summer,3.675,3.8257575757575757
3536,381,2024,8,Family,38,4.3,South America,Brazil,Rio de Janeiro,Luxor,Egypt,Museum,Luxor Museum 38,"Main Road, Luxor",Summer,3.742857142857143,3.784313725490196
3537,394,2024,4,Solo,69,4.9,Africa,Kenya,Mombasa,Johannesburg,South Africa,Shopping,Johannesburg Shopping 69,"Main Road, Johannesburg",Spring,4.457142857142857,3.818032786885246
3538,590,2025,11,Friends,85,4.2,Asia,Japan,Tokyo,Rome,Italy,Historical Site,Rome Historical Site 85,"Main Road, Rome",Autumn,4.666666666666667,3.8607843137254902
3539,193,2024,4,Solo,22,4.0,Africa,Egypt,Cairo,Melbourne,Australia,Adventure,Melbourne Adventure 22,"Main Road, Melbourne",Spring,4.133333333333333,3.8629629629629627
3540,677,2024,1,Couples,66,4.6,North America,USA,New York,Kyoto,Japan,Historical Site,Kyoto Historical Site 66,"Main Road, Kyoto",Winter,4.1625,3.8181818181818183
3541,885,2024,9,Solo,95,3.7,Europe,Italy,Rome,Singapore,Singapore,Park,Singapore Park 95,"Main Road, Singapore",Autumn,3.875,3.819607843137255
3542,451,2025,11,Couples,97,4.7,Africa,South Africa,Cape Town,Los Angeles,USA,Historical Site,Los Angeles Historical Site 97,"Main Road, Los Angeles",Autumn,4.3,3.661904761904762
3543,320,2025,5,Family,37,3.6,North America,USA,New York,Mumbai,India,Historical Site,Mumbai Historical Site 37,"Main Road, Mumbai",Spring,3.875,3.752173913043478
3544,479,2025,1,Business,73,3.2,Asia,India,Jaipur,Queenstown,New Zealand,Shopping,Queenstown Shopping 73,"Main Road, Queenstown",Winter,3.75,3.7816666666666667
3545,357,2022,3,Business,24,3.9,Europe,Italy,Venice,Nairobi,Kenya,Museum,Nairobi Museum 24,"Main Road, Nairobi",Spring,3.1166666666666667,3.8804878048780487
3546,367,2024,12,Friends,36,3.3,Australia,New Zealand,Queenstown,Singapore,Singapore,Beach,Singapore Beach 36,"Main Road, Singapore",Winter,3.6624999999999996,3.7410714285714284
3547,901,2025,8,Friends,18,4.8,South America,Chile,Santiago,Madrid,Spain,Historical Site,Madrid Historical Site 18,"Main Road, Madrid",Summer,3.94,3.7285714285714286
3548,487,2024,6,Friends,70,3.7,Europe,Spain,Barcelona,Sydney,Australia,Beach,Sydney Beach 70,"Main Road, Sydney",Summer,3.9499999999999997,3.7588235294117647
3549,1000,2025,6,Family,94,4.1,Europe,Germany,Berlin,Melbourne,Australia,Temple,Melbourne Temple 94,"Main Road, Melbourne",Summer,3.8285714285714283,3.6732142857142853
3550,519,2022,4,Friends,82,2.0,Africa,Kenya,Nairobi,Sydney,Australia,Temple,Sydney Temple 82,"Main Road, Sydney",Spring,3.4599999999999995,3.7333333333333334
3551,618,2024,3,Family,33,2.2,Australia,New Zealand,Auckland,New York,USA,Historical Site,New York Historical Site 33,"Main Road, New York",Spring,3.783333333333333,3.8160000000000003
3552,967,2023,12,Solo,41,3.9,Australia,New Zealand,Queenstown,Vancouver,Canada,Beach,Vancouver Beach 41,"Main Road, Vancouver",Winter,3.8857142857142857,3.7526315789473683
3553,414,2024,2,Couples,38,5.0,Africa,South Africa,Cape Town,Luxor,Egypt,Museum,Luxor Museum 38,"Main Road, Luxor",Winter,3.8375000000000004,3.784313725490196
3554,297,2025,12,Family,56,3.7,South America,Brazil,Sao Paulo,Madrid,Spain,Historical Site,Madrid Historical Site 56,"Main Road, Madrid",Winter,3.78,3.892156862745098
3555,659,2025,8,Solo,30,2.9,North America,USA,New York,Cape Town,South Africa,Museum,Cape Town Museum 30,"Main Road, Cape Town",Summer,3.75,3.811111111111111
3556,415,2025,1,Friends,53,3.6,Asia,Japan,Kyoto,Milan,Italy,Shopping,Milan Shopping 53,"Main Road, Milan",Winter,3.6636363636363636,3.685106382978723
3557,177,2023,12,Family,67,4.4,North America,USA,New York,Auckland,New Zealand,Historical Site,Auckland Historical Site 67,"Main Road, Auckland",Winter,3.45,3.736842105263158
3558,167,2023,2,Family,69,4.4,Australia,New Zealand,Queenstown,Johannesburg,South Africa,Shopping,Johannesburg Shopping 69,"Main Road, Johannesburg",Winter,3.9,3.818032786885246
3559,679,2022,4,Couples,20,3.1,North America,Canada,Vancouver,Vancouver,Canada,Wildlife,Vancouver Wildlife 20,"Main Road, Vancouver",Spring,3.6833333333333336,3.775
3560,889,2023,8,Family,36,4.0,South America,Chile,Santiago,Singapore,Singapore,Beach,Singapore Beach 36,"Main Road, Singapore",Summer,3.966666666666667,3.7410714285714284
3561,764,2023,4,Friends,70,3.6,North America,Canada,Toronto,Sydney,Australia,Beach,Sydney Beach 70,"Main Road, Sydney",Spring,3.9333333333333336,3.7588235294117647
3562,737,2025,6,Business,18,3.9,Australia,New Zealand,Auckland,Madrid,Spain,Historical Site,Madrid Historical Site 18,"Main Road, Madrid",Summer,3.8200000000000003,3.7285714285714286
3563,943,2024,11,Business,1,4.8,North America,Canada,Toronto,Berlin,Germany,Wildlife,Berlin Wildlife 1,"Main Road, Berlin",Autumn,3.788888888888889,3.782051282051282
3564,993,2025,8,Family,97,3.0,Asia,India,Mumbai,Los Angeles,USA,Historical Site,Los Angeles Historical Site 97,"Main Road, Los Angeles",Summer,3.975,3.661904761904762
3565,29,2024,3,Friends,89,4.5,South America,Argentina,Buenos Aires,Sydney,Australia,Park,Sydney Park 89,"Main Road, Sydney",Spring,3.5599999999999996,3.811764705882353
3566,452,2023,6,Friends,3,3.7,Asia,Japan,Kyoto,Rio de Janeiro,Brazil,Adventure,Rio de Janeiro Adventure 3,"Main Road, Rio de Janeiro",Summer,3.7714285714285714,3.791111111111111
3567,857,2024,9,Couples,41,3.4,South America,Brazil,Rio de Janeiro,Vancouver,Canada,Beach,Vancouver Beach 41,"Main Road, Vancouver",Autumn,3.7600000000000002,3.7526315789473683
3568,588,2025,10,Friends,50,3.0,Asia,Thailand,Bangkok,Cancun,Mexico,Historical Site,Cancun Historical Site 50,"Main Road, Cancun",Autumn,4.0,3.5078947368421054
3569,328,2024,9,Couples,77,4.0,Australia,New Zealand,Auckland,Rome,Italy,Temple,Rome Temple 77,"Main Road, Rome",Autumn,3.7333333333333334,3.836734693877551
3570,704,2022,8,Couples,85,3.0,Europe,Italy,Venice,Rome,Italy,Historical Site,Rome Historical Site 85,"Main Road, Rome",Summer,3.6,3.8607843137254902
3571,589,2022,7,Business,50,3.0,Australia,New Zealand,Queenstown,Cancun,Mexico,Historical Site,Cancun Historical Site 50,"Main Road, Cancun",Summer,3.814285714285714,3.5078947368421054
3572,48,2025,12,Couples,22,3.3,Asia,Singapore,Singapore,Melbourne,Australia,Adventure,Melbourne Adventure 22,"Main Road, Melbourne",Winter,3.775,3.8629629629629627
3573,260,2025,4,Couples,3,3.5,Europe,France,Paris,Rio de Janeiro,Brazil,Adventure,Rio de Janeiro Adventure 3,"Main Road, Rio de Janeiro",Spring,3.6999999999999997,3.791111111111111
3574,349,2024,7,Friends,73,3.2,South America,Brazil,Rio de Janeiro,Queenstown,New Zealand,Shopping,Queenstown Shopping 73,"Main Road, Queenstown",Summer,3.6833333333333336,3.7816666666666667
3575,2,2023,7,Friends,33,3.5,North America,USA,New York,New York,USA,Historical Site,New York Historical Site 33,"Main Road, New York",Summer,3.825,3.8160000000000003
3576,699,2024,9,Solo,30,3.7,South America,Chile,Santiago,Cape Town,South Africa,Museum,Cape Town Museum 30,"Main Road, Cape Town",Autumn,3.744444444444445,3.811111111111111
3577,167,2024,11,Couples,81,4.4,Australia,New Zealand,Queenstown,Luxor,Egypt,Park,Luxor Park 81,"Main Road, Luxor",Autumn,3.9,3.8309090909090906
3578,666,2025,9,Friends,12,4.1,Africa,Kenya,Mombasa,New York,USA,Historical Site,New York Historical Site 12,"Main Road, New York",Autumn,4.06,3.8160714285714286
3579,858,2022,1,Family,71,3.7,North America,Mexico,Mexico City,Rio de Janeiro,Brazil,Museum,Rio de Janeiro Museum 71,"Main Road, Rio de Janeiro",Winter,3.8818181818181823,3.9066666666666667
3580,237,2025,8,Family,11,2.9,Asia,India,Mumbai,Pattaya,Thailand,Beach,Pattaya Beach 11,"Main Road, Pattaya",Summer,3.914285714285714,3.7121951219512193
3581,879,2025,2,Couples,42,5.0,Asia,Singapore,Singapore,Singapore,Singapore,Wildlife,Singapore Wildlife 42,"Main Road, Singapore",Winter,3.9,3.706382978723404
3582,246,2024,11,Friends,67,3.0,Africa,Egypt,Cairo,Auckland,New Zealand,Historical Site,Auckland Historical Site 67,"Main Road, Auckland",Autumn,3.5799999999999996,3.736842105263158
3583,329,2024,11,Business,35,3.5,Asia,India,Goa,Paris,France,Beach,Paris Beach 35,"Main Road, Paris",Autumn,3.85,3.728
3584,507,2023,1,Family,66,3.6,Australia,Australia,Sydney,Kyoto,Japan,Historical Site,Kyoto Historical Site 66,"Main Road, Kyoto",Winter,3.6,3.8181818181818183
3585,589,2024,6,Couples,35,3.8,Australia,New Zealand,Queenstown,Paris,France,Beach,Paris Beach 35,"Main Road, Paris",Summer,3.814285714285714,3.728
3586,825,2024,8,Friends,88,3.4,Australia,New Zealand,Queenstown,Tokyo,Japan,Shopping,Tokyo Shopping 88,"Main Road, Tokyo",Summer,3.6999999999999997,3.901818181818182
3587,286,2024,1,Solo,42,4.1,Australia,Australia,Melbourne,Singapore,Singapore,Wildlife,Singapore Wildlife 42,"Main Road, Singapore",Winter,3.55,3.706382978723404
3588,418,2025,3,Couples,22,3.4,Africa,Kenya,Mombasa,Melbourne,Australia,Adventure,Melbourne Adventure 22,"Main Road, Melbourne",Spring,3.1333333333333333,3.8629629629629627
3589,970,2022,2,Family,95,3.7,South America,Argentina,Buenos Aires,Singapore,Singapore,Park,Singapore Park 95,"Main Road, Singapore",Winter,3.8875,3.819607843137255
3590,759,2024,2,Solo,98,5.0,Europe,Italy,Venice,Mombasa,Kenya,Adventure,Mombasa Adventure 98,"Main Road, Mombasa",Winter,4.2,4.017543859649122
3591,821,2025,12,Solo,50,3.5,South America,Argentina,Buenos Aires,Cancun,Mexico,Historical Site,Cancun Historical Site 50,"Main Road, Cancun",Winter,3.466666666666667,3.5078947368421054
3592,869,2022,1,Friends,44,3.4,Australia,Australia,Melbourne,Rio de Janeiro,Brazil,Temple,Rio de Janeiro Temple 44,"Main Road, Rio de Janeiro",Winter,3.483333333333333,3.825
3593,655,2025,12,Business,70,4.6,Africa,Egypt,Cairo,Sydney,Australia,Beach,Sydney Beach 70,"Main Road, Sydney",Winter,4.233333333333333,3.7588235294117647
3594,320,2024,1,Friends,76,2.9,North America,USA,New York,Tokyo,Japan,Temple,Tokyo Temple 76,"Main Road, Tokyo",Winter,3.875,3.817777777777778
3595,145,2022,11,Friends,27,3.4,Australia,Australia,Melbourne,Nairobi,Kenya,Temple,Nairobi Temple 27,"Main Road, Nairobi",Autumn,3.6799999999999997,3.6843137254901963
3596,950,2022,8,Family,29,2.9,North America,Canada,Vancouver,Santiago,Chile,Wildlife,Santiago Wildlife 29,"Main Road, Santiago",Summer,3.257142857142857,3.7943396226415094
3597,415,2024,9,Family,49,4.1,Asia,Japan,Kyoto,Santiago,Chile,Historical Site,Santiago Historical Site 49,"Main Road, Santiago",Autumn,3.6636363636363636,3.8877551020408165
3598,985,2025,6,Couples,43,4.2,Australia,New Zealand,Queenstown,Cape Town,South Africa,Shopping,Cape Town Shopping 43,"Main Road, Cape Town",Summer,3.811111111111111,3.772
3599,795,2023,3,Friends,40,3.1,Africa,Kenya,Mombasa,Cape Town,South Africa,Museum,Cape Town Museum 40,"Main Road, Cape Town",Spring,3.6,3.815909090909091
3600,63,2023,9,Business,13,4.1,Africa,South Africa,Cape Town,Auckland,New Zealand,Wildlife,Auckland Wildlife 13,"Main Road, Auckland",Autumn,4.14,3.8711864406779664
3601,765,2022,4,Solo,40,3.5,Australia,Australia,Sydney,Cape Town,South Africa,Museum,Cape Town Museum 40,"Main Road, Cape Town",Spring,3.6999999999999997,3.815909090909091
3602,677,2024,9,Friends,14,3.9,North America,USA,New York,Sao Paulo,Brazil,Historical Site,Sao Paulo Historical Site 14,"Main Road, Sao Paulo",Autumn,4.1625,3.788235294117647
3603,78,2024,8,Family,57,3.1,Africa,Egypt,Cairo,Queenstown,New Zealand,Beach,Queenstown Beach 57,"Main Road, Queenstown",Summer,3.22,3.8095238095238093
3604,428,2024,12,Friends,41,4.0,South America,Chile,Santiago,Vancouver,Canada,Beach,Vancouver Beach 41,"Main Road, Vancouver",Winter,3.6999999999999997,3.7526315789473683
3605,90,2024,11,Family,1,3.8,North America,Canada,Vancouver,Berlin,Germany,Wildlife,Berlin Wildlife 1,"Main Road, Berlin",Autumn,3.9875,3.782051282051282
3606,53,2023,4,Business,90,4.2,North America,USA,Las Vegas,Nice,France,Temple,Nice Temple 90,"Main Road, Nice",Spring,3.96,3.7215686274509805
3607,293,2023,2,Solo,59,5.0,South America,Brazil,Rio de Janeiro,Melbourne,Australia,Museum,Melbourne Museum 59,"Main Road, Melbourne",Winter,4.0,3.853061224489796
3608,176,2023,3,Couples,28,4.0,Australia,Australia,Melbourne,Rio de Janeiro,Brazil,Beach,Rio de Janeiro Beach 28,"Main Road, Rio de Janeiro",Spring,3.9625,3.7065217391304346
3609,223,2023,8,Friends,42,4.0,Australia,New Zealand,Auckland,Singapore,Singapore,Wildlife,Singapore Wildlife 42,"Main Road, Singapore",Summer,4.1,3.706382978723404
3610,44,2024,8,Business,27,3.8,North America,Mexico,Cancun,Nairobi,Kenya,Temple,Nairobi Temple 27,"Main Road, Nairobi",Summer,3.8857142857142857,3.6843137254901963
3611,99,2025,11,Couples,13,3.7,North America,Canada,Vancouver,Auckland,New Zealand,Wildlife,Auckland Wildlife 13,"Main Road, Auckland",Autumn,3.9142857142857146,3.8711864406779664
3612,68,2025,9,Solo,91,5.0,Asia,India,Mumbai,Singapore,Singapore,Historical Site,Singapore Historical Site 91,"Main Road, Singapore",Autumn,4.266666666666667,3.924137931034483
3613,608,2022,1,Couples,17,4.2,South America,Chile,Santiago,Buenos Aires,Argentina,Wildlife,Buenos Aires Wildlife 17,"Main Road, Buenos Aires",Winter,3.5,3.9155555555555552
3614,294,2023,6,Family,17,4.4,South America,Chile,Santiago,Buenos Aires,Argentina,Wildlife,Buenos Aires Wildlife 17,"Main Road, Buenos Aires",Summer,4.46,3.9155555555555552
3615,224,2025,3,Family,24,2.8,Asia,Thailand,Phuket,Nairobi,Kenya,Museum,Nairobi Museum 24,"Main Road, Nairobi",Spring,3.38,3.8804878048780487
3616,841,2023,12,Friends,21,2.8,Europe,France,Nice,Luxor,Egypt,Temple,Luxor Temple 21,"Main Road, Luxor",Winter,2.9,3.8267857142857147
3617,375,2022,5,Friends,20,3.1,Europe,Italy,Milan,Vancouver,Canada,Wildlife,Vancouver Wildlife 20,"Main Road, Vancouver",Spring,3.56,3.775
3618,315,2023,8,Couples,64,5.0,Australia,Australia,Sydney,Madrid,Spain,Beach,Madrid Beach 64,"Main Road, Madrid",Summer,4.016666666666667,3.8058823529411763
3619,990,2025,9,Couples,98,3.8,North America,Canada,Toronto,Mombasa,Kenya,Adventure,Mombasa Adventure 98,"Main Road, Mombasa",Autumn,3.6333333333333333,4.017543859649122
3620,45,2025,2,Couples,85,4.5,North America,Mexico,Cancun,Rome,Italy,Historical Site,Rome Historical Site 85,"Main Road, Rome",Winter,3.8428571428571425,3.8607843137254902
3621,364,2022,7,Business,68,3.7,South America,Brazil,Sao Paulo,Toronto,Canada,Shopping,Toronto Shopping 68,"Main Road, Toronto",Summer,3.84,3.607142857142857
3622,535,2024,5,Family,72,4.0,Australia,New Zealand,Queenstown,Luxor,Egypt,Temple,Luxor Temple 72,"Main Road, Luxor",Spring,3.96,3.696296296296296
3623,970,2025,4,Friends,58,3.1,South America,Argentina,Buenos Aires,Mumbai,India,Wildlife,Mumbai Wildlife 58,"Main Road, Mumbai",Spring,3.8875,3.7518518518518515
3624,53,2023,9,Business,85,4.0,North America,USA,Las Vegas,Rome,Italy,Historical Site,Rome Historical Site 85,"Main Road, Rome",Autumn,3.96,3.8607843137254902
3625,281,2022,9,Family,34,3.6,Africa,Kenya,Nairobi,Mombasa,Kenya,Temple,Mombasa Temple 34,"Main Road, Mombasa",Autumn,3.411111111111111,3.764
3626,208,2023,7,Family,4,4.6,Europe,Italy,Milan,Buenos Aires,Argentina,Temple,Buenos Aires Temple 4,"Main Road, Buenos Aires",Summer,4.0200000000000005,3.96
3627,550,2025,11,Family,75,2.5,Europe,Germany,Berlin,Vancouver,Canada,Park,Vancouver Park 75,"Main Road, Vancouver",Autumn,3.7777777777777777,3.861818181818182
3628,363,2024,10,Friends,45,4.8,Africa,Egypt,Luxor,Cairo,Egypt,Park,Cairo Park 45,"Main Road, Cairo",Autumn,3.9,3.852830188679245
3629,771,2023,2,Couples,14,3.0,Australia,New Zealand,Auckland,Sao Paulo,Brazil,Historical Site,Sao Paulo Historical Site 14,"Main Road, Sao Paulo",Winter,3.642857142857143,3.788235294117647
3630,62,2023,7,Business,54,4.4,Africa,Kenya,Nairobi,Rio de Janeiro,Brazil,Shopping,Rio de Janeiro Shopping 54,"Main Road, Rio de Janeiro",Summer,4.014285714285714,3.7326086956521736
3631,936,2025,2,Solo,14,2.9,Asia,India,Jaipur,Sao Paulo,Brazil,Historical Site,Sao Paulo Historical Site 14,"Main Road, Sao Paulo",Winter,3.3714285714285714,3.788235294117647
3632,413,2022,7,Solo,100,3.6,North America,Mexico,Mexico City,Mombasa,Kenya,Wildlife,Mombasa Wildlife 100,"Main Road, Mombasa",Summer,3.533333333333333,3.75
3633,631,2022,4,Family,17,3.7,Asia,India,Mumbai,Buenos Aires,Argentina,Wildlife,Buenos Aires Wildlife 17,"Main Road, Buenos Aires",Spring,3.96,3.9155555555555552
3634,301,2022,2,Solo,53,3.2,Africa,South Africa,Cape Town,Milan,Italy,Shopping,Milan Shopping 53,"Main Road, Milan",Winter,3.9333333333333336,3.685106382978723
3635,380,2024,10,Friends,84,2.8,Australia,New Zealand,Queenstown,Singapore,Singapore,Temple,Singapore Temple 84,"Main Road, Singapore",Autumn,3.3,3.7846153846153845
3636,937,2022,1,Couples,94,3.4,South America,Argentina,Buenos Aires,Melbourne,Australia,Temple,Melbourne Temple 94,"Main Road, Melbourne",Winter,3.0444444444444443,3.6732142857142853
3637,932,2025,1,Couples,91,3.7,Asia,Japan,Tokyo,Singapore,Singapore,Historical Site,Singapore Historical Site 91,"Main Road, Singapore",Winter,4.1,3.924137931034483
3638,618,2025,3,Friends,33,4.0,Australia,New Zealand,Auckland,New York,USA,Historical Site,New York Historical Site 33,"Main Road, New York",Spring,3.783333333333333,3.8160000000000003
3639,929,2023,1,Family,42,4.7,South America,Chile,Santiago,Singapore,Singapore,Wildlife,Singapore Wildlife 42,"Main Road, Singapore",Winter,3.85,3.706382978723404
3640,951,2025,3,Solo,54,3.1,Europe,Spain,Barcelona,Rio de Janeiro,Brazil,Shopping,Rio de Janeiro Shopping 54,"Main Road, Rio de Janeiro",Spring,3.6166666666666667,3.7326086956521736
3641,456,2023,7,Solo,14,5.0,South America,Brazil,Sao Paulo,Sao Paulo,Brazil,Historical Site,Sao Paulo Historical Site 14,"Main Road, Sao Paulo",Summer,3.425,3.788235294117647
3642,994,2022,5,Family,60,3.8,Asia,Singapore,Singapore,Johannesburg,South Africa,Museum,Johannesburg Museum 60,"Main Road, Johannesburg",Spring,3.9499999999999997,3.7857142857142856
3643,70,2025,5,Business,86,1.5,Australia,Australia,Melbourne,Cape Town,South Africa,Historical Site,Cape Town Historical Site 86,"Main Road, Cape Town",Spring,3.125,3.6799999999999997
3644,67,2022,3,Business,65,5.0,Europe,France,Nice,Vancouver,Canada,Museum,Vancouver Museum 65,"Main Road, Vancouver",Spring,4.633333333333334,3.9294117647058826
3645,98,2024,11,Solo,57,4.2,Asia,India,Goa,Queenstown,New Zealand,Beach,Queenstown Beach 57,"Main Road, Queenstown",Autumn,3.6399999999999997,3.8095238095238093
3646,375,2022,4,Business,52,4.6,Europe,Italy,Milan,Mombasa,Kenya,Shopping,Mombasa Shopping 52,"Main Road, Mombasa",Spring,3.56,3.9035087719298245
3647,91,2022,4,Friends,39,3.9,Africa,Kenya,Mombasa,Munich,Germany,Shopping,Munich Shopping 39,"Main Road, Munich",Spring,4.1,3.965909090909091
3648,209,2022,12,Family,88,5.0,Europe,Germany,Berlin,Tokyo,Japan,Shopping,Tokyo Shopping 88,"Main Road, Tokyo",Winter,3.7857142857142856,3.901818181818182
3649,559,2025,5,Family,86,5.0,Asia,India,Jaipur,Cape Town,South Africa,Historical Site,Cape Town Historical Site 86,"Main Road, Cape Town",Spring,3.7285714285714286,3.6799999999999997
3650,269,2022,11,Friends,18,4.6,North America,Mexico,Mexico City,Madrid,Spain,Historical Site,Madrid Historical Site 18,"Main Road, Madrid",Autumn,4.166666666666667,3.7285714285714286
3651,823,2022,4,Friends,52,4.2,South America,Chile,Santiago,Mombasa,Kenya,Shopping,Mombasa Shopping 52,"Main Road, Mombasa",Spring,4.083333333333333,3.9035087719298245
3652,531,2025,11,Couples,12,3.2,Europe,Italy,Rome,New York,USA,Historical Site,New York Historical Site 12,"Main Road, New York",Autumn,3.814285714285714,3.8160714285714286
3653,732,2025,7,Family,99,3.4,North America,USA,New York,Toronto,Canada,Adventure,Toronto Adventure 99,"Main Road, Toronto",Summer,3.8000000000000003,3.735416666666667
3654,701,2023,3,Couples,44,3.6,Australia,Australia,Melbourne,Rio de Janeiro,Brazil,Temple,Rio de Janeiro Temple 44,"Main Road, Rio de Janeiro",Spring,3.783333333333333,3.825
3655,503,2023,7,Family,85,3.2,North America,Canada,Vancouver,Rome,Italy,Historical Site,Rome Historical Site 85,"Main Road, Rome",Summer,3.9,3.8607843137254902
3656,624,2025,1,Business,69,4.9,Asia,Thailand,Pattaya,Johannesburg,South Africa,Shopping,Johannesburg Shopping 69,"Main Road, Johannesburg",Winter,4.325,3.818032786885246
3657,663,2025,11,Solo,81,4.1,Africa,South Africa,Cape Town,Luxor,Egypt,Park,Luxor Park 81,"Main Road, Luxor",Autumn,4.1875,3.8309090909090906
3658,370,2025,5,Friends,29,2.9,Africa,Kenya,Mombasa,Santiago,Chile,Wildlife,Santiago Wildlife 29,"Main Road, Santiago",Spring,2.9,3.7943396226415094
3659,228,2024,10,Family,91,4.6,South America,Argentina,Buenos Aires,Singapore,Singapore,Historical Site,Singapore Historical Site 91,"Main Road, Singapore",Autumn,4.35,3.924137931034483
3660,688,2024,7,Family,94,3.0,Australia,Australia,Sydney,Melbourne,Australia,Temple,Melbourne Temple 94,"Main Road, Melbourne",Summer,3.725,3.6732142857142853
3661,588,2022,9,Friends,3,3.5,Asia,Thailand,Bangkok,Rio de Janeiro,Brazil,Adventure,Rio de Janeiro Adventure 3,"Main Road, Rio de Janeiro",Autumn,4.0,3.791111111111111
3662,74,2024,9,Couples,55,3.1,North America,Canada,Toronto,Mumbai,India,Wildlife,Mumbai Wildlife 55,"Main Road, Mumbai",Autumn,3.822222222222222,3.6921568627450982
3663,158,2025,10,Couples,46,4.4,Europe,France,Nice,Jaipur,India,Shopping,Jaipur Shopping 46,"Main Road, Jaipur",Autumn,3.8200000000000003,3.7113636363636364
3664,974,2023,10,Solo,31,4.4,Africa,Kenya,Nairobi,Queenstown,New Zealand,Historical Site,Queenstown Historical Site 31,"Main Road, Queenstown",Autumn,3.9000000000000004,3.663157894736842
3665,713,2025,11,Couples,46,3.8,Asia,Thailand,Pattaya,Jaipur,India,Shopping,Jaipur Shopping 46,"Main Road, Jaipur",Autumn,3.757142857142857,3.7113636363636364
3666,573,2024,2,Business,40,4.7,Australia,Australia,Sydney,Cape Town,South Africa,Museum,Cape Town Museum 40,"Main Road, Cape Town",Winter,4.1499999999999995,3.815909090909091
3667,321,2025,6,Friends,95,3.3,South America,Argentina,Buenos Aires,Singapore,Singapore,Park,Singapore Park 95,"Main Road, Singapore",Summer,3.96,3.819607843137255
3668,533,2024,12,Business,62,4.2,Europe,Spain,Madrid,Buenos Aires,Argentina,Park,Buenos Aires Park 62,"Main Road, Buenos Aires",Winter,3.811111111111111,3.8065217391304347
3669,141,2024,7,Couples,79,3.7,Africa,South Africa,Johannesburg,Mexico City,Mexico,Historical Site,Mexico City Historical Site 79,"Main Road, Mexico City",Summer,3.9444444444444446,3.861224489795918
3670,537,2022,1,Family,11,4.2,South America,Chile,Santiago,Pattaya,Thailand,Beach,Pattaya Beach 11,"Main Road, Pattaya",Winter,3.625,3.7121951219512193
3671,593,2024,2,Solo,30,4.6,Africa,Kenya,Nairobi,Cape Town,South Africa,Museum,Cape Town Museum 30,"Main Road, Cape Town",Winter,4.220000000000001,3.811111111111111
3672,721,2024,7,Solo,6,3.7,Australia,Australia,Sydney,Johannesburg,South Africa,Museum,Johannesburg Museum 6,"Main Road, Johannesburg",Summer,3.6500000000000004,3.8461538461538463
3673,960,2022,5,Couples,7,3.6,South America,Brazil,Sao Paulo,Santiago,Chile,Park,Santiago Park 7,"Main Road, Santiago",Spring,3.84,3.6767857142857143
3674,302,2024,11,Solo,29,4.2,Europe,Italy,Venice,Santiago,Chile,Wildlife,Santiago Wildlife 29,"Main Road, Santiago",Autumn,3.9555555555555557,3.7943396226415094
3675,356,2024,1,Friends,61,4.1,Africa,Egypt,Luxor,Sydney,Australia,Shopping,Sydney Shopping 61,"Main Road, Sydney",Winter,4.0,3.8000000000000003
3676,127,2025,7,Couples,100,4.2,North America,USA,New York,Mombasa,Kenya,Wildlife,Mombasa Wildlife 100,"Main Road, Mombasa",Summer,4.2,3.75
3677,130,2022,10,Friends,17,4.6,South America,Chile,Santiago,Buenos Aires,Argentina,Wildlife,Buenos Aires Wildlife 17,"Main Road, Buenos Aires",Autumn,3.8,3.9155555555555552
3678,922,2024,11,Couples,35,3.1,Asia,Japan,Osaka,Paris,France,Beach,Paris Beach 35,"Main Road, Paris",Autumn,4.025,3.728
3679,921,2022,6,Friends,61,4.1,North America,Mexico,Mexico City,Sydney,Australia,Shopping,Sydney Shopping 61,"Main Road, Sydney",Summer,3.5142857142857147,3.8000000000000003
3680,497,2025,5,Business,19,3.7,Asia,India,Goa,Auckland,New Zealand,Park,Auckland Park 19,"Main Road, Auckland",Spring,3.822222222222222,3.689583333333333
3681,590,2022,7,Friends,74,4.8,Asia,Japan,Tokyo,Sydney,Australia,Historical Site,Sydney Historical Site 74,"Main Road, Sydney",Summer,4.666666666666667,4.0487179487179485
3682,333,2024,2,Couples,19,3.6,Europe,Italy,Venice,Auckland,New Zealand,Park,Auckland Park 19,"Main Road, Auckland",Winter,3.4166666666666665,3.689583333333333
3683,157,2024,5,Couples,41,4.6,North America,Canada,Vancouver,Vancouver,Canada,Beach,Vancouver Beach 41,"Main Road, Vancouver",Spring,4.2,3.7526315789473683
3684,612,2023,2,Solo,27,3.8,Africa,Kenya,Mombasa,Nairobi,Kenya,Temple,Nairobi Temple 27,"Main Road, Nairobi",Winter,3.483333333333333,3.6843137254901963
3685,446,2025,11,Business,100,4.7,South America,Chile,Santiago,Mombasa,Kenya,Wildlife,Mombasa Wildlife 100,"Main Road, Mombasa",Autumn,3.942857142857143,3.75
3686,674,2025,4,Friends,98,4.2,Australia,New Zealand,Auckland,Mombasa,Kenya,Adventure,Mombasa Adventure 98,"Main Road, Mombasa",Spring,3.7285714285714286,4.017543859649122
3687,468,2022,9,Solo,92,4.2,Asia,India,Jaipur,Queenstown,New Zealand,Museum,Queenstown Museum 92,"Main Road, Queenstown",Autumn,3.8600000000000003,4.0339285714285715
3688,280,2022,2,Couples,44,3.3,Africa,Egypt,Cairo,Rio de Janeiro,Brazil,Temple,Rio de Janeiro Temple 44,"Main Road, Rio de Janeiro",Winter,3.5,3.825
3689,692,2024,9,Couples,36,3.3,Australia,Australia,Melbourne,Singapore,Singapore,Beach,Singapore Beach 36,"Main Road, Singapore",Autumn,3.9285714285714284,3.7410714285714284
3690,179,2023,8,Friends,41,3.2,South America,Argentina,Buenos Aires,Vancouver,Canada,Beach,Vancouver Beach 41,"Main Road, Vancouver",Summer,2.8,3.7526315789473683
3691,973,2023,6,Couples,97,3.4,Africa,Kenya,Nairobi,Los Angeles,USA,Historical Site,Los Angeles Historical Site 97,"Main Road, Los Angeles",Summer,3.4857142857142853,3.661904761904762
3692,54,2022,4,Solo,48,3.0,Africa,South Africa,Johannesburg,Nairobi,Kenya,Adventure,Nairobi Adventure 48,"Main Road, Nairobi",Spring,3.716666666666667,3.845833333333333
3693,77,2025,11,Friends,27,4.2,North America,USA,Los Angeles,Nairobi,Kenya,Temple,Nairobi Temple 27,"Main Road, Nairobi",Autumn,4.2375,3.6843137254901963
3694,359,2024,9,Business,21,4.1,Africa,South Africa,Cape Town,Luxor,Egypt,Temple,Luxor Temple 21,"Main Road, Luxor",Autumn,3.9799999999999995,3.8267857142857147
3695,95,2023,11,Business,91,5.0,Australia,New Zealand,Auckland,Singapore,Singapore,Historical Site,Singapore Historical Site 91,"Main Road, Singapore",Autumn,4.433333333333334,3.924137931034483
3696,731,2022,4,Solo,56,2.8,Australia,New Zealand,Queenstown,Madrid,Spain,Historical Site,Madrid Historical Site 56,"Main Road, Madrid",Spring,3.78,3.892156862745098
3697,618,2025,2,Friends,84,3.8,Australia,New Zealand,Auckland,Singapore,Singapore,Temple,Singapore Temple 84,"Main Road, Singapore",Winter,3.783333333333333,3.7846153846153845
3698,650,2023,10,Family,75,4.1,South America,Argentina,Buenos Aires,Vancouver,Canada,Park,Vancouver Park 75,"Main Road, Vancouver",Autumn,3.8200000000000003,3.861818181818182
3699,56,2025,7,Friends,42,2.9,Europe,Spain,Madrid,Singapore,Singapore,Wildlife,Singapore Wildlife 42,"Main Road, Singapore",Summer,3.5500000000000003,3.706382978723404
3700,506,2025,5,Family,2,3.4,North America,Canada,Toronto,Sao Paulo,Brazil,Historical Site,Sao Paulo Historical Site 2,"Main Road, Sao Paulo",Spring,3.5999999999999996,3.727272727272727
3701,448,2023,11,Family,68,3.0,Australia,Australia,Sydney,Toronto,Canada,Shopping,Toronto Shopping 68,"Main Road, Toronto",Autumn,3.8875,3.607142857142857
3702,349,2023,12,Solo,73,3.6,South America,Brazil,Rio de Janeiro,Queenstown,New Zealand,Shopping,Queenstown Shopping 73,"Main Road, Queenstown",Winter,3.6833333333333336,3.7816666666666667
3703,712,2025,4,Solo,33,4.5,Asia,Thailand,Bangkok,New York,USA,Historical Site,New York Historical Site 33,"Main Road, New York",Spring,4.566666666666666,3.8160000000000003
3704,521,2023,1,Solo,73,4.9,Asia,Singapore,Singapore,Queenstown,New Zealand,Shopping,Queenstown Shopping 73,"Main Road, Queenstown",Winter,3.783333333333333,3.7816666666666667
3705,145,2025,3,Friends,68,4.7,Australia,Australia,Melbourne,Toronto,Canada,Shopping,Toronto Shopping 68,"Main Road, Toronto",Spring,3.6799999999999997,3.607142857142857
3706,640,2022,7,Couples,1,3.0,Asia,Thailand,Pattaya,Berlin,Germany,Wildlife,Berlin Wildlife 1,"Main Road, Berlin",Summer,3.9666666666666663,3.782051282051282
3707,808,2025,7,Family,11,4.4,Africa,Egypt,Luxor,Pattaya,Thailand,Beach,Pattaya Beach 11,"Main Road, Pattaya",Summer,3.75,3.7121951219512193
3708,243,2025,5,Business,13,4.0,South America,Argentina,Buenos Aires,Auckland,New Zealand,Wildlife,Auckland Wildlife 13,"Main Road, Auckland",Spring,3.85,3.8711864406779664
3709,31,2025,11,Friends,8,4.2,Europe,Germany,Munich,Las Vegas,USA,Museum,Las Vegas Museum 8,"Main Road, Las Vegas",Autumn,3.5375,3.716279069767442
3710,928,2023,5,Friends,11,2.8,Africa,South Africa,Cape Town,Pattaya,Thailand,Beach,Pattaya Beach 11,"Main Road, Pattaya",Spring,3.6333333333333337,3.7121951219512193
3711,740,2024,12,Family,34,3.7,Africa,Kenya,Mombasa,Mombasa,Kenya,Temple,Mombasa Temple 34,"Main Road, Mombasa",Winter,3.857142857142857,3.764
3712,706,2022,8,Couples,86,3.5,South America,Brazil,Sao Paulo,Cape Town,South Africa,Historical Site,Cape Town Historical Site 86,"Main Road, Cape Town",Summer,3.575,3.6799999999999997
3713,223,2025,11,Business,68,3.5,Australia,New Zealand,Auckland,Toronto,Canada,Shopping,Toronto Shopping 68,"Main Road, Toronto",Autumn,4.1,3.607142857142857
3714,674,2023,12,Family,97,3.8,Australia,New Zealand,Auckland,Los Angeles,USA,Historical Site,Los Angeles Historical Site 97,"Main Road, Los Angeles",Winter,3.7285714285714286,3.661904761904762
3715,589,2024,2,Solo,73,3.4,Australia,New Zealand,Queenstown,Queenstown,New Zealand,Shopping,Queenstown Shopping 73,"Main Road, Queenstown",Winter,3.814285714285714,3.7816666666666667
3716,32,2024,7,Family,7,3.6,Africa,South Africa,Johannesburg,Santiago,Chile,Park,Santiago Park 7,"Main Road, Santiago",Summer,3.8200000000000003,3.6767857142857143
3717,786,2023,8,Friends,71,4.7,Australia,Australia,Sydney,Rio de Janeiro,Brazil,Museum,Rio de Janeiro Museum 71,"Main Road, Rio de Janeiro",Summer,3.96,3.9066666666666667
3718,505,2023,6,Couples,86,3.2,Africa,Egypt,Luxor,Cape Town,South Africa,Historical Site,Cape Town Historical Site 86,"Main Road, Cape Town",Summer,3.816666666666667,3.6799999999999997
3719,847,2022,10,Family,38,4.5,Europe,Italy,Milan,Luxor,Egypt,Museum,Luxor Museum 38,"Main Road, Luxor",Autumn,4.014285714285714,3.784313725490196
3720,540,2024,12,Business,98,2.9,Asia,Japan,Kyoto,Mombasa,Kenya,Adventure,Mombasa Adventure 98,"Main Road, Mombasa",Winter,3.0749999999999997,4.017543859649122
3721,343,2025,3,Family,46,3.8,South America,Brazil,Sao Paulo,Jaipur,India,Shopping,Jaipur Shopping 46,"Main Road, Jaipur",Spring,3.675,3.7113636363636364
3722,729,2024,9,Friends,26,4.4,Asia,India,Delhi,Rome,Italy,Temple,Rome Temple 26,"Main Road, Rome",Autumn,3.233333333333333,3.829310344827586
3723,644,2023,6,Couples,79,5.0,North America,Canada,Toronto,Mexico City,Mexico,Historical Site,Mexico City Historical Site 79,"Main Road, Mexico City",Summer,3.8666666666666667,3.861224489795918
3724,790,2023,6,Friends,11,2.9,South America,Brazil,Sao Paulo,Pattaya,Thailand,Beach,Pattaya Beach 11,"Main Road, Pattaya",Summer,3.3999999999999995,3.7121951219512193
3725,90,2024,10,Friends,51,3.9,North America,Canada,Vancouver,Mexico City,Mexico,Temple,Mexico City Temple 51,"Main Road, Mexico City",Autumn,3.9875,3.861290322580645
3726,663,2025,7,Friends,90,3.8,Africa,South Africa,Cape Town,Nice,France,Temple,Nice Temple 90,"Main Road, Nice",Summer,4.1875,3.7215686274509805
3727,430,2024,7,Family,38,3.4,South America,Brazil,Sao Paulo,Luxor,Egypt,Museum,Luxor Museum 38,"Main Road, Luxor",Summer,3.533333333333333,3.784313725490196
3728,67,2022,5,Business,41,4.1,Europe,France,Nice,Vancouver,Canada,Beach,Vancouver Beach 41,"Main Road, Vancouver",Spring,4.633333333333334,3.7526315789473683
3729,208,2025,2,Couples,16,4.4,Europe,Italy,Milan,Sao Paulo,Brazil,Historical Site,Sao Paulo Historical Site 16,"Main Road, Sao Paulo",Winter,4.0200000000000005,3.932758620689655
3730,530,2025,3,Family,19,4.5,South America,Brazil,Sao Paulo,Auckland,New Zealand,Park,Auckland Park 19,"Main Road, Auckland",Spring,3.716666666666667,3.689583333333333
3731,238,2025,6,Business,89,4.4,South America,Brazil,Sao Paulo,Sydney,Australia,Park,Sydney Park 89,"Main Road, Sydney",Summer,4.166666666666667,3.811764705882353
3732,553,2024,4,Family,36,3.8,Africa,Egypt,Luxor,Singapore,Singapore,Beach,Singapore Beach 36,"Main Road, Singapore",Spring,4.1,3.7410714285714284
3733,382,2023,10,Family,87,4.0,Africa,Egypt,Luxor,Vancouver,Canada,Park,Vancouver Park 87,"Main Road, Vancouver",Autumn,3.2600000000000002,3.881818181818182
3734,348,2023,4,Business,22,2.9,North America,Canada,Vancouver,Melbourne,Australia,Adventure,Melbourne Adventure 22,"Main Road, Melbourne",Spring,3.7714285714285714,3.8629629629629627
3735,391,2023,2,Solo,88,4.4,North America,Mexico,Cancun,Tokyo,Japan,Shopping,Tokyo Shopping 88,"Main Road, Tokyo",Winter,4.25,3.901818181818182
3736,104,2022,8,Couples,63,3.5,North America,Mexico,Mexico City,Madrid,Spain,Shopping,Madrid Shopping 63,"Main Road, Madrid",Summer,3.533333333333333,3.8245283018867924
3737,335,2022,11,Solo,79,3.7,North America,Mexico,Cancun,Mexico City,Mexico,Historical Site,Mexico City Historical Site 79,"Main Road, Mexico City",Autumn,3.85,3.861224489795918
3738,343,2024,9,Couples,91,3.9,South America,Brazil,Sao Paulo,Singapore,Singapore,Historical Site,Singapore Historical Site 91,"Main Road, Singapore",Autumn,3.675,3.924137931034483
3739,854,2025,3,Family,8,2.9,Asia,Japan,Osaka,Las Vegas,USA,Museum,Las Vegas Museum 8,"Main Road, Las Vegas",Spring,3.8333333333333335,3.716279069767442
3740,971,2025,7,Couples,12,4.5,Africa,Kenya,Mombasa,New York,USA,Historical Site,New York Historical Site 12,"Main Road, New York",Summer,3.8833333333333333,3.8160714285714286
3741,421,2022,2,Solo,4,3.8,North America,Mexico,Mexico City,Buenos Aires,Argentina,Temple,Buenos Aires Temple 4,"Main Road, Buenos Aires",Winter,3.533333333333333,3.96
3742,200,2022,2,Friends,47,3.1,Asia,Japan,Kyoto,New York,USA,Historical Site,New York Historical Site 47,"Main Road, New York",Winter,3.35,3.9181818181818184
3743,677,2023,12,Family,23,3.6,North America,USA,New York,Los Angeles,USA,Adventure,Los Angeles Adventure 23,"Main Road, Los Angeles",Winter,4.1625,3.919047619047619
3744,241,2024,1,Solo,2,4.6,South America,Brazil,Rio de Janeiro,Sao Paulo,Brazil,Historical Site,Sao Paulo Historical Site 2,"Main Road, Sao Paulo",Winter,3.533333333333333,3.727272727272727
3745,618,2025,4,Friends,92,4.4,Australia,New Zealand,Auckland,Queenstown,New Zealand,Museum,Queenstown Museum 92,"Main Road, Queenstown",Spring,3.783333333333333,4.0339285714285715
3746,970,2024,5,Solo,4,4.5,South America,Argentina,Buenos Aires,Buenos Aires,Argentina,Temple,Buenos Aires Temple 4,"Main Road, Buenos Aires",Spring,3.8875,3.96
3747,664,2024,8,Family,18,3.3,Europe,Germany,Munich,Madrid,Spain,Historical Site,Madrid Historical Site 18,"Main Road, Madrid",Summer,3.6999999999999997,3.7285714285714286
3748,880,2022,12,Couples,4,3.5,Asia,Thailand,Phuket,Buenos Aires,Argentina,Temple,Buenos Aires Temple 4,"Main Road, Buenos Aires",Winter,3.8333333333333335,3.96
3749,160,2022,4,Family,51,3.9,Australia,New Zealand,Auckland,Mexico City,Mexico,Temple,Mexico City Temple 51,"Main Road, Mexico City",Spring,3.775,3.861290322580645
3750,955,2023,8,Family,100,4.3,Australia,New Zealand,Queenstown,Mombasa,Kenya,Wildlife,Mombasa Wildlife 100,"Main Road, Mombasa",Summer,4.45,3.75
3751,948,2022,10,Couples,4,4.3,Europe,Spain,Barcelona,Buenos Aires,Argentina,Temple,Buenos Aires Temple 4,"Main Road, Buenos Aires",Autumn,3.8666666666666667,3.96
3752,336,2022,12,Family,5,3.4,Europe,Germany,Berlin,Santiago,Chile,Adventure,Santiago Adventure 5,"Main Road, Santiago",Winter,3.7000000000000006,3.691111111111111
3753,334,2023,7,Friends,22,4.5,Europe,Italy,Venice,Melbourne,Australia,Adventure,Melbourne Adventure 22,"Main Road, Melbourne",Summer,3.9,3.8629629629629627
3754,494,2022,7,Friends,52,3.1,Australia,New Zealand,Queenstown,Mombasa,Kenya,Shopping,Mombasa Shopping 52,"Main Road, Mombasa",Summer,3.283333333333333,3.9035087719298245
3755,771,2024,11,Business,42,4.0,Australia,New Zealand,Auckland,Singapore,Singapore,Wildlife,Singapore Wildlife 42,"Main Road, Singapore",Autumn,3.642857142857143,3.706382978723404
3756,949,2023,12,Couples,72,3.3,South America,Brazil,Sao Paulo,Luxor,Egypt,Temple,Luxor Temple 72,"Main Road, Luxor",Winter,3.95,3.696296296296296
3757,913,2025,6,Friends,34,4.8,North America,USA,Las Vegas,Mombasa,Kenya,Temple,Mombasa Temple 34,"Main Road, Mombasa",Summer,4.82,3.764
3758,136,2024,11,Solo,15,3.1,North America,Canada,Vancouver,Jaipur,India,Historical Site,Jaipur Historical Site 15,"Main Road, Jaipur",Autumn,3.6,3.8632653061224493
3759,59,2024,10,Business,10,4.9,Europe,Italy,Rome,Toronto,Canada,Wildlife,Toronto Wildlife 10,"Main Road, Toronto",Autumn,3.585714285714286,3.8257575757575757
3760,986,2023,10,Solo,78,3.8,Australia,New Zealand,Queenstown,Santiago,Chile,Museum,Santiago Museum 78,"Main Road, Santiago",Autumn,3.957142857142857,3.814814814814815
3761,500,2023,2,Friends,61,3.4,Asia,Singapore,Singapore,Sydney,Australia,Shopping,Sydney Shopping 61,"Main Road, Sydney",Winter,3.7571428571428567,3.8000000000000003
3762,363,2022,2,Couples,67,3.4,Africa,Egypt,Luxor,Auckland,New Zealand,Historical Site,Auckland Historical Site 67,"Main Road, Auckland",Winter,3.9,3.736842105263158
3763,16,2022,4,Couples,85,4.0,Australia,Australia,Melbourne,Rome,Italy,Historical Site,Rome Historical Site 85,"Main Road, Rome",Spring,3.9333333333333336,3.8607843137254902
3764,892,2025,4,Friends,80,3.9,North America,Mexico,Cancun,Nairobi,Kenya,Temple,Nairobi Temple 80,"Main Road, Nairobi",Spring,4.133333333333334,3.8166666666666664
3765,780,2025,4,Family,25,3.2,Africa,South Africa,Cape Town,Cairo,Egypt,Temple,Cairo Temple 25,"Main Road, Cairo",Spring,3.55,3.595555555555556
3766,678,2024,4,Solo,12,2.9,Africa,Kenya,Mombasa,New York,USA,Historical Site,New York Historical Site 12,"Main Road, New York",Spring,3.35,3.8160714285714286
3767,295,2024,8,Friends,77,2.5,Australia,Australia,Sydney,Rome,Italy,Temple,Rome Temple 77,"Main Road, Rome",Summer,3.7,3.836734693877551
3768,90,2024,6,Business,42,4.1,North America,Canada,Vancouver,Singapore,Singapore,Wildlife,Singapore Wildlife 42,"Main Road, Singapore",Summer,3.9875,3.706382978723404
3769,740,2025,2,Friends,83,4.2,Africa,Kenya,Mombasa,Melbourne,Australia,Wildlife,Melbourne Wildlife 83,"Main Road, Melbourne",Winter,3.857142857142857,3.851282051282051
3770,457,2025,10,Couples,65,4.3,South America,Chile,Santiago,Vancouver,Canada,Museum,Vancouver Museum 65,"Main Road, Vancouver",Autumn,3.8600000000000003,3.9294117647058826
3771,782,2025,3,Family,83,4.8,Europe,Spain,Barcelona,Melbourne,Australia,Wildlife,Melbourne Wildlife 83,"Main Road, Melbourne",Spring,3.45,3.851282051282051
3772,939,2024,12,Couples,9,2.8,Europe,Germany,Berlin,Nice,France,Adventure,Nice Adventure 9,"Main Road, Nice",Winter,3.2399999999999998,3.709803921568627
3773,368,2022,6,Family,58,3.9,South America,Chile,Santiago,Mumbai,India,Wildlife,Mumbai Wildlife 58,"Main Road, Mumbai",Summer,4.5200000000000005,3.7518518518518515
3774,103,2025,2,Solo,78,4.2,Europe,Spain,Madrid,Santiago,Chile,Museum,Santiago Museum 78,"Main Road, Santiago",Winter,4.091666666666667,3.814814814814815
3775,116,2022,11,Family,15,3.1,Asia,India,Jaipur,Jaipur,India,Historical Site,Jaipur Historical Site 15,"Main Road, Jaipur",Autumn,3.75,3.8632653061224493
3776,250,2024,1,Friends,15,4.6,Africa,Kenya,Mombasa,Jaipur,India,Historical Site,Jaipur Historical Site 15,"Main Road, Jaipur",Winter,4.1,3.8632653061224493
3777,818,2024,11,Couples,60,3.6,North America,Canada,Toronto,Johannesburg,South Africa,Museum,Johannesburg Museum 60,"Main Road, Johannesburg",Autumn,4.0200000000000005,3.7857142857142856
3778,287,2023,11,Family,73,3.5,Asia,Thailand,Phuket,Queenstown,New Zealand,Shopping,Queenstown Shopping 73,"Main Road, Queenstown",Autumn,3.525,3.7816666666666667
3779,318,2024,8,Friends,75,3.8,Asia,India,Mumbai,Vancouver,Canada,Park,Vancouver Park 75,"Main Road, Vancouver",Summer,4.0,3.861818181818182
3780,809,2023,1,Friends,49,3.6,Australia,New Zealand,Auckland,Santiago,Chile,Historical Site,Santiago Historical Site 49,"Main Road, Santiago",Winter,3.516666666666667,3.8877551020408165
3781,266,2024,12,Friends,78,3.6,South America,Chile,Santiago,Santiago,Chile,Museum,Santiago Museum 78,"Main Road, Santiago",Winter,3.7600000000000002,3.814814814814815
3782,932,2022,8,Family,60,5.0,Asia,Japan,Tokyo,Johannesburg,South Africa,Museum,Johannesburg Museum 60,"Main Road, Johannesburg",Summer,4.1,3.7857142857142856
3783,171,2022,6,Family,58,4.8,Australia,Australia,Sydney,Mumbai,India,Wildlife,Mumbai Wildlife 58,"Main Road, Mumbai",Summer,3.94,3.7518518518518515
3784,219,2022,5,Couples,98,4.2,Australia,New Zealand,Auckland,Mombasa,Kenya,Adventure,Mombasa Adventure 98,"Main Road, Mombasa",Spring,3.6100000000000003,4.017543859649122
3785,456,2022,7,Solo,19,2.6,South America,Brazil,Sao Paulo,Auckland,New Zealand,Park,Auckland Park 19,"Main Road, Auckland",Summer,3.425,3.689583333333333
3786,406,2024,10,Couples,37,4.0,North America,Canada,Toronto,Mumbai,India,Historical Site,Mumbai Historical Site 37,"Main Road, Mumbai",Autumn,3.6,3.752173913043478
3787,355,2023,2,Couples,77,4.9,Africa,Kenya,Nairobi,Rome,Italy,Temple,Rome Temple 77,"Main Road, Rome",Winter,4.7,3.836734693877551
3788,581,2024,7,Family,39,3.5,Africa,South Africa,Johannesburg,Munich,Germany,Shopping,Munich Shopping 39,"Main Road, Munich",Summer,4.0,3.965909090909091
3789,723,2023,8,Family,94,3.8,Asia,Japan,Kyoto,Melbourne,Australia,Temple,Melbourne Temple 94,"Main Road, Melbourne",Summer,3.9200000000000004,3.6732142857142853
3790,796,2022,8,Couples,5,2.6,South America,Argentina,Buenos Aires,Santiago,Chile,Adventure,Santiago Adventure 5,"Main Road, Santiago",Summer,3.4,3.691111111111111
3791,848,2022,11,Business,18,4.5,Europe,France,Paris,Madrid,Spain,Historical Site,Madrid Historical Site 18,"Main Road, Madrid",Autumn,3.7714285714285714,3.7285714285714286
3792,601,2022,2,Family,4,3.5,South America,Chile,Santiago,Buenos Aires,Argentina,Temple,Buenos Aires Temple 4,"Main Road, Buenos Aires",Winter,4.0,3.96
3793,132,2023,12,Friends,44,3.0,South America,Chile,Santiago,Rio de Janeiro,Brazil,Temple,Rio de Janeiro Temple 44,"Main Road, Rio de Janeiro",Winter,3.9499999999999997,3.825
3794,258,2023,12,Solo,36,3.5,Africa,Kenya,Nairobi,Singapore,Singapore,Beach,Singapore Beach 36,"Main Road, Singapore",Winter,3.66,3.7410714285714284
3795,759,2025,12,Friends,47,4.4,Europe,Italy,Venice,New York,USA,Historical Site,New York Historical Site 47,"Main Road, New York",Winter,4.2,3.9181818181818184
3796,305,2023,11,Family,88,4.3,Asia,Japan,Tokyo,Tokyo,Japan,Shopping,Tokyo Shopping 88,"Main Road, Tokyo",Autumn,3.866666666666667,3.901818181818182
3797,169,2023,4,Solo,78,4.7,South America,Argentina,Buenos Aires,Santiago,Chile,Museum,Santiago Museum 78,"Main Road, Santiago",Spring,3.966666666666667,3.814814814814815
3798,615,2022,12,Family,94,4.1,Australia,Australia,Sydney,Melbourne,Australia,Temple,Melbourne Temple 94,"Main Road, Melbourne",Winter,3.9,3.6732142857142853
3799,358,2024,9,Couples,58,3.9,Asia,Japan,Kyoto,Mumbai,India,Wildlife,Mumbai Wildlife 58,"Main Road, Mumbai",Autumn,3.966666666666667,3.7518518518518515
3800,329,2022,8,Business,25,3.5,Asia,India,Goa,Cairo,Egypt,Temple,Cairo Temple 25,"Main Road, Cairo",Summer,3.85,3.595555555555556
3801,932,2025,1,Business,89,4.3,Asia,Japan,Tokyo,Sydney,Australia,Park,Sydney Park 89,"Main Road, Sydney",Winter,4.1,3.811764705882353
3802,368,2024,9,Solo,3,4.7,South America,Chile,Santiago,Rio de Janeiro,Brazil,Adventure,Rio de Janeiro Adventure 3,"Main Road, Rio de Janeiro",Autumn,4.5200000000000005,3.791111111111111
3803,751,2022,8,Couples,19,4.4,Australia,New Zealand,Queenstown,Auckland,New Zealand,Park,Auckland Park 19,"Main Road, Auckland",Summer,4.1375,3.689583333333333
3804,565,2024,12,Family,34,3.7,Africa,South Africa,Johannesburg,Mombasa,Kenya,Temple,Mombasa Temple 34,"Main Road, Mombasa",Winter,3.3875,3.764
3805,518,2024,1,Family,27,4.5,North America,Mexico,Cancun,Nairobi,Kenya,Temple,Nairobi Temple 27,"Main Road, Nairobi",Winter,4.35,3.6843137254901963
3806,244,2024,7,Solo,44,4.3,South America,Chile,Santiago,Rio de Janeiro,Brazil,Temple,Rio de Janeiro Temple 44,"Main Road, Rio de Janeiro",Summer,3.233333333333333,3.825
3807,22,2022,9,Solo,47,4.1,Europe,Italy,Rome,New York,USA,Historical Site,New York Historical Site 47,"Main Road, New York",Autumn,4.0,3.9181818181818184
3808,967,2022,7,Family,27,4.1,Australia,New Zealand,Queenstown,Nairobi,Kenya,Temple,Nairobi Temple 27,"Main Road, Nairobi",Summer,3.8857142857142857,3.6843137254901963
3809,699,2022,1,Friends,10,2.7,South America,Chile,Santiago,Toronto,Canada,Wildlife,Toronto Wildlife 10,"Main Road, Toronto",Winter,3.744444444444445,3.8257575757575757
3810,418,2024,9,Couples,71,2.6,Africa,Kenya,Mombasa,Rio de Janeiro,Brazil,Museum,Rio de Janeiro Museum 71,"Main Road, Rio de Janeiro",Autumn,3.1333333333333333,3.9066666666666667
3811,823,2025,2,Solo,7,5.0,South America,Chile,Santiago,Santiago,Chile,Park,Santiago Park 7,"Main Road, Santiago",Winter,4.083333333333333,3.6767857142857143
3812,569,2023,10,Family,91,3.5,Australia,New Zealand,Auckland,Singapore,Singapore,Historical Site,Singapore Historical Site 91,"Main Road, Singapore",Autumn,3.6125000000000003,3.924137931034483
3813,133,2023,12,Couples,42,3.1,North America,Canada,Toronto,Singapore,Singapore,Wildlife,Singapore Wildlife 42,"Main Road, Singapore",Winter,3.7625,3.706382978723404
3814,451,2022,2,Family,7,3.9,Africa,South Africa,Cape Town,Santiago,Chile,Park,Santiago Park 7,"Main Road, Santiago",Winter,4.3,3.6767857142857143
3815,845,2022,9,Business,58,3.5,South America,Chile,Santiago,Mumbai,India,Wildlife,Mumbai Wildlife 58,"Main Road, Mumbai",Autumn,3.7,3.7518518518518515
3816,329,2025,4,Solo,40,3.6,Asia,India,Goa,Cape Town,South Africa,Museum,Cape Town Museum 40,"Main Road, Cape Town",Spring,3.85,3.815909090909091
3817,583,2024,6,Family,17,4.5,North America,USA,Las Vegas,Buenos Aires,Argentina,Wildlife,Buenos Aires Wildlife 17,"Main Road, Buenos Aires",Summer,3.9333333333333336,3.9155555555555552
3818,465,2024,3,Family,94,5.0,Europe,Italy,Milan,Melbourne,Australia,Temple,Melbourne Temple 94,"Main Road, Melbourne",Spring,4.266666666666667,3.6732142857142853
3819,240,2024,7,Family,30,3.9,Asia,Singapore,Singapore,Cape Town,South Africa,Museum,Cape Town Museum 30,"Main Road, Cape Town",Summer,3.9749999999999996,3.811111111111111
3820,283,2023,5,Business,2,2.9,North America,USA,Los Angeles,Sao Paulo,Brazil,Historical Site,Sao Paulo Historical Site 2,"Main Road, Sao Paulo",Spring,3.3333333333333335,3.727272727272727
3821,324,2022,5,Friends,13,3.3,Europe,Italy,Venice,Auckland,New Zealand,Wildlife,Auckland Wildlife 13,"Main Road, Auckland",Spring,3.883333333333333,3.8711864406779664
3822,713,2023,7,Business,37,3.1,Asia,Thailand,Pattaya,Mumbai,India,Historical Site,Mumbai Historical Site 37,"Main Road, Mumbai",Summer,3.757142857142857,3.752173913043478
3823,448,2024,5,Solo,55,3.6,Australia,Australia,Sydney,Mumbai,India,Wildlife,Mumbai Wildlife 55,"Main Road, Mumbai",Spring,3.8875,3.6921568627450982
3824,219,2025,9,Friends,33,3.1,Australia,New Zealand,Auckland,New York,USA,Historical Site,New York Historical Site 33,"Main Road, New York",Autumn,3.6100000000000003,3.8160000000000003
3825,238,2024,12,Couples,37,3.7,South America,Brazil,Sao Paulo,Mumbai,India,Historical Site,Mumbai Historical Site 37,"Main Road, Mumbai",Winter,4.166666666666667,3.752173913043478
3826,435,2025,2,Friends,8,3.0,Australia,New Zealand,Queenstown,Las Vegas,USA,Museum,Las Vegas Museum 8,"Main Road, Las Vegas",Winter,3.1999999999999997,3.716279069767442
3827,357,2025,6,Business,38,3.9,Europe,Italy,Venice,Luxor,Egypt,Museum,Luxor Museum 38,"Main Road, Luxor",Summer,3.1166666666666667,3.784313725490196
3828,833,2025,6,Family,64,4.4,Africa,Kenya,Nairobi,Madrid,Spain,Beach,Madrid Beach 64,"Main Road, Madrid",Summer,3.6999999999999997,3.8058823529411763
3829,373,2023,1,Family,60,3.9,Australia,Australia,Sydney,Johannesburg,South Africa,Museum,Johannesburg Museum 60,"Main Road, Johannesburg",Winter,3.9,3.7857142857142856
3830,153,2023,8,Solo,7,4.0,Europe,Spain,Barcelona,Santiago,Chile,Park,Santiago Park 7,"Main Road, Santiago",Summer,3.95,3.6767857142857143
3831,716,2025,9,Couples,31,4.8,Australia,New Zealand,Queenstown,Queenstown,New Zealand,Historical Site,Queenstown Historical Site 31,"Main Road, Queenstown",Autumn,4.766666666666667,3.663157894736842
3832,954,2022,5,Friends,58,3.2,Australia,New Zealand,Queenstown,Mumbai,India,Wildlife,Mumbai Wildlife 58,"Main Road, Mumbai",Spring,3.6875,3.7518518518518515
3833,49,2023,1,Solo,35,4.6,South America,Argentina,Buenos Aires,Paris,France,Beach,Paris Beach 35,"Main Road, Paris",Winter,3.725,3.728
3834,516,2022,11,Business,96,3.9,South America,Argentina,Buenos Aires,Cancun,Mexico,Adventure,Cancun Adventure 96,"Main Road, Cancun",Autumn,3.8,3.5860000000000003
3835,571,2025,2,Solo,61,3.8,South America,Chile,Santiago,Sydney,Australia,Shopping,Sydney Shopping 61,"Main Road, Sydney",Winter,4.0181818181818185,3.8000000000000003
3836,476,2024,5,Business,82,4.2,Asia,Japan,Tokyo,Sydney,Australia,Temple,Sydney Temple 82,"Main Road, Sydney",Spring,3.814285714285714,3.7333333333333334
3837,436,2025,10,Friends,78,3.4,South America,Brazil,Rio de Janeiro,Santiago,Chile,Museum,Santiago Museum 78,"Main Road, Santiago",Autumn,3.88,3.814814814814815
3838,580,2025,9,Business,35,4.3,North America,Mexico,Mexico City,Paris,France,Beach,Paris Beach 35,"Main Road, Paris",Autumn,3.814285714285714,3.728
3839,527,2024,11,Couples,63,4.4,Europe,Spain,Barcelona,Madrid,Spain,Shopping,Madrid Shopping 63,"Main Road, Madrid",Autumn,4.040000000000001,3.8245283018867924
3840,389,2022,7,Family,90,3.6,Africa,Kenya,Mombasa,Nice,France,Temple,Nice Temple 90,"Main Road, Nice",Summer,3.8333333333333335,3.7215686274509805
3841,825,2023,2,Couples,72,3.5,Australia,New Zealand,Queenstown,Luxor,Egypt,Temple,Luxor Temple 72,"Main Road, Luxor",Winter,3.6999999999999997,3.696296296296296
3842,199,2024,11,Family,40,2.7,South America,Brazil,Rio de Janeiro,Cape Town,South Africa,Museum,Cape Town Museum 40,"Main Road, Cape Town",Autumn,3.8428571428571425,3.815909090909091
3843,578,2023,7,Friends,9,3.7,Africa,South Africa,Johannesburg,Nice,France,Adventure,Nice Adventure 9,"Main Road, Nice",Summer,4.125,3.709803921568627
3844,895,2022,9,Business,87,3.6,South America,Chile,Santiago,Vancouver,Canada,Park,Vancouver Park 87,"Main Road, Vancouver",Autumn,3.7714285714285714,3.881818181818182
3845,348,2024,10,Couples,51,4.3,North America,Canada,Vancouver,Mexico City,Mexico,Temple,Mexico City Temple 51,"Main Road, Mexico City",Autumn,3.7714285714285714,3.861290322580645
3846,183,2025,10,Couples,96,4.5,South America,Argentina,Buenos Aires,Cancun,Mexico,Adventure,Cancun Adventure 96,"Main Road, Cancun",Autumn,3.8600000000000003,3.5860000000000003
3847,497,2022,3,Family,85,3.2,Asia,India,Goa,Rome,Italy,Historical Site,Rome Historical Site 85,"Main Road, Rome",Spring,3.822222222222222,3.8607843137254902
3848,706,2024,12,Couples,63,3.7,South America,Brazil,Sao Paulo,Madrid,Spain,Shopping,Madrid Shopping 63,"Main Road, Madrid",Winter,3.575,3.8245283018867924
3849,617,2022,9,Couples,69,3.5,North America,Mexico,Cancun,Johannesburg,South Africa,Shopping,Johannesburg Shopping 69,"Main Road, Johannesburg",Autumn,3.2285714285714286,3.818032786885246
3850,131,2023,4,Solo,45,4.4,North America,USA,New York,Cairo,Egypt,Park,Cairo Park 45,"Main Road, Cairo",Spring,3.6,3.852830188679245
3851,611,2023,5,Solo,96,3.8,Africa,Kenya,Nairobi,Cancun,Mexico,Adventure,Cancun Adventure 96,"Main Road, Cancun",Spring,4.08,3.5860000000000003
3852,923,2024,2,Solo,80,2.9,South America,Argentina,Buenos Aires,Nairobi,Kenya,Temple,Nairobi Temple 80,"Main Road, Nairobi",Winter,3.62,3.8166666666666664
3853,432,2025,12,Family,1,4.1,Australia,New Zealand,Queenstown,Berlin,Germany,Wildlife,Berlin Wildlife 1,"Main Road, Berlin",Winter,3.4,3.782051282051282
3854,462,2023,3,Solo,29,3.6,North America,USA,Las Vegas,Santiago,Chile,Wildlife,Santiago Wildlife 29,"Main Road, Santiago",Spring,3.35,3.7943396226415094
3855,11,2024,10,Couples,32,2.3,Australia,Australia,Melbourne,Buenos Aires,Argentina,Shopping,Buenos Aires Shopping 32,"Main Road, Buenos Aires",Autumn,3.4375,3.812244897959184
3856,191,2023,9,Business,7,3.5,Europe,Germany,Munich,Santiago,Chile,Park,Santiago Park 7,"Main Road, Santiago",Autumn,3.516666666666667,3.6767857142857143
3857,694,2022,4,Couples,31,4.7,Europe,Spain,Barcelona,Queenstown,New Zealand,Historical Site,Queenstown Historical Site 31,"Main Road, Queenstown",Spring,3.6,3.663157894736842
3858,17,2022,10,Solo,4,4.9,South America,Brazil,Rio de Janeiro,Buenos Aires,Argentina,Temple,Buenos Aires Temple 4,"Main Road, Buenos Aires",Autumn,4.2,3.96
3859,214,2024,12,Couples,52,3.9,Africa,South Africa,Cape Town,Mombasa,Kenya,Shopping,Mombasa Shopping 52,"Main Road, Mombasa",Winter,3.783333333333333,3.9035087719298245
3860,589,2024,1,Friends,47,3.4,Australia,New Zealand,Queenstown,New York,USA,Historical Site,New York Historical Site 47,"Main Road, New York",Winter,3.814285714285714,3.9181818181818184
3861,283,2025,4,Couples,31,1.7,North America,USA,Los Angeles,Queenstown,New Zealand,Historical Site,Queenstown Historical Site 31,"Main Road, Queenstown",Spring,3.3333333333333335,3.663157894736842
3862,830,2024,5,Couples,39,5.0,Australia,New Zealand,Auckland,Munich,Germany,Shopping,Munich Shopping 39,"Main Road, Munich",Spring,4.225,3.965909090909091
3863,692,2025,3,Business,12,3.6,Australia,Australia,Melbourne,New York,USA,Historical Site,New York Historical Site 12,"Main Road, New York",Spring,3.9285714285714284,3.8160714285714286
3864,378,2024,10,Couples,23,3.2,South America,Argentina,Buenos Aires,Los Angeles,USA,Adventure,Los Angeles Adventure 23,"Main Road, Los Angeles",Autumn,3.6454545454545455,3.919047619047619
3865,935,2024,10,Business,26,4.3,Europe,Italy,Rome,Rome,Italy,Temple,Rome Temple 26,"Main Road, Rome",Autumn,3.5,3.829310344827586
3866,1000,2023,12,Friends,8,4.1,Europe,Germany,Berlin,Las Vegas,USA,Museum,Las Vegas Museum 8,"Main Road, Las Vegas",Winter,3.8285714285714283,3.716279069767442
3867,438,2024,4,Couples,51,3.2,Australia,New Zealand,Auckland,Mexico City,Mexico,Temple,Mexico City Temple 51,"Main Road, Mexico City",Spring,3.7,3.861290322580645
3868,538,2025,9,Couples,69,3.6,South America,Argentina,Buenos Aires,Johannesburg,South Africa,Shopping,Johannesburg Shopping 69,"Main Road, Johannesburg",Autumn,3.6500000000000004,3.818032786885246
3869,879,2023,11,Friends,4,4.3,Asia,Singapore,Singapore,Buenos Aires,Argentina,Temple,Buenos Aires Temple 4,"Main Road, Buenos Aires",Autumn,3.9,3.96
3870,562,2023,4,Friends,84,3.2,Australia,New Zealand,Queenstown,Singapore,Singapore,Temple,Singapore Temple 84,"Main Road, Singapore",Spring,3.6,3.7846153846153845
3871,795,2025,10,Business,26,4.1,Africa,Kenya,Mombasa,Rome,Italy,Temple,Rome Temple 26,"Main Road, Rome",Autumn,3.6,3.829310344827586
3872,78,2025,4,Couples,31,3.6,Africa,Egypt,Cairo,Queenstown,New Zealand,Historical Site,Queenstown Historical Site 31,"Main Road, Queenstown",Spring,3.22,3.663157894736842
3873,15,2022,12,Couples,78,3.9,Australia,New Zealand,Auckland,Santiago,Chile,Museum,Santiago Museum 78,"Main Road, Santiago",Winter,4.211111111111111,3.814814814814815
3874,731,2022,9,Family,63,4.4,Australia,New Zealand,Queenstown,Madrid,Spain,Shopping,Madrid Shopping 63,"Main Road, Madrid",Autumn,3.78,3.8245283018867924
3875,194,2025,11,Couples,7,3.9,Africa,South Africa,Johannesburg,Santiago,Chile,Park,Santiago Park 7,"Main Road, Santiago",Autumn,3.88,3.6767857142857143
3876,568,2025,5,Couples,32,3.3,North America,Canada,Vancouver,Buenos Aires,Argentina,Shopping,Buenos Aires Shopping 32,"Main Road, Buenos Aires",Spring,3.72,3.812244897959184
3877,461,2022,4,Friends,11,3.4,North America,Canada,Toronto,Pattaya,Thailand,Beach,Pattaya Beach 11,"Main Road, Pattaya",Spring,3.7,3.7121951219512193
3878,925,2023,6,Couples,85,3.9,Africa,South Africa,Cape Town,Rome,Italy,Historical Site,Rome Historical Site 85,"Main Road, Rome",Summer,3.9272727272727277,3.8607843137254902
3879,344,2022,5,Family,40,4.4,Australia,Australia,Melbourne,Cape Town,South Africa,Museum,Cape Town Museum 40,"Main Road, Cape Town",Spring,3.84,3.815909090909091
3880,169,2025,1,Family,20,3.3,South America,Argentina,Buenos Aires,Vancouver,Canada,Wildlife,Vancouver Wildlife 20,"Main Road, Vancouver",Winter,3.966666666666667,3.775
3881,312,2024,3,Couples,54,3.2,Asia,India,Goa,Rio de Janeiro,Brazil,Shopping,Rio de Janeiro Shopping 54,"Main Road, Rio de Janeiro",Spring,3.3600000000000003,3.7326086956521736
3882,380,2025,5,Friends,90,3.4,Australia,New Zealand,Queenstown,Nice,France,Temple,Nice Temple 90,"Main Road, Nice",Spring,3.3,3.7215686274509805
3883,903,2024,3,Family,9,2.5,Europe,Italy,Rome,Nice,France,Adventure,Nice Adventure 9,"Main Road, Nice",Spring,3.05,3.709803921568627
3884,733,2023,2,Family,95,3.1,South America,Argentina,Buenos Aires,Singapore,Singapore,Park,Singapore Park 95,"Main Road, Singapore",Winter,3.875,3.819607843137255
3885,696,2023,8,Family,2,5.0,Australia,Australia,Sydney,Sao Paulo,Brazil,Historical Site,Sao Paulo Historical Site 2,"Main Road, Sao Paulo",Summer,3.8333333333333335,3.727272727272727
3886,49,2025,4,Friends,43,3.7,South America,Argentina,Buenos Aires,Cape Town,South Africa,Shopping,Cape Town Shopping 43,"Main Road, Cape Town",Spring,3.725,3.772
3887,1000,2022,11,Couples,98,5.0,Europe,Germany,Berlin,Mombasa,Kenya,Adventure,Mombasa Adventure 98,"Main Road, Mombasa",Autumn,3.8285714285714283,4.017543859649122
3888,583,2025,6,Friends,29,3.7,North America,USA,Las Vegas,Santiago,Chile,Wildlife,Santiago Wildlife 29,"Main Road, Santiago",Summer,3.9333333333333336,3.7943396226415094
3889,152,2024,10,Solo,99,4.1,North America,Canada,Toronto,Toronto,Canada,Adventure,Toronto Adventure 99,"Main Road, Toronto",Autumn,4.266666666666667,3.735416666666667
3890,894,2024,10,Couples,29,3.8,Africa,South Africa,Cape Town,Santiago,Chile,Wildlife,Santiago Wildlife 29,"Main Road, Santiago",Autumn,3.88,3.7943396226415094
3891,820,2022,6,Family,38,3.8,Europe,France,Nice,Luxor,Egypt,Museum,Luxor Museum 38,"Main Road, Luxor",Summer,4.15,3.784313725490196
3892,718,2024,6,Friends,34,3.8,Asia,Japan,Tokyo,Mombasa,Kenya,Temple,Mombasa Temple 34,"Main Road, Mombasa",Summer,3.4,3.764
3893,118,2023,6,Couples,37,3.1,Australia,New Zealand,Auckland,Mumbai,India,Historical Site,Mumbai Historical Site 37,"Main Road, Mumbai",Summer,3.4199999999999995,3.752173913043478
3894,414,2022,7,Friends,97,3.3,Africa,South Africa,Cape Town,Los Angeles,USA,Historical Site,Los Angeles Historical Site 97,"Main Road, Los Angeles",Summer,3.8375000000000004,3.661904761904762
3895,112,2023,6,Couples,82,4.1,South America,Brazil,Sao Paulo,Sydney,Australia,Temple,Sydney Temple 82,"Main Road, Sydney",Summer,3.8599999999999994,3.7333333333333334
3896,548,2022,6,Solo,4,4.6,Africa,Kenya,Nairobi,Buenos Aires,Argentina,Temple,Buenos Aires Temple 4,"Main Road, Buenos Aires",Summer,4.3,3.96
3897,351,2023,9,Family,78,3.0,Europe,France,Nice,Santiago,Chile,Museum,Santiago Museum 78,"Main Road, Santiago",Autumn,4.111111111111111,3.814814814814815
3898,414,2023,8,Family,82,4.4,Africa,South Africa,Cape Town,Sydney,Australia,Temple,Sydney Temple 82,"Main Road, Sydney",Summer,3.8375000000000004,3.7333333333333334
3899,794,2025,6,Solo,71,2.5,South America,Argentina,Buenos Aires,Rio de Janeiro,Brazil,Museum,Rio de Janeiro Museum 71,"Main Road, Rio de Janeiro",Summer,3.46,3.9066666666666667
3900,535,2025,5,Couples,14,2.9,Australia,New Zealand,Queenstown,Sao Paulo,Brazil,Historical Site,Sao Paulo Historical Site 14,"Main Road, Sao Paulo",Spring,3.96,3.788235294117647
3901,299,2023,4,Business,76,3.2,North America,USA,Los Angeles,Tokyo,Japan,Temple,Tokyo Temple 76,"Main Road, Tokyo",Spring,3.5799999999999996,3.817777777777778
3902,125,2024,2,Couples,7,3.6,Europe,Germany,Munich,Santiago,Chile,Park,Santiago Park 7,"Main Road, Santiago",Winter,3.7399999999999998,3.6767857142857143
3903,882,2022,12,Family,96,2.6,Australia,New Zealand,Queenstown,Cancun,Mexico,Adventure,Cancun Adventure 96,"Main Road, Cancun",Winter,2.975,3.5860000000000003
3904,596,2024,8,Friends,41,3.5,Africa,Kenya,Mombasa,Vancouver,Canada,Beach,Vancouver Beach 41,"Main Road, Vancouver",Summer,3.45,3.7526315789473683
3905,107,2022,9,Family,95,2.4,North America,USA,New York,Singapore,Singapore,Park,Singapore Park 95,"Main Road, Singapore",Autumn,3.314285714285714,3.819607843137255
3906,291,2024,1,Friends,37,3.0,Europe,Germany,Munich,Mumbai,India,Historical Site,Mumbai Historical Site 37,"Main Road, Mumbai",Winter,2.75,3.752173913043478
3907,53,2024,1,Family,73,4.2,North America,USA,Las Vegas,Queenstown,New Zealand,Shopping,Queenstown Shopping 73,"Main Road, Queenstown",Winter,3.96,3.7816666666666667
3908,565,2025,8,Friends,31,2.2,Africa,South Africa,Johannesburg,Queenstown,New Zealand,Historical Site,Queenstown Historical Site 31,"Main Road, Queenstown",Summer,3.3875,3.663157894736842
3909,87,2022,9,Business,74,3.4,Asia,Thailand,Bangkok,Sydney,Australia,Historical Site,Sydney Historical Site 74,"Main Road, Sydney",Autumn,3.45,4.0487179487179485
3910,261,2025,4,Family,17,3.6,Africa,Kenya,Nairobi,Buenos Aires,Argentina,Wildlife,Buenos Aires Wildlife 17,"Main Road, Buenos Aires",Spring,4.1,3.9155555555555552
3911,675,2022,5,Friends,62,3.1,South America,Brazil,Rio de Janeiro,Buenos Aires,Argentina,Park,Buenos Aires Park 62,"Main Road, Buenos Aires",Spring,3.7600000000000002,3.8065217391304347
3912,896,2023,7,Business,31,3.0,North America,Mexico,Mexico City,Queenstown,New Zealand,Historical Site,Queenstown Historical Site 31,"Main Road, Queenstown",Summer,3.6,3.663157894736842
3913,821,2024,7,Solo,66,2.1,South America,Argentina,Buenos Aires,Kyoto,Japan,Historical Site,Kyoto Historical Site 66,"Main Road, Kyoto",Summer,3.466666666666667,3.8181818181818183
3914,687,2022,10,Family,75,4.1,Europe,Germany,Berlin,Vancouver,Canada,Park,Vancouver Park 75,"Main Road, Vancouver",Autumn,4.125,3.861818181818182
3915,969,2023,3,Family,32,2.6,South America,Argentina,Buenos Aires,Buenos Aires,Argentina,Shopping,Buenos Aires Shopping 32,"Main Road, Buenos Aires",Spring,4.033333333333333,3.812244897959184
3916,436,2025,11,Family,8,5.0,South America,Brazil,Rio de Janeiro,Las Vegas,USA,Museum,Las Vegas Museum 8,"Main Road, Las Vegas",Autumn,3.88,3.716279069767442
3917,780,2023,12,Family,33,3.9,Africa,South Africa,Cape Town,New York,USA,Historical Site,New York Historical Site 33,"Main Road, New York",Winter,3.55,3.8160000000000003
3918,643,2022,3,Family,99,3.4,Africa,Kenya,Mombasa,Toronto,Canada,Adventure,Toronto Adventure 99,"Main Road, Toronto",Spring,3.28,3.735416666666667
3919,677,2025,12,Business,85,5.0,North America,USA,New York,Rome,Italy,Historical Site,Rome Historical Site 85,"Main Road, Rome",Winter,4.1625,3.8607843137254902
3920,809,2023,12,Friends,4,3.5,Australia,New Zealand,Auckland,Buenos Aires,Argentina,Temple,Buenos Aires Temple 4,"Main Road, Buenos Aires",Winter,3.516666666666667,3.96
3921,799,2022,4,Solo,89,3.9,Europe,Italy,Rome,Sydney,Australia,Park,Sydney Park 89,"Main Road, Sydney",Spring,4.116666666666666,3.811764705882353
3922,941,2022,10,Friends,95,3.5,Africa,Egypt,Luxor,Singapore,Singapore,Park,Singapore Park 95,"Main Road, Singapore",Autumn,4.25,3.819607843137255
3923,791,2024,6,Couples,35,4.7,South America,Argentina,Buenos Aires,Paris,France,Beach,Paris Beach 35,"Main Road, Paris",Summer,3.542857142857143,3.728
3924,257,2025,12,Solo,63,2.8,Australia,Australia,Melbourne,Madrid,Spain,Shopping,Madrid Shopping 63,"Main Road, Madrid",Winter,3.925,3.8245283018867924
3925,53,2025,11,Solo,38,3.9,North America,USA,Las Vegas,Luxor,Egypt,Museum,Luxor Museum 38,"Main Road, Luxor",Autumn,3.96,3.784313725490196
3926,775,2022,4,Friends,67,2.8,Australia,New Zealand,Auckland,Auckland,New Zealand,Historical Site,Auckland Historical Site 67,"Main Road, Auckland",Spring,3.3,3.736842105263158
3927,395,2023,3,Business,37,3.3,South America,Argentina,Buenos Aires,Mumbai,India,Historical Site,Mumbai Historical Site 37,"Main Road, Mumbai",Spring,3.3600000000000003,3.752173913043478
3928,263,2024,3,Family,55,2.7,South America,Brazil,Rio de Janeiro,Mumbai,India,Wildlife,Mumbai Wildlife 55,"Main Road, Mumbai",Spring,3.8200000000000003,3.6921568627450982
3929,865,2025,11,Couples,92,3.2,Africa,Egypt,Cairo,Queenstown,New Zealand,Museum,Queenstown Museum 92,"Main Road, Queenstown",Autumn,3.9785714285714286,4.0339285714285715
3930,765,2024,7,Couples,55,2.7,Australia,Australia,Sydney,Mumbai,India,Wildlife,Mumbai Wildlife 55,"Main Road, Mumbai",Summer,3.6999999999999997,3.6921568627450982
3931,638,2022,11,Family,81,4.8,Australia,New Zealand,Auckland,Luxor,Egypt,Park,Luxor Park 81,"Main Road, Luxor",Autumn,3.8428571428571425,3.8309090909090906
3932,362,2023,12,Couples,75,5.0,Australia,Australia,Sydney,Vancouver,Canada,Park,Vancouver Park 75,"Main Road, Vancouver",Winter,3.775,3.861818181818182
3933,333,2022,3,Friends,69,4.3,Europe,Italy,Venice,Johannesburg,South Africa,Shopping,Johannesburg Shopping 69,"Main Road, Johannesburg",Spring,3.4166666666666665,3.818032786885246
3934,107,2023,7,Business,48,2.3,North America,USA,New York,Nairobi,Kenya,Adventure,Nairobi Adventure 48,"Main Road, Nairobi",Summer,3.314285714285714,3.845833333333333
3935,665,2024,1,Couples,6,4.3,Australia,New Zealand,Auckland,Johannesburg,South Africa,Museum,Johannesburg Museum 6,"Main Road, Johannesburg",Winter,3.9,3.8461538461538463
3936,768,2023,2,Family,3,3.8,South America,Argentina,Buenos Aires,Rio de Janeiro,Brazil,Adventure,Rio de Janeiro Adventure 3,"Main Road, Rio de Janeiro",Winter,3.8333333333333335,3.791111111111111
3937,438,2023,1,Couples,79,4.1,Australia,New Zealand,Auckland,Mexico City,Mexico,Historical Site,Mexico City Historical Site 79,"Main Road, Mexico City",Winter,3.7,3.861224489795918
3938,611,2024,11,Friends,13,3.6,Africa,Kenya,Nairobi,Auckland,New Zealand,Wildlife,Auckland Wildlife 13,"Main Road, Auckland",Autumn,4.08,3.8711864406779664
3939,133,2022,12,Friends,14,4.3,North America,Canada,Toronto,Sao Paulo,Brazil,Historical Site,Sao Paulo Historical Site 14,"Main Road, Sao Paulo",Winter,3.7625,3.788235294117647
3940,565,2025,3,Couples,53,2.8,Africa,South Africa,Johannesburg,Milan,Italy,Shopping,Milan Shopping 53,"Main Road, Milan",Spring,3.3875,3.685106382978723
3941,131,2023,7,Business,43,3.7,North America,USA,New York,Cape Town,South Africa,Shopping,Cape Town Shopping 43,"Main Road, Cape Town",Summer,3.6,3.772
3942,567,2024,8,Couples,12,3.2,North America,USA,Las Vegas,New York,USA,Historical Site,New York Historical Site 12,"Main Road, New York",Summer,3.72,3.8160714285714286
3943,744,2022,3,Couples,27,3.6,Australia,New Zealand,Auckland,Nairobi,Kenya,Temple,Nairobi Temple 27,"Main Road, Nairobi",Spring,3.65,3.6843137254901963
3944,717,2025,11,Couples,2,3.5,North America,Mexico,Cancun,Sao Paulo,Brazil,Historical Site,Sao Paulo Historical Site 2,"Main Road, Sao Paulo",Autumn,3.6833333333333336,3.727272727272727
3945,452,2022,9,Family,64,3.7,Asia,Japan,Kyoto,Madrid,Spain,Beach,Madrid Beach 64,"Main Road, Madrid",Autumn,3.7714285714285714,3.8058823529411763
3946,680,2022,5,Solo,4,3.9,Africa,South Africa,Cape Town,Buenos Aires,Argentina,Temple,Buenos Aires Temple 4,"Main Road, Buenos Aires",Spring,3.783333333333333,3.96
3947,219,2024,7,Couples,5,4.4,Australia,New Zealand,Auckland,Santiago,Chile,Adventure,Santiago Adventure 5,"Main Road, Santiago",Summer,3.6100000000000003,3.691111111111111
3948,891,2023,10,Friends,44,4.3,Australia,New Zealand,Queenstown,Rio de Janeiro,Brazil,Temple,Rio de Janeiro Temple 44,"Main Road, Rio de Janeiro",Autumn,3.8333333333333335,3.825
3949,814,2025,2,Couples,42,3.6,Asia,Singapore,Singapore,Singapore,Singapore,Wildlife,Singapore Wildlife 42,"Main Road, Singapore",Winter,3.8200000000000003,3.706382978723404
3950,377,2022,4,Couples,52,3.7,Asia,Thailand,Bangkok,Mombasa,Kenya,Shopping,Mombasa Shopping 52,"Main Road, Mombasa",Spring,3.8166666666666664,3.9035087719298245
3951,405,2025,7,Solo,66,4.9,Asia,Japan,Osaka,Kyoto,Japan,Historical Site,Kyoto Historical Site 66,"Main Road, Kyoto",Summer,3.825,3.8181818181818183
3952,785,2022,1,Friends,91,4.9,North America,USA,New York,Singapore,Singapore,Historical Site,Singapore Historical Site 91,"Main Road, Singapore",Winter,4.022222222222222,3.924137931034483
3953,512,2025,11,Family,45,2.8,Africa,South Africa,Cape Town,Cairo,Egypt,Park,Cairo Park 45,"Main Road, Cairo",Autumn,3.4799999999999995,3.852830188679245
3954,159,2023,4,Couples,22,3.9,Asia,India,Jaipur,Melbourne,Australia,Adventure,Melbourne Adventure 22,"Main Road, Melbourne",Spring,3.8666666666666667,3.8629629629629627
3955,83,2023,7,Couples,35,4.8,Europe,Germany,Munich,Paris,France,Beach,Paris Beach 35,"Main Road, Paris",Summer,4.75,3.728
3956,627,2023,3,Family,92,4.5,Africa,Kenya,Mombasa,Queenstown,New Zealand,Museum,Queenstown Museum 92,"Main Road, Queenstown",Spring,3.95,4.0339285714285715
3957,719,2022,3,Solo,91,3.3,Africa,South Africa,Johannesburg,Singapore,Singapore,Historical Site,Singapore Historical Site 91,"Main Road, Singapore",Spring,3.8333333333333335,3.924137931034483
3958,617,2024,4,Friends,26,3.5,North America,Mexico,Cancun,Rome,Italy,Temple,Rome Temple 26,"Main Road, Rome",Spring,3.2285714285714286,3.829310344827586
3959,413,2023,4,Solo,9,2.5,North America,Mexico,Mexico City,Nice,France,Adventure,Nice Adventure 9,"Main Road, Nice",Spring,3.533333333333333,3.709803921568627
3960,88,2022,4,Couples,81,3.2,Europe,Italy,Venice,Luxor,Egypt,Park,Luxor Park 81,"Main Road, Luxor",Spring,3.575,3.8309090909090906
3961,987,2022,5,Business,55,3.4,North America,Mexico,Mexico City,Mumbai,India,Wildlife,Mumbai Wildlife 55,"Main Road, Mumbai",Spring,3.4,3.6921568627450982
3962,980,2023,4,Friends,86,3.8,North America,Mexico,Mexico City,Cape Town,South Africa,Historical Site,Cape Town Historical Site 86,"Main Road, Cape Town",Spring,4.066666666666666,3.6799999999999997
3963,311,2024,6,Family,32,4.2,Europe,France,Paris,Buenos Aires,Argentina,Shopping,Buenos Aires Shopping 32,"Main Road, Buenos Aires",Summer,3.5799999999999996,3.812244897959184
3964,691,2025,1,Family,80,4.7,Africa,South Africa,Johannesburg,Nairobi,Kenya,Temple,Nairobi Temple 80,"Main Road, Nairobi",Winter,3.7333333333333334,3.8166666666666664
3965,275,2024,7,Couples,14,3.9,South America,Argentina,Buenos Aires,Sao Paulo,Brazil,Historical Site,Sao Paulo Historical Site 14,"Main Road, Sao Paulo",Summer,3.88,3.788235294117647
3966,651,2023,2,Business,47,3.9,Asia,India,Jaipur,New York,USA,Historical Site,New York Historical Site 47,"Main Road, New York",Winter,4.075,3.9181818181818184
3967,985,2022,7,Solo,64,3.5,Australia,New Zealand,Queenstown,Madrid,Spain,Beach,Madrid Beach 64,"Main Road, Madrid",Summer,3.811111111111111,3.8058823529411763
3968,992,2023,12,Business,62,4.4,Europe,France,Nice,Buenos Aires,Argentina,Park,Buenos Aires Park 62,"Main Road, Buenos Aires",Winter,3.8857142857142857,3.8065217391304347
3969,938,2024,11,Friends,41,2.5,North America,Canada,Vancouver,Vancouver,Canada,Beach,Vancouver Beach 41,"Main Road, Vancouver",Autumn,3.7857142857142856,3.7526315789473683
3970,381,2022,3,Friends,41,3.9,South America,Brazil,Rio de Janeiro,Vancouver,Canada,Beach,Vancouver Beach 41,"Main Road, Vancouver",Spring,3.742857142857143,3.7526315789473683
3971,860,2023,3,Family,96,3.3,Africa,Egypt,Luxor,Cancun,Mexico,Adventure,Cancun Adventure 96,"Main Road, Cancun",Spring,3.5799999999999996,3.5860000000000003
3972,65,2023,2,Business,45,3.8,North America,Mexico,Mexico City,Cairo,Egypt,Park,Cairo Park 45,"Main Road, Cairo",Winter,3.6833333333333336,3.852830188679245
3973,161,2023,9,Couples,79,3.9,Africa,Kenya,Nairobi,Mexico City,Mexico,Historical Site,Mexico City Historical Site 79,"Main Road, Mexico City",Autumn,3.8666666666666667,3.861224489795918
3974,580,2022,7,Friends,7,2.8,North America,Mexico,Mexico City,Santiago,Chile,Park,Santiago Park 7,"Main Road, Santiago",Summer,3.814285714285714,3.6767857142857143
3975,762,2024,1,Friends,91,3.3,Asia,Singapore,Singapore,Singapore,Singapore,Historical Site,Singapore Historical Site 91,"Main Road, Singapore",Winter,3.433333333333333,3.924137931034483
3976,947,2023,8,Business,16,5.0,North America,USA,Los Angeles,Sao Paulo,Brazil,Historical Site,Sao Paulo Historical Site 16,"Main Road, Sao Paulo",Summer,3.7125,3.932758620689655
3977,78,2025,5,Friends,56,3.1,Africa,Egypt,Cairo,Madrid,Spain,Historical Site,Madrid Historical Site 56,"Main Road, Madrid",Spring,3.22,3.892156862745098
3978,267,2023,6,Friends,75,3.9,North America,USA,Los Angeles,Vancouver,Canada,Park,Vancouver Park 75,"Main Road, Vancouver",Summer,4.220000000000001,3.861818181818182
3979,261,2025,10,Couples,3,4.8,Africa,Kenya,Nairobi,Rio de Janeiro,Brazil,Adventure,Rio de Janeiro Adventure 3,"Main Road, Rio de Janeiro",Autumn,4.1,3.791111111111111
3980,315,2023,1,Solo,25,3.5,Australia,Australia,Sydney,Cairo,Egypt,Temple,Cairo Temple 25,"Main Road, Cairo",Winter,4.016666666666667,3.595555555555556
3981,199,2023,8,Couples,23,4.5,South America,Brazil,Rio de Janeiro,Los Angeles,USA,Adventure,Los Angeles Adventure 23,"Main Road, Los Angeles",Summer,3.8428571428571425,3.919047619047619
3982,524,2023,4,Business,42,2.4,Australia,Australia,Melbourne,Singapore,Singapore,Wildlife,Singapore Wildlife 42,"Main Road, Singapore",Spring,3.7,3.706382978723404
3983,860,2023,7,Family,6,4.2,Africa,Egypt,Luxor,Johannesburg,South Africa,Museum,Johannesburg Museum 6,"Main Road, Johannesburg",Summer,3.5799999999999996,3.8461538461538463
3984,794,2025,2,Solo,38,4.7,South America,Argentina,Buenos Aires,Luxor,Egypt,Museum,Luxor Museum 38,"Main Road, Luxor",Winter,3.46,3.784313725490196
3985,313,2022,2,Solo,100,3.3,Australia,New Zealand,Auckland,Mombasa,Kenya,Wildlife,Mombasa Wildlife 100,"Main Road, Mombasa",Winter,3.375,3.75
3986,382,2023,4,Family,88,3.5,Africa,Egypt,Luxor,Tokyo,Japan,Shopping,Tokyo Shopping 88,"Main Road, Tokyo",Spring,3.2600000000000002,3.901818181818182
3987,271,2024,7,Business,56,4.8,Europe,Germany,Munich,Madrid,Spain,Historical Site,Madrid Historical Site 56,"Main Road, Madrid",Summer,3.8125,3.892156862745098
3988,815,2025,8,Family,26,3.1,Europe,Spain,Madrid,Rome,Italy,Temple,Rome Temple 26,"Main Road, Rome",Summer,3.1999999999999997,3.829310344827586
3989,143,2022,11,Family,36,3.5,South America,Argentina,Buenos Aires,Singapore,Singapore,Beach,Singapore Beach 36,"Main Road, Singapore",Autumn,4.34,3.7410714285714284
3990,869,2023,1,Solo,10,4.1,Australia,Australia,Melbourne,Toronto,Canada,Wildlife,Toronto Wildlife 10,"Main Road, Toronto",Winter,3.483333333333333,3.8257575757575757
3991,438,2025,5,Solo,56,4.5,Australia,New Zealand,Auckland,Madrid,Spain,Historical Site,Madrid Historical Site 56,"Main Road, Madrid",Spring,3.7,3.892156862745098
3992,840,2022,6,Friends,81,4.0,North America,Mexico,Mexico City,Luxor,Egypt,Park,Luxor Park 81,"Main Road, Luxor",Summer,3.875,3.8309090909090906
3993,931,2025,2,Solo,78,3.8,Australia,Australia,Sydney,Santiago,Chile,Museum,Santiago Museum 78,"Main Road, Santiago",Winter,3.9666666666666663,3.814814814814815
3994,482,2025,8,Couples,25,2.7,Africa,Egypt,Luxor,Cairo,Egypt,Temple,Cairo Temple 25,"Main Road, Cairo",Summer,3.8272727272727276,3.595555555555556
3995,723,2024,12,Couples,46,5.0,Asia,Japan,Kyoto,Jaipur,India,Shopping,Jaipur Shopping 46,"Main Road, Jaipur",Winter,3.9200000000000004,3.7113636363636364
3996,594,2023,8,Solo,62,3.2,Europe,Germany,Berlin,Buenos Aires,Argentina,Park,Buenos Aires Park 62,"Main Road, Buenos Aires",Summer,3.6999999999999997,3.8065217391304347
3997,575,2022,1,Family,51,2.3,Europe,Italy,Rome,Mexico City,Mexico,Temple,Mexico City Temple 51,"Main Road, Mexico City",Winter,3.38,3.861290322580645
3998,569,2022,10,Solo,43,4.6,Australia,New Zealand,Auckland,Cape Town,South Africa,Shopping,Cape Town Shopping 43,"Main Road, Cape Town",Autumn,3.6125000000000003,3.772
3999,751,2022,10,Couples,29,4.2,Australia,New Zealand,Queenstown,Santiago,Chile,Wildlife,Santiago Wildlife 29,"Main Road, Santiago",Autumn,4.1375,3.7943396226415094
4000,220,2023,10,Couples,77,4.0,North America,Canada,Toronto,Rome,Italy,Temple,Rome Temple 77,"Main Road, Rome",Autumn,4.12,3.836734693877551
4001,298,2022,5,Business,77,3.9,Africa,Egypt,Luxor,Rome,Italy,Temple,Rome Temple 77,"Main Road, Rome",Spring,3.55,3.836734693877551
4002,896,2023,5,Couples,47,3.4,North America,Mexico,Mexico City,New York,USA,Historical Site,New York Historical Site 47,"Main Road, New York",Spring,3.6,3.9181818181818184
4003,891,2023,8,Business,34,3.7,Australia,New Zealand,Queenstown,Mombasa,Kenya,Temple,Mombasa Temple 34,"Main Road, Mombasa",Summer,3.8333333333333335,3.764
4004,486,2024,7,Solo,76,3.4,North America,Canada,Vancouver,Tokyo,Japan,Temple,Tokyo Temple 76,"Main Road, Tokyo",Summer,3.6,3.817777777777778
4005,995,2022,3,Solo,25,5.0,Australia,Australia,Melbourne,Cairo,Egypt,Temple,Cairo Temple 25,"Main Road, Cairo",Spring,4.466666666666666,3.595555555555556
4006,981,2024,3,Couples,34,4.3,South America,Brazil,Sao Paulo,Mombasa,Kenya,Temple,Mombasa Temple 34,"Main Road, Mombasa",Spring,3.6,3.764
4007,684,2025,2,Family,91,4.2,Europe,Germany,Munich,Singapore,Singapore,Historical Site,Singapore Historical Site 91,"Main Road, Singapore",Winter,3.725,3.924137931034483
4008,258,2023,7,Friends,22,3.5,Africa,Kenya,Nairobi,Melbourne,Australia,Adventure,Melbourne Adventure 22,"Main Road, Melbourne",Summer,3.66,3.8629629629629627
4009,108,2025,1,Business,24,4.0,Europe,Spain,Madrid,Nairobi,Kenya,Museum,Nairobi Museum 24,"Main Road, Nairobi",Winter,3.9000000000000004,3.8804878048780487
4010,736,2022,7,Solo,95,3.8,Asia,Japan,Tokyo,Singapore,Singapore,Park,Singapore Park 95,"Main Road, Singapore",Summer,3.7399999999999998,3.819607843137255
4011,286,2023,10,Friends,19,4.0,Australia,Australia,Melbourne,Auckland,New Zealand,Park,Auckland Park 19,"Main Road, Auckland",Autumn,3.55,3.689583333333333
4012,964,2025,9,Couples,47,4.4,Australia,Australia,Melbourne,New York,USA,Historical Site,New York Historical Site 47,"Main Road, New York",Autumn,4.075,3.9181818181818184
4013,266,2024,8,Family,22,3.5,South America,Chile,Santiago,Melbourne,Australia,Adventure,Melbourne Adventure 22,"Main Road, Melbourne",Summer,3.7600000000000002,3.8629629629629627
4014,755,2022,8,Solo,38,3.2,Asia,India,Mumbai,Luxor,Egypt,Museum,Luxor Museum 38,"Main Road, Luxor",Summer,3.8,3.784313725490196
4015,540,2023,4,Couples,92,5.0,Asia,Japan,Kyoto,Queenstown,New Zealand,Museum,Queenstown Museum 92,"Main Road, Queenstown",Spring,3.0749999999999997,4.0339285714285715
4016,637,2024,12,Family,38,3.1,Australia,Australia,Melbourne,Luxor,Egypt,Museum,Luxor Museum 38,"Main Road, Luxor",Winter,3.5142857142857147,3.784313725490196
4017,543,2025,2,Solo,62,4.4,Asia,Japan,Tokyo,Buenos Aires,Argentina,Park,Buenos Aires Park 62,"Main Road, Buenos Aires",Winter,3.725,3.8065217391304347
4018,878,2024,9,Family,2,3.8,Africa,Egypt,Cairo,Sao Paulo,Brazil,Historical Site,Sao Paulo Historical Site 2,"Main Road, Sao Paulo",Autumn,4.114285714285714,3.727272727272727
4019,325,2025,7,Friends,23,3.3,Australia,New Zealand,Auckland,Los Angeles,USA,Adventure,Los Angeles Adventure 23,"Main Road, Los Angeles",Summer,3.45,3.919047619047619
4020,821,2024,5,Friends,43,4.4,South America,Argentina,Buenos Aires,Cape Town,South Africa,Shopping,Cape Town Shopping 43,"Main Road, Cape Town",Spring,3.466666666666667,3.772
4021,719,2022,5,Family,14,4.2,Africa,South Africa,Johannesburg,Sao Paulo,Brazil,Historical Site,Sao Paulo Historical Site 14,"Main Road, Sao Paulo",Spring,3.8333333333333335,3.788235294117647
4022,27,2025,11,Business,64,4.3,North America,Canada,Toronto,Madrid,Spain,Beach,Madrid Beach 64,"Main Road, Madrid",Autumn,4.14,3.8058823529411763
4023,661,2025,5,Friends,14,4.5,South America,Argentina,Buenos Aires,Sao Paulo,Brazil,Historical Site,Sao Paulo Historical Site 14,"Main Road, Sao Paulo",Spring,4.5,3.788235294117647
4024,450,2025,7,Friends,84,4.9,Asia,India,Delhi,Singapore,Singapore,Temple,Singapore Temple 84,"Main Road, Singapore",Summer,4.140000000000001,3.7846153846153845
4025,854,2024,12,Couples,24,3.8,Asia,Japan,Osaka,Nairobi,Kenya,Museum,Nairobi Museum 24,"Main Road, Nairobi",Winter,3.8333333333333335,3.8804878048780487
4026,350,2025,12,Family,84,3.5,North America,Mexico,Cancun,Singapore,Singapore,Temple,Singapore Temple 84,"Main Road, Singapore",Winter,3.75,3.7846153846153845
4027,533,2023,12,Family,63,3.5,Europe,Spain,Madrid,Madrid,Spain,Shopping,Madrid Shopping 63,"Main Road, Madrid",Winter,3.811111111111111,3.8245283018867924
4028,751,2025,3,Couples,92,4.5,Australia,New Zealand,Queenstown,Queenstown,New Zealand,Museum,Queenstown Museum 92,"Main Road, Queenstown",Spring,4.1375,4.0339285714285715
4029,272,2023,1,Friends,22,3.8,Europe,Germany,Munich,Melbourne,Australia,Adventure,Melbourne Adventure 22,"Main Road, Melbourne",Winter,3.875,3.8629629629629627
4030,830,2023,12,Couples,58,5.0,Australia,New Zealand,Auckland,Mumbai,India,Wildlife,Mumbai Wildlife 58,"Main Road, Mumbai",Winter,4.225,3.7518518518518515
4031,653,2025,9,Couples,32,3.3,Europe,Italy,Rome,Buenos Aires,Argentina,Shopping,Buenos Aires Shopping 32,"Main Road, Buenos Aires",Autumn,3.5,3.812244897959184
4032,59,2024,2,Couples,55,2.5,Europe,Italy,Rome,Mumbai,India,Wildlife,Mumbai Wildlife 55,"Main Road, Mumbai",Winter,3.585714285714286,3.6921568627450982
4033,555,2022,5,Friends,98,3.8,Africa,Kenya,Mombasa,Mombasa,Kenya,Adventure,Mombasa Adventure 98,"Main Road, Mombasa",Spring,3.783333333333333,4.017543859649122
4034,137,2023,8,Couples,30,3.4,North America,Mexico,Mexico City,Cape Town,South Africa,Museum,Cape Town Museum 30,"Main Road, Cape Town",Summer,3.5499999999999994,3.811111111111111
4035,998,2025,7,Family,31,3.6,North America,USA,Los Angeles,Queenstown,New Zealand,Historical Site,Queenstown Historical Site 31,"Main Road, Queenstown",Summer,3.84,3.663157894736842
4036,787,2025,5,Couples,64,3.6,Asia,Thailand,Bangkok,Madrid,Spain,Beach,Madrid Beach 64,"Main Road, Madrid",Spring,3.6555555555555554,3.8058823529411763
4037,302,2023,10,Solo,72,4.0,Europe,Italy,Venice,Luxor,Egypt,Temple,Luxor Temple 72,"Main Road, Luxor",Autumn,3.9555555555555557,3.696296296296296
4038,710,2023,8,Couples,68,3.2,Europe,Italy,Venice,Toronto,Canada,Shopping,Toronto Shopping 68,"Main Road, Toronto",Summer,3.7,3.607142857142857
4039,834,2024,4,Business,9,3.7,Asia,Thailand,Pattaya,Nice,France,Adventure,Nice Adventure 9,"Main Road, Nice",Spring,4.0600000000000005,3.709803921568627
4040,227,2023,3,Family,55,3.8,Africa,Egypt,Cairo,Mumbai,India,Wildlife,Mumbai Wildlife 55,"Main Road, Mumbai",Spring,3.325,3.6921568627450982
4041,448,2022,10,Family,58,5.0,Australia,Australia,Sydney,Mumbai,India,Wildlife,Mumbai Wildlife 58,"Main Road, Mumbai",Autumn,3.8875,3.7518518518518515
4042,36,2022,2,Friends,70,4.8,Asia,Japan,Tokyo,Sydney,Australia,Beach,Sydney Beach 70,"Main Road, Sydney",Winter,4.06,3.7588235294117647
4043,162,2025,11,Couples,44,4.7,Europe,Spain,Barcelona,Rio de Janeiro,Brazil,Temple,Rio de Janeiro Temple 44,"Main Road, Rio de Janeiro",Autumn,3.963636363636364,3.825
4044,586,2023,7,Family,39,2.8,Asia,Thailand,Phuket,Munich,Germany,Shopping,Munich Shopping 39,"Main Road, Munich",Summer,3.75,3.965909090909091
4045,881,2025,3,Business,3,4.3,Europe,Spain,Madrid,Rio de Janeiro,Brazil,Adventure,Rio de Janeiro Adventure 3,"Main Road, Rio de Janeiro",Spring,3.966666666666667,3.791111111111111
4046,270,2025,12,Couples,92,3.5,North America,USA,New York,Queenstown,New Zealand,Museum,Queenstown Museum 92,"Main Road, Queenstown",Winter,3.6384615384615384,4.0339285714285715
4047,19,2025,5,Couples,69,3.9,Africa,Egypt,Cairo,Johannesburg,South Africa,Shopping,Johannesburg Shopping 69,"Main Road, Johannesburg",Spring,3.9000000000000004,3.818032786885246
4048,488,2023,4,Solo,94,4.0,North America,USA,Las Vegas,Melbourne,Australia,Temple,Melbourne Temple 94,"Main Road, Melbourne",Spring,3.5,3.6732142857142853
4049,528,2023,3,Couples,16,2.9,Asia,Thailand,Bangkok,Sao Paulo,Brazil,Historical Site,Sao Paulo Historical Site 16,"Main Road, Sao Paulo",Spring,3.7399999999999998,3.932758620689655
4050,484,2023,8,Friends,68,4.3,Europe,France,Paris,Toronto,Canada,Shopping,Toronto Shopping 68,"Main Road, Toronto",Summer,4.1,3.607142857142857
4051,40,2025,7,Family,46,2.6,Africa,South Africa,Cape Town,Jaipur,India,Shopping,Jaipur Shopping 46,"Main Road, Jaipur",Summer,3.6,3.7113636363636364
4052,594,2025,10,Friends,61,2.4,Europe,Germany,Berlin,Sydney,Australia,Shopping,Sydney Shopping 61,"Main Road, Sydney",Autumn,3.6999999999999997,3.8000000000000003
4053,923,2025,3,Family,6,3.7,South America,Argentina,Buenos Aires,Johannesburg,South Africa,Museum,Johannesburg Museum 6,"Main Road, Johannesburg",Spring,3.62,3.8461538461538463
4054,863,2022,5,Friends,57,4.6,Asia,India,Delhi,Queenstown,New Zealand,Beach,Queenstown Beach 57,"Main Road, Queenstown",Spring,4.04,3.8095238095238093
4055,456,2022,10,Family,3,2.7,South America,Brazil,Sao Paulo,Rio de Janeiro,Brazil,Adventure,Rio de Janeiro Adventure 3,"Main Road, Rio de Janeiro",Autumn,3.425,3.791111111111111
4056,371,2024,3,Couples,36,3.1,North America,Mexico,Cancun,Singapore,Singapore,Beach,Singapore Beach 36,"Main Road, Singapore",Spring,3.9250000000000003,3.7410714285714284
4057,400,2024,2,Couples,58,3.4,Africa,South Africa,Johannesburg,Mumbai,India,Wildlife,Mumbai Wildlife 58,"Main Road, Mumbai",Winter,3.6833333333333336,3.7518518518518515
4058,878,2024,2,Solo,36,4.0,Africa,Egypt,Cairo,Singapore,Singapore,Beach,Singapore Beach 36,"Main Road, Singapore",Winter,4.114285714285714,3.7410714285714284
4059,792,2025,3,Friends,98,4.5,South America,Argentina,Buenos Aires,Mombasa,Kenya,Adventure,Mombasa Adventure 98,"Main Road, Mombasa",Spring,3.644444444444444,4.017543859649122
4060,906,2022,3,Family,53,4.8,South America,Argentina,Buenos Aires,Milan,Italy,Shopping,Milan Shopping 53,"Main Road, Milan",Spring,3.875,3.685106382978723
4061,270,2023,5,Business,66,4.1,North America,USA,New York,Kyoto,Japan,Historical Site,Kyoto Historical Site 66,"Main Road, Kyoto",Spring,3.6384615384615384,3.8181818181818183
4062,702,2022,4,Couples,37,3.6,Australia,Australia,Melbourne,Mumbai,India,Historical Site,Mumbai Historical Site 37,"Main Road, Mumbai",Spring,3.6999999999999997,3.752173913043478
4063,582,2025,8,Business,33,4.7,Australia,New Zealand,Queenstown,New York,USA,Historical Site,New York Historical Site 33,"Main Road, New York",Summer,3.8333333333333335,3.8160000000000003
4064,896,2024,7,Couples,11,3.6,North America,Mexico,Mexico City,Pattaya,Thailand,Beach,Pattaya Beach 11,"Main Road, Pattaya",Summer,3.6,3.7121951219512193
4065,330,2022,7,Business,72,3.8,Africa,Egypt,Luxor,Luxor,Egypt,Temple,Luxor Temple 72,"Main Road, Luxor",Summer,4.0,3.696296296296296
4066,836,2025,12,Couples,54,4.6,North America,USA,New York,Rio de Janeiro,Brazil,Shopping,Rio de Janeiro Shopping 54,"Main Road, Rio de Janeiro",Winter,3.95,3.7326086956521736
4067,316,2025,12,Couples,78,3.9,Africa,Egypt,Cairo,Santiago,Chile,Museum,Santiago Museum 78,"Main Road, Santiago",Winter,4.016666666666667,3.814814814814815
4068,491,2023,7,Family,73,3.3,South America,Argentina,Buenos Aires,Queenstown,New Zealand,Shopping,Queenstown Shopping 73,"Main Road, Queenstown",Summer,3.9749999999999996,3.7816666666666667
4069,893,2022,6,Couples,81,3.5,Africa,South Africa,Cape Town,Luxor,Egypt,Park,Luxor Park 81,"Main Road, Luxor",Summer,4.3,3.8309090909090906
4070,544,2024,1,Family,34,1.9,Europe,France,Paris,Mombasa,Kenya,Temple,Mombasa Temple 34,"Main Road, Mombasa",Winter,2.8499999999999996,3.764
4071,272,2023,7,Couples,50,3.3,Europe,Germany,Munich,Cancun,Mexico,Historical Site,Cancun Historical Site 50,"Main Road, Cancun",Summer,3.875,3.5078947368421054
4072,549,2023,12,Friends,9,3.3,Africa,South Africa,Johannesburg,Nice,France,Adventure,Nice Adventure 9,"Main Road, Nice",Winter,4.34,3.709803921568627
4073,848,2024,12,Friends,2,3.8,Europe,France,Paris,Sao Paulo,Brazil,Historical Site,Sao Paulo Historical Site 2,"Main Road, Sao Paulo",Winter,3.7714285714285714,3.727272727272727
4074,256,2023,9,Friends,11,4.0,South America,Brazil,Rio de Janeiro,Pattaya,Thailand,Beach,Pattaya Beach 11,"Main Road, Pattaya",Autumn,4.1,3.7121951219512193
4075,463,2024,8,Solo,94,2.5,Australia,New Zealand,Queenstown,Melbourne,Australia,Temple,Melbourne Temple 94,"Main Road, Melbourne",Summer,3.3428571428571425,3.6732142857142853
4076,910,2024,5,Couples,29,4.0,South America,Argentina,Buenos Aires,Santiago,Chile,Wildlife,Santiago Wildlife 29,"Main Road, Santiago",Spring,3.9749999999999996,3.7943396226415094
4077,548,2022,6,Couples,34,5.0,Africa,Kenya,Nairobi,Mombasa,Kenya,Temple,Mombasa Temple 34,"Main Road, Mombasa",Summer,4.3,3.764
4078,382,2024,8,Business,37,3.3,Africa,Egypt,Luxor,Mumbai,India,Historical Site,Mumbai Historical Site 37,"Main Road, Mumbai",Summer,3.2600000000000002,3.752173913043478
4079,630,2022,8,Family,1,4.3,Asia,Singapore,Singapore,Berlin,Germany,Wildlife,Berlin Wildlife 1,"Main Road, Berlin",Summer,3.766666666666667,3.782051282051282
4080,307,2025,1,Family,15,4.3,Asia,Thailand,Bangkok,Jaipur,India,Historical Site,Jaipur Historical Site 15,"Main Road, Jaipur",Winter,3.75,3.8632653061224493
4081,786,2023,2,Family,12,3.5,Australia,Australia,Sydney,New York,USA,Historical Site,New York Historical Site 12,"Main Road, New York",Winter,3.96,3.8160714285714286
4082,852,2023,10,Business,57,4.8,Europe,Spain,Barcelona,Queenstown,New Zealand,Beach,Queenstown Beach 57,"Main Road, Queenstown",Autumn,3.966666666666667,3.8095238095238093
4083,30,2024,4,Family,58,4.2,Australia,New Zealand,Queenstown,Mumbai,India,Wildlife,Mumbai Wildlife 58,"Main Road, Mumbai",Spring,3.483333333333333,3.7518518518518515
4084,253,2025,9,Family,59,3.6,Africa,South Africa,Cape Town,Melbourne,Australia,Museum,Melbourne Museum 59,"Main Road, Melbourne",Autumn,4.3,3.853061224489796
4085,736,2025,1,Business,84,4.3,Asia,Japan,Tokyo,Singapore,Singapore,Temple,Singapore Temple 84,"Main Road, Singapore",Winter,3.7399999999999998,3.7846153846153845
4086,861,2022,9,Friends,55,5.0,Australia,New Zealand,Queenstown,Mumbai,India,Wildlife,Mumbai Wildlife 55,"Main Road, Mumbai",Autumn,4.25,3.6921568627450982
4087,790,2022,4,Solo,22,4.1,South America,Brazil,Sao Paulo,Melbourne,Australia,Adventure,Melbourne Adventure 22,"Main Road, Melbourne",Spring,3.3999999999999995,3.8629629629629627
4088,9,2024,8,Couples,96,3.2,South America,Brazil,Rio de Janeiro,Cancun,Mexico,Adventure,Cancun Adventure 96,"Main Road, Cancun",Summer,3.1,3.5860000000000003
4089,537,2022,11,Family,45,4.6,South America,Chile,Santiago,Cairo,Egypt,Park,Cairo Park 45,"Main Road, Cairo",Autumn,3.625,3.852830188679245
4090,276,2022,7,Family,89,3.9,Asia,Thailand,Bangkok,Sydney,Australia,Park,Sydney Park 89,"Main Road, Sydney",Summer,3.6333333333333333,3.811764705882353
4091,485,2023,4,Solo,15,4.1,South America,Brazil,Sao Paulo,Jaipur,India,Historical Site,Jaipur Historical Site 15,"Main Road, Jaipur",Spring,4.0,3.8632653061224493
4092,986,2023,11,Couples,9,3.1,Australia,New Zealand,Queenstown,Nice,France,Adventure,Nice Adventure 9,"Main Road, Nice",Autumn,3.957142857142857,3.709803921568627
4093,216,2023,6,Family,51,3.8,Asia,Singapore,Singapore,Mexico City,Mexico,Temple,Mexico City Temple 51,"Main Road, Mexico City",Summer,3.5428571428571423,3.861290322580645
4094,338,2023,1,Couples,51,2.2,South America,Argentina,Buenos Aires,Mexico City,Mexico,Temple,Mexico City Temple 51,"Main Road, Mexico City",Winter,3.233333333333333,3.861290322580645
4095,521,2025,5,Couples,13,4.6,Asia,Singapore,Singapore,Auckland,New Zealand,Wildlife,Auckland Wildlife 13,"Main Road, Auckland",Spring,3.783333333333333,3.8711864406779664
4096,668,2023,9,Couples,59,4.1,Africa,Egypt,Cairo,Melbourne,Australia,Museum,Melbourne Museum 59,"Main Road, Melbourne",Autumn,4.0,3.853061224489796
4097,346,2022,1,Solo,26,4.4,North America,Mexico,Cancun,Rome,Italy,Temple,Rome Temple 26,"Main Road, Rome",Winter,3.9714285714285715,3.829310344827586
4098,483,2022,9,Couples,27,4.1,South America,Brazil,Rio de Janeiro,Nairobi,Kenya,Temple,Nairobi Temple 27,"Main Road, Nairobi",Autumn,3.9666666666666663,3.6843137254901963
4099,521,2022,4,Business,92,3.0,Asia,Singapore,Singapore,Queenstown,New Zealand,Museum,Queenstown Museum 92,"Main Road, Queenstown",Spring,3.783333333333333,4.0339285714285715
4100,797,2022,8,Couples,22,2.9,Europe,Germany,Munich,Melbourne,Australia,Adventure,Melbourne Adventure 22,"Main Road, Melbourne",Summer,3.8,3.8629629629629627
4101,294,2022,7,Couples,95,4.9,South America,Chile,Santiago,Singapore,Singapore,Park,Singapore Park 95,"Main Road, Singapore",Summer,4.46,3.819607843137255
4102,221,2023,9,Family,52,4.7,Asia,Japan,Tokyo,Mombasa,Kenya,Shopping,Mombasa Shopping 52,"Main Road, Mombasa",Autumn,3.985714285714286,3.9035087719298245
4103,37,2022,2,Couples,78,4.2,Africa,Kenya,Nairobi,Santiago,Chile,Museum,Santiago Museum 78,"Main Road, Santiago",Winter,3.56,3.814814814814815
4104,156,2023,6,Couples,80,3.3,Australia,Australia,Melbourne,Nairobi,Kenya,Temple,Nairobi Temple 80,"Main Road, Nairobi",Summer,3.2875,3.8166666666666664
4105,355,2024,7,Family,69,5.0,Africa,Kenya,Nairobi,Johannesburg,South Africa,Shopping,Johannesburg Shopping 69,"Main Road, Johannesburg",Summer,4.7,3.818032786885246
4106,570,2025,11,Family,28,4.0,Asia,Japan,Osaka,Rio de Janeiro,Brazil,Beach,Rio de Janeiro Beach 28,"Main Road, Rio de Janeiro",Autumn,3.6166666666666667,3.7065217391304346
4107,964,2024,4,Business,75,3.3,Australia,Australia,Melbourne,Vancouver,Canada,Park,Vancouver Park 75,"Main Road, Vancouver",Spring,4.075,3.861818181818182
4108,965,2025,9,Family,71,2.8,South America,Brazil,Rio de Janeiro,Rio de Janeiro,Brazil,Museum,Rio de Janeiro Museum 71,"Main Road, Rio de Janeiro",Autumn,3.38,3.9066666666666667
4109,873,2025,10,Solo,4,4.4,Australia,New Zealand,Auckland,Buenos Aires,Argentina,Temple,Buenos Aires Temple 4,"Main Road, Buenos Aires",Autumn,4.275,3.96
4110,164,2022,2,Family,22,5.0,Africa,Kenya,Nairobi,Melbourne,Australia,Adventure,Melbourne Adventure 22,"Main Road, Melbourne",Winter,4.0600000000000005,3.8629629629629627
4111,200,2025,4,Friends,89,2.8,Asia,Japan,Kyoto,Sydney,Australia,Park,Sydney Park 89,"Main Road, Sydney",Spring,3.35,3.811764705882353
4112,678,2022,3,Couples,45,3.2,Africa,Kenya,Mombasa,Cairo,Egypt,Park,Cairo Park 45,"Main Road, Cairo",Spring,3.35,3.852830188679245
4113,167,2024,2,Business,65,3.1,Australia,New Zealand,Queenstown,Vancouver,Canada,Museum,Vancouver Museum 65,"Main Road, Vancouver",Winter,3.9,3.9294117647058826
4114,461,2024,3,Business,87,4.0,North America,Canada,Toronto,Vancouver,Canada,Park,Vancouver Park 87,"Main Road, Vancouver",Spring,3.7,3.881818181818182
4115,675,2022,6,Family,45,3.7,South America,Brazil,Rio de Janeiro,Cairo,Egypt,Park,Cairo Park 45,"Main Road, Cairo",Summer,3.7600000000000002,3.852830188679245
4116,54,2024,7,Friends,7,4.0,Africa,South Africa,Johannesburg,Santiago,Chile,Park,Santiago Park 7,"Main Road, Santiago",Summer,3.716666666666667,3.6767857142857143
4117,234,2023,4,Couples,32,3.0,South America,Brazil,Rio de Janeiro,Buenos Aires,Argentina,Shopping,Buenos Aires Shopping 32,"Main Road, Buenos Aires",Spring,3.557142857142857,3.812244897959184
4118,726,2022,11,Couples,98,5.0,South America,Argentina,Buenos Aires,Mombasa,Kenya,Adventure,Mombasa Adventure 98,"Main Road, Mombasa",Autumn,3.9799999999999995,4.017543859649122
4119,375,2024,10,Couples,77,3.3,Europe,Italy,Milan,Rome,Italy,Temple,Rome Temple 77,"Main Road, Rome",Autumn,3.56,3.836734693877551
4120,924,2024,7,Couples,77,4.8,Asia,Thailand,Phuket,Rome,Italy,Temple,Rome Temple 77,"Main Road, Rome",Summer,4.275,3.836734693877551
4121,726,2023,8,Friends,37,5.0,South America,Argentina,Buenos Aires,Mumbai,India,Historical Site,Mumbai Historical Site 37,"Main Road, Mumbai",Summer,3.9799999999999995,3.752173913043478
4122,663,2022,1,Friends,10,4.2,Africa,South Africa,Cape Town,Toronto,Canada,Wildlife,Toronto Wildlife 10,"Main Road, Toronto",Winter,4.1875,3.8257575757575757
4123,881,2022,9,Solo,51,3.5,Europe,Spain,Madrid,Mexico City,Mexico,Temple,Mexico City Temple 51,"Main Road, Mexico City",Autumn,3.966666666666667,3.861290322580645
4124,799,2024,1,Business,54,3.0,Europe,Italy,Rome,Rio de Janeiro,Brazil,Shopping,Rio de Janeiro Shopping 54,"Main Road, Rio de Janeiro",Winter,4.116666666666666,3.7326086956521736
4125,996,2022,6,Solo,57,3.3,Australia,New Zealand,Auckland,Queenstown,New Zealand,Beach,Queenstown Beach 57,"Main Road, Queenstown",Summer,3.575,3.8095238095238093
4126,175,2023,6,Solo,3,2.4,South America,Argentina,Buenos Aires,Rio de Janeiro,Brazil,Adventure,Rio de Janeiro Adventure 3,"Main Road, Rio de Janeiro",Summer,3.0625,3.791111111111111
4127,927,2025,11,Family,97,2.9,Africa,Egypt,Luxor,Los Angeles,USA,Historical Site,Los Angeles Historical Site 97,"Main Road, Los Angeles",Autumn,3.3666666666666667,3.661904761904762
4128,666,2025,4,Solo,78,4.6,Africa,Kenya,Mombasa,Santiago,Chile,Museum,Santiago Museum 78,"Main Road, Santiago",Spring,4.06,3.814814814814815
4129,949,2022,1,Business,72,4.0,South America,Brazil,Sao Paulo,Luxor,Egypt,Temple,Luxor Temple 72,"Main Road, Luxor",Winter,3.95,3.696296296296296
4130,420,2023,7,Couples,72,3.1,Asia,India,Delhi,Luxor,Egypt,Temple,Luxor Temple 72,"Main Road, Luxor",Summer,4.029999999999999,3.696296296296296
4131,46,2022,3,Family,61,3.6,North America,USA,Los Angeles,Sydney,Australia,Shopping,Sydney Shopping 61,"Main Road, Sydney",Spring,3.375,3.8000000000000003
4132,463,2025,5,Family,39,4.0,Australia,New Zealand,Queenstown,Munich,Germany,Shopping,Munich Shopping 39,"Main Road, Munich",Spring,3.3428571428571425,3.965909090909091
4133,911,2025,9,Friends,91,3.7,Australia,Australia,Melbourne,Singapore,Singapore,Historical Site,Singapore Historical Site 91,"Main Road, Singapore",Autumn,3.66,3.924137931034483
4134,760,2024,5,Family,31,4.2,Europe,Spain,Barcelona,Queenstown,New Zealand,Historical Site,Queenstown Historical Site 31,"Main Road, Queenstown",Spring,3.625,3.663157894736842
4135,400,2024,2,Friends,70,3.8,Africa,South Africa,Johannesburg,Sydney,Australia,Beach,Sydney Beach 70,"Main Road, Sydney",Winter,3.6833333333333336,3.7588235294117647
4136,292,2023,1,Friends,49,3.0,South America,Argentina,Buenos Aires,Santiago,Chile,Historical Site,Santiago Historical Site 49,"Main Road, Santiago",Winter,3.457142857142857,3.8877551020408165
4137,774,2025,4,Couples,81,4.1,Australia,Australia,Melbourne,Luxor,Egypt,Park,Luxor Park 81,"Main Road, Luxor",Spring,3.8666666666666667,3.8309090909090906
4138,84,2025,5,Friends,60,4.2,Australia,Australia,Melbourne,Johannesburg,South Africa,Museum,Johannesburg Museum 60,"Main Road, Johannesburg",Spring,3.866666666666667,3.7857142857142856
4139,256,2025,4,Solo,74,5.0,South America,Brazil,Rio de Janeiro,Sydney,Australia,Historical Site,Sydney Historical Site 74,"Main Road, Sydney",Spring,4.1,4.0487179487179485
4140,980,2023,5,Couples,22,4.0,North America,Mexico,Mexico City,Melbourne,Australia,Adventure,Melbourne Adventure 22,"Main Road, Melbourne",Spring,4.066666666666666,3.8629629629629627
4141,888,2025,1,Business,51,2.7,Africa,South Africa,Johannesburg,Mexico City,Mexico,Temple,Mexico City Temple 51,"Main Road, Mexico City",Winter,3.6999999999999997,3.861290322580645
4142,482,2024,10,Couples,49,4.6,Africa,Egypt,Luxor,Santiago,Chile,Historical Site,Santiago Historical Site 49,"Main Road, Santiago",Autumn,3.8272727272727276,3.8877551020408165
4143,85,2023,2,Family,21,3.4,North America,USA,New York,Luxor,Egypt,Temple,Luxor Temple 21,"Main Road, Luxor",Winter,3.8499999999999996,3.8267857142857147
4144,656,2025,4,Family,1,4.2,Asia,India,Goa,Berlin,Germany,Wildlife,Berlin Wildlife 1,"Main Road, Berlin",Spring,3.44,3.782051282051282
4145,303,2022,2,Solo,99,4.0,Europe,Spain,Madrid,Toronto,Canada,Adventure,Toronto Adventure 99,"Main Road, Toronto",Winter,3.775,3.735416666666667
4146,569,2025,2,Couples,33,2.1,Australia,New Zealand,Auckland,New York,USA,Historical Site,New York Historical Site 33,"Main Road, New York",Winter,3.6125000000000003,3.8160000000000003
4147,508,2025,4,Family,56,3.3,Europe,Italy,Venice,Madrid,Spain,Historical Site,Madrid Historical Site 56,"Main Road, Madrid",Spring,3.9200000000000004,3.892156862745098
4148,637,2024,1,Couples,79,4.0,Australia,Australia,Melbourne,Mexico City,Mexico,Historical Site,Mexico City Historical Site 79,"Main Road, Mexico City",Winter,3.5142857142857147,3.861224489795918
4149,137,2022,5,Family,27,3.9,North America,Mexico,Mexico City,Nairobi,Kenya,Temple,Nairobi Temple 27,"Main Road, Nairobi",Spring,3.5499999999999994,3.6843137254901963
4150,866,2024,5,Solo,19,3.3,Africa,South Africa,Cape Town,Auckland,New Zealand,Park,Auckland Park 19,"Main Road, Auckland",Spring,3.3,3.689583333333333
4151,293,2025,12,Couples,51,4.7,South America,Brazil,Rio de Janeiro,Mexico City,Mexico,Temple,Mexico City Temple 51,"Main Road, Mexico City",Winter,4.0,3.861290322580645
4152,766,2025,7,Business,65,4.3,Asia,Japan,Kyoto,Vancouver,Canada,Museum,Vancouver Museum 65,"Main Road, Vancouver",Summer,3.425,3.9294117647058826
4153,533,2022,8,Solo,4,4.6,Europe,Spain,Madrid,Buenos Aires,Argentina,Temple,Buenos Aires Temple 4,"Main Road, Buenos Aires",Summer,3.811111111111111,3.96
4154,542,2025,12,Solo,94,3.6,Asia,Japan,Osaka,Melbourne,Australia,Temple,Melbourne Temple 94,"Main Road, Melbourne",Winter,3.766666666666667,3.6732142857142853
4155,593,2023,12,Friends,65,4.3,Africa,Kenya,Nairobi,Vancouver,Canada,Museum,Vancouver Museum 65,"Main Road, Vancouver",Winter,4.220000000000001,3.9294117647058826
4156,765,2024,7,Solo,89,3.9,Australia,Australia,Sydney,Sydney,Australia,Park,Sydney Park 89,"Main Road, Sydney",Summer,3.6999999999999997,3.811764705882353
4157,378,2022,8,Family,78,4.0,South America,Argentina,Buenos Aires,Santiago,Chile,Museum,Santiago Museum 78,"Main Road, Santiago",Summer,3.6454545454545455,3.814814814814815
4158,43,2022,12,Business,55,3.4,Asia,Singapore,Singapore,Mumbai,India,Wildlife,Mumbai Wildlife 55,"Main Road, Mumbai",Winter,3.5625,3.6921568627450982
4159,497,2025,8,Couples,80,4.2,Asia,India,Goa,Nairobi,Kenya,Temple,Nairobi Temple 80,"Main Road, Nairobi",Summer,3.822222222222222,3.8166666666666664
4160,357,2025,12,Family,6,3.7,Europe,Italy,Venice,Johannesburg,South Africa,Museum,Johannesburg Museum 6,"Main Road, Johannesburg",Winter,3.1166666666666667,3.8461538461538463
4161,71,2025,2,Couples,43,2.5,Europe,Spain,Barcelona,Cape Town,South Africa,Shopping,Cape Town Shopping 43,"Main Road, Cape Town",Winter,3.34,3.772
4162,726,2022,9,Family,40,3.6,South America,Argentina,Buenos Aires,Cape Town,South Africa,Museum,Cape Town Museum 40,"Main Road, Cape Town",Autumn,3.9799999999999995,3.815909090909091
4163,434,2023,9,Business,99,3.6,Africa,South Africa,Cape Town,Toronto,Canada,Adventure,Toronto Adventure 99,"Main Road, Toronto",Autumn,4.15,3.735416666666667
4164,945,2024,7,Family,99,3.2,South America,Argentina,Buenos Aires,Toronto,Canada,Adventure,Toronto Adventure 99,"Main Road, Toronto",Summer,3.733333333333333,3.735416666666667
4165,35,2024,7,Friends,93,4.7,Australia,Australia,Melbourne,Auckland,New Zealand,Adventure,Auckland Adventure 93,"Main Road, Auckland",Summer,4.228571428571429,3.7888888888888888
4166,824,2023,6,Solo,2,4.4,South America,Brazil,Rio de Janeiro,Sao Paulo,Brazil,Historical Site,Sao Paulo Historical Site 2,"Main Road, Sao Paulo",Summer,4.1,3.727272727272727
4167,686,2022,10,Solo,11,4.2,South America,Chile,Santiago,Pattaya,Thailand,Beach,Pattaya Beach 11,"Main Road, Pattaya",Autumn,4.0,3.7121951219512193
4168,568,2023,1,Business,12,4.7,North America,Canada,Vancouver,New York,USA,Historical Site,New York Historical Site 12,"Main Road, New York",Winter,3.72,3.8160714285714286
4169,893,2023,12,Couples,33,4.4,Africa,South Africa,Cape Town,New York,USA,Historical Site,New York Historical Site 33,"Main Road, New York",Winter,4.3,3.8160000000000003
4170,654,2023,10,Family,90,3.6,North America,Mexico,Mexico City,Nice,France,Temple,Nice Temple 90,"Main Road, Nice",Autumn,3.7399999999999998,3.7215686274509805
4171,56,2024,8,Solo,76,3.2,Europe,Spain,Madrid,Tokyo,Japan,Temple,Tokyo Temple 76,"Main Road, Tokyo",Summer,3.5500000000000003,3.817777777777778
4172,126,2025,3,Family,92,5.0,Europe,Italy,Venice,Queenstown,New Zealand,Museum,Queenstown Museum 92,"Main Road, Queenstown",Spring,3.966666666666667,4.0339285714285715
4173,886,2022,5,Business,69,3.0,Africa,Kenya,Nairobi,Johannesburg,South Africa,Shopping,Johannesburg Shopping 69,"Main Road, Johannesburg",Spring,3.3200000000000003,3.818032786885246
4174,9,2023,6,Couples,29,3.0,South America,Brazil,Rio de Janeiro,Santiago,Chile,Wildlife,Santiago Wildlife 29,"Main Road, Santiago",Summer,3.1,3.7943396226415094
4175,692,2022,1,Family,34,4.0,Australia,Australia,Melbourne,Mombasa,Kenya,Temple,Mombasa Temple 34,"Main Road, Mombasa",Winter,3.9285714285714284,3.764
4176,92,2022,5,Couples,100,5.0,Australia,New Zealand,Auckland,Mombasa,Kenya,Wildlife,Mombasa Wildlife 100,"Main Road, Mombasa",Spring,3.9333333333333336,3.75
4177,913,2025,5,Solo,75,4.8,North America,USA,Las Vegas,Vancouver,Canada,Park,Vancouver Park 75,"Main Road, Vancouver",Spring,4.82,3.861818181818182
4178,408,2025,10,Solo,100,3.2,Europe,Italy,Milan,Mombasa,Kenya,Wildlife,Mombasa Wildlife 100,"Main Road, Mombasa",Autumn,3.46,3.75
4179,491,2024,5,Couples,64,4.5,South America,Argentina,Buenos Aires,Madrid,Spain,Beach,Madrid Beach 64,"Main Road, Madrid",Spring,3.9749999999999996,3.8058823529411763
4180,380,2023,8,Friends,27,2.7,Australia,New Zealand,Queenstown,Nairobi,Kenya,Temple,Nairobi Temple 27,"Main Road, Nairobi",Summer,3.3,3.6843137254901963
4181,784,2025,1,Family,14,2.5,North America,Canada,Toronto,Sao Paulo,Brazil,Historical Site,Sao Paulo Historical Site 14,"Main Road, Sao Paulo",Winter,3.975,3.788235294117647
4182,124,2022,6,Solo,64,3.7,North America,USA,New York,Madrid,Spain,Beach,Madrid Beach 64,"Main Road, Madrid",Summer,3.4200000000000004,3.8058823529411763
4183,102,2022,3,Solo,49,4.5,South America,Chile,Santiago,Santiago,Chile,Historical Site,Santiago Historical Site 49,"Main Road, Santiago",Spring,3.9,3.8877551020408165
4184,681,2022,5,Friends,80,3.5,Europe,France,Paris,Nairobi,Kenya,Temple,Nairobi Temple 80,"Main Road, Nairobi",Spring,3.5999999999999996,3.8166666666666664
4185,197,2024,4,Couples,7,3.8,North America,USA,Los Angeles,Santiago,Chile,Park,Santiago Park 7,"Main Road, Santiago",Spring,4.05,3.6767857142857143
4186,517,2023,1,Couples,71,2.8,Africa,Egypt,Cairo,Rio de Janeiro,Brazil,Museum,Rio de Janeiro Museum 71,"Main Road, Rio de Janeiro",Winter,3.8499999999999996,3.9066666666666667
4187,456,2023,11,Solo,41,3.4,South America,Brazil,Sao Paulo,Vancouver,Canada,Beach,Vancouver Beach 41,"Main Road, Vancouver",Autumn,3.425,3.7526315789473683
4188,583,2022,6,Business,55,4.8,North America,USA,Las Vegas,Mumbai,India,Wildlife,Mumbai Wildlife 55,"Main Road, Mumbai",Summer,3.9333333333333336,3.6921568627450982
4189,105,2023,7,Family,47,4.8,Asia,India,Goa,New York,USA,Historical Site,New York Historical Site 47,"Main Road, New York",Summer,3.75,3.9181818181818184
4190,812,2023,4,Friends,43,5.0,Europe,Spain,Barcelona,Cape Town,South Africa,Shopping,Cape Town Shopping 43,"Main Road, Cape Town",Spring,4.225,3.772
4191,535,2023,4,Couples,81,4.8,Australia,New Zealand,Queenstown,Luxor,Egypt,Park,Luxor Park 81,"Main Road, Luxor",Spring,3.96,3.8309090909090906
4192,308,2022,1,Couples,48,5.0,Europe,Spain,Madrid,Nairobi,Kenya,Adventure,Nairobi Adventure 48,"Main Road, Nairobi",Winter,4.057142857142857,3.845833333333333
4193,345,2022,10,Couples,69,4.3,Africa,Kenya,Nairobi,Johannesburg,South Africa,Shopping,Johannesburg Shopping 69,"Main Road, Johannesburg",Autumn,3.6714285714285713,3.818032786885246
4194,681,2022,6,Solo,77,2.9,Europe,France,Paris,Rome,Italy,Temple,Rome Temple 77,"Main Road, Rome",Summer,3.5999999999999996,3.836734693877551
4195,101,2022,9,Couples,24,3.7,South America,Chile,Santiago,Nairobi,Kenya,Museum,Nairobi Museum 24,"Main Road, Nairobi",Autumn,3.3000000000000003,3.8804878048780487
4196,757,2022,2,Couples,93,4.6,Europe,Italy,Milan,Auckland,New Zealand,Adventure,Auckland Adventure 93,"Main Road, Auckland",Winter,4.06,3.7888888888888888
4197,805,2025,11,Solo,78,3.8,Europe,Germany,Munich,Santiago,Chile,Museum,Santiago Museum 78,"Main Road, Santiago",Autumn,3.825,3.814814814814815
4198,580,2025,5,Business,18,3.3,North America,Mexico,Mexico City,Madrid,Spain,Historical Site,Madrid Historical Site 18,"Main Road, Madrid",Spring,3.814285714285714,3.7285714285714286
4199,840,2023,3,Business,2,4.1,North America,Mexico,Mexico City,Sao Paulo,Brazil,Historical Site,Sao Paulo Historical Site 2,"Main Road, Sao Paulo",Spring,3.875,3.727272727272727
4200,188,2024,5,Solo,90,3.2,Asia,Singapore,Singapore,Nice,France,Temple,Nice Temple 90,"Main Road, Nice",Spring,3.483333333333334,3.7215686274509805
4201,73,2025,10,Business,32,4.7,Asia,India,Delhi,Buenos Aires,Argentina,Shopping,Buenos Aires Shopping 32,"Main Road, Buenos Aires",Autumn,3.585714285714286,3.812244897959184
4202,60,2025,7,Family,86,3.6,North America,Mexico,Mexico City,Cape Town,South Africa,Historical Site,Cape Town Historical Site 86,"Main Road, Cape Town",Summer,4.166666666666667,3.6799999999999997
4203,799,2024,2,Friends,17,4.0,Europe,Italy,Rome,Buenos Aires,Argentina,Wildlife,Buenos Aires Wildlife 17,"Main Road, Buenos Aires",Winter,4.116666666666666,3.9155555555555552
4204,397,2023,11,Couples,66,4.0,Australia,Australia,Melbourne,Kyoto,Japan,Historical Site,Kyoto Historical Site 66,"Main Road, Kyoto",Autumn,3.55,3.8181818181818183
4205,383,2022,6,Couples,43,2.9,Europe,Spain,Madrid,Cape Town,South Africa,Shopping,Cape Town Shopping 43,"Main Road, Cape Town",Summer,3.533333333333333,3.772
4206,327,2024,11,Family,93,3.0,Asia,Japan,Tokyo,Auckland,New Zealand,Adventure,Auckland Adventure 93,"Main Road, Auckland",Autumn,4.016666666666667,3.7888888888888888
4207,644,2024,6,Solo,88,3.5,North America,Canada,Toronto,Tokyo,Japan,Shopping,Tokyo Shopping 88,"Main Road, Tokyo",Summer,3.8666666666666667,3.901818181818182
4208,926,2022,9,Friends,19,3.5,North America,Canada,Toronto,Auckland,New Zealand,Park,Auckland Park 19,"Main Road, Auckland",Autumn,3.675,3.689583333333333
4209,351,2024,9,Friends,59,3.9,Europe,France,Nice,Melbourne,Australia,Museum,Melbourne Museum 59,"Main Road, Melbourne",Autumn,4.111111111111111,3.853061224489796
4210,309,2024,4,Friends,49,4.1,Australia,Australia,Sydney,Santiago,Chile,Historical Site,Santiago Historical Site 49,"Main Road, Santiago",Spring,3.6,3.8877551020408165
4211,418,2025,9,Business,81,3.4,Africa,Kenya,Mombasa,Luxor,Egypt,Park,Luxor Park 81,"Main Road, Luxor",Autumn,3.1333333333333333,3.8309090909090906
4212,407,2023,4,Couples,66,4.1,Africa,Egypt,Luxor,Kyoto,Japan,Historical Site,Kyoto Historical Site 66,"Main Road, Kyoto",Spring,3.783333333333333,3.8181818181818183
4213,194,2023,1,Solo,66,3.1,Africa,South Africa,Johannesburg,Kyoto,Japan,Historical Site,Kyoto Historical Site 66,"Main Road, Kyoto",Winter,3.88,3.8181818181818183
4214,556,2023,12,Friends,29,3.9,Africa,South Africa,Cape Town,Santiago,Chile,Wildlife,Santiago Wildlife 29,"Main Road, Santiago",Winter,4.433333333333333,3.7943396226415094
4215,52,2025,8,Family,2,3.2,North America,Canada,Toronto,Sao Paulo,Brazil,Historical Site,Sao Paulo Historical Site 2,"Main Road, Sao Paulo",Summer,3.78,3.727272727272727
4216,543,2024,9,Couples,26,3.5,Asia,Japan,Tokyo,Rome,Italy,Temple,Rome Temple 26,"Main Road, Rome",Autumn,3.725,3.829310344827586
4217,994,2025,11,Family,95,3.7,Asia,Singapore,Singapore,Singapore,Singapore,Park,Singapore Park 95,"Main Road, Singapore",Autumn,3.9499999999999997,3.819607843137255
4218,248,2022,11,Family,21,4.1,North America,USA,New York,Luxor,Egypt,Temple,Luxor Temple 21,"Main Road, Luxor",Autumn,3.6333333333333333,3.8267857142857147
4219,924,2024,9,Friends,67,3.5,Asia,Thailand,Phuket,Auckland,New Zealand,Historical Site,Auckland Historical Site 67,"Main Road, Auckland",Autumn,4.275,3.736842105263158
4220,658,2024,1,Solo,13,4.0,North America,USA,Las Vegas,Auckland,New Zealand,Wildlife,Auckland Wildlife 13,"Main Road, Auckland",Winter,3.4,3.8711864406779664
4221,162,2022,3,Business,13,4.5,Europe,Spain,Barcelona,Auckland,New Zealand,Wildlife,Auckland Wildlife 13,"Main Road, Auckland",Spring,3.963636363636364,3.8711864406779664
4222,412,2025,7,Family,32,4.5,Australia,Australia,Melbourne,Buenos Aires,Argentina,Shopping,Buenos Aires Shopping 32,"Main Road, Buenos Aires",Summer,3.888888888888889,3.812244897959184
4223,216,2025,2,Couples,93,3.0,Asia,Singapore,Singapore,Auckland,New Zealand,Adventure,Auckland Adventure 93,"Main Road, Auckland",Winter,3.5428571428571423,3.7888888888888888
4224,94,2025,7,Family,59,3.4,North America,Mexico,Cancun,Melbourne,Australia,Museum,Melbourne Museum 59,"Main Road, Melbourne",Summer,3.6166666666666667,3.853061224489796
4225,751,2025,12,Business,74,4.4,Australia,New Zealand,Queenstown,Sydney,Australia,Historical Site,Sydney Historical Site 74,"Main Road, Sydney",Winter,4.1375,4.0487179487179485
4226,941,2022,9,Family,78,5.0,Africa,Egypt,Luxor,Santiago,Chile,Museum,Santiago Museum 78,"Main Road, Santiago",Autumn,4.25,3.814814814814815
4227,346,2024,8,Friends,48,4.3,North America,Mexico,Cancun,Nairobi,Kenya,Adventure,Nairobi Adventure 48,"Main Road, Nairobi",Summer,3.9714285714285715,3.845833333333333
4228,626,2025,11,Couples,18,4.4,Australia,Australia,Sydney,Madrid,Spain,Historical Site,Madrid Historical Site 18,"Main Road, Madrid",Autumn,4.2,3.7285714285714286
4229,324,2022,7,Friends,98,4.6,Europe,Italy,Venice,Mombasa,Kenya,Adventure,Mombasa Adventure 98,"Main Road, Mombasa",Summer,3.883333333333333,4.017543859649122
4230,890,2022,11,Couples,87,3.7,North America,Mexico,Mexico City,Vancouver,Canada,Park,Vancouver Park 87,"Main Road, Vancouver",Autumn,3.8833333333333333,3.881818181818182
4231,305,2025,10,Solo,28,4.4,Asia,Japan,Tokyo,Rio de Janeiro,Brazil,Beach,Rio de Janeiro Beach 28,"Main Road, Rio de Janeiro",Autumn,3.866666666666667,3.7065217391304346
4232,377,2023,7,Solo,80,2.5,Asia,Thailand,Bangkok,Nairobi,Kenya,Temple,Nairobi Temple 80,"Main Road, Nairobi",Summer,3.8166666666666664,3.8166666666666664
4233,441,2022,6,Solo,34,3.6,Asia,Thailand,Pattaya,Mombasa,Kenya,Temple,Mombasa Temple 34,"Main Road, Mombasa",Summer,3.6714285714285713,3.764
4234,482,2023,3,Couples,61,3.2,Africa,Egypt,Luxor,Sydney,Australia,Shopping,Sydney Shopping 61,"Main Road, Sydney",Spring,3.8272727272727276,3.8000000000000003
4235,487,2025,11,Family,11,4.1,Europe,Spain,Barcelona,Pattaya,Thailand,Beach,Pattaya Beach 11,"Main Road, Pattaya",Autumn,3.9499999999999997,3.7121951219512193
4236,770,2023,3,Family,8,3.3,North America,Canada,Vancouver,Las Vegas,USA,Museum,Las Vegas Museum 8,"Main Road, Las Vegas",Spring,3.3333333333333335,3.716279069767442
4237,469,2022,5,Solo,92,4.3,South America,Chile,Santiago,Queenstown,New Zealand,Museum,Queenstown Museum 92,"Main Road, Queenstown",Spring,3.9,4.0339285714285715
4238,218,2025,3,Business,12,4.3,Africa,Egypt,Luxor,New York,USA,Historical Site,New York Historical Site 12,"Main Road, New York",Spring,4.15,3.8160714285714286
4239,478,2024,1,Couples,15,4.4,South America,Argentina,Buenos Aires,Jaipur,India,Historical Site,Jaipur Historical Site 15,"Main Road, Jaipur",Winter,4.266666666666667,3.8632653061224493
4240,627,2025,6,Friends,78,2.6,Africa,Kenya,Mombasa,Santiago,Chile,Museum,Santiago Museum 78,"Main Road, Santiago",Summer,3.95,3.814814814814815
4241,288,2024,5,Family,99,4.1,Australia,New Zealand,Queenstown,Toronto,Canada,Adventure,Toronto Adventure 99,"Main Road, Toronto",Spring,4.1571428571428575,3.735416666666667
4242,800,2022,11,Business,75,4.1,South America,Chile,Santiago,Vancouver,Canada,Park,Vancouver Park 75,"Main Road, Vancouver",Autumn,3.825,3.861818181818182
4243,580,2023,5,Friends,61,4.5,North America,Mexico,Mexico City,Sydney,Australia,Shopping,Sydney Shopping 61,"Main Road, Sydney",Spring,3.814285714285714,3.8000000000000003
4244,74,2023,3,Friends,66,3.9,North America,Canada,Toronto,Kyoto,Japan,Historical Site,Kyoto Historical Site 66,"Main Road, Kyoto",Spring,3.822222222222222,3.8181818181818183
4245,298,2023,2,Friends,72,3.2,Africa,Egypt,Luxor,Luxor,Egypt,Temple,Luxor Temple 72,"Main Road, Luxor",Winter,3.55,3.696296296296296
4246,910,2022,5,Family,14,3.5,South America,Argentina,Buenos Aires,Sao Paulo,Brazil,Historical Site,Sao Paulo Historical Site 14,"Main Road, Sao Paulo",Spring,3.9749999999999996,3.788235294117647
4247,797,2025,5,Solo,23,4.4,Europe,Germany,Munich,Los Angeles,USA,Adventure,Los Angeles Adventure 23,"Main Road, Los Angeles",Spring,3.8,3.919047619047619
4248,663,2025,4,Couples,8,3.8,Africa,South Africa,Cape Town,Las Vegas,USA,Museum,Las Vegas Museum 8,"Main Road, Las Vegas",Spring,4.1875,3.716279069767442
4249,669,2023,5,Friends,93,3.8,Asia,Japan,Tokyo,Auckland,New Zealand,Adventure,Auckland Adventure 93,"Main Road, Auckland",Spring,3.8857142857142857,3.7888888888888888
4250,872,2022,7,Couples,51,3.3,Africa,South Africa,Cape Town,Mexico City,Mexico,Temple,Mexico City Temple 51,"Main Road, Mexico City",Summer,3.3,3.861290322580645
4251,316,2022,4,Friends,53,4.5,Africa,Egypt,Cairo,Milan,Italy,Shopping,Milan Shopping 53,"Main Road, Milan",Spring,4.016666666666667,3.685106382978723
4252,964,2023,5,Couples,44,3.9,Australia,Australia,Melbourne,Rio de Janeiro,Brazil,Temple,Rio de Janeiro Temple 44,"Main Road, Rio de Janeiro",Spring,4.075,3.825
4253,476,2025,5,Family,87,2.5,Asia,Japan,Tokyo,Vancouver,Canada,Park,Vancouver Park 87,"Main Road, Vancouver",Spring,3.814285714285714,3.881818181818182
4254,162,2024,10,Solo,84,4.3,Europe,Spain,Barcelona,Singapore,Singapore,Temple,Singapore Temple 84,"Main Road, Singapore",Autumn,3.963636363636364,3.7846153846153845
4255,594,2023,10,Friends,20,4.0,Europe,Germany,Berlin,Vancouver,Canada,Wildlife,Vancouver Wildlife 20,"Main Road, Vancouver",Autumn,3.6999999999999997,3.775
4256,515,2023,9,Couples,43,2.5,South America,Brazil,Rio de Janeiro,Cape Town,South Africa,Shopping,Cape Town Shopping 43,"Main Road, Cape Town",Autumn,3.8444444444444446,3.772
4257,691,2023,9,Family,5,3.3,Africa,South Africa,Johannesburg,Santiago,Chile,Adventure,Santiago Adventure 5,"Main Road, Santiago",Autumn,3.7333333333333334,3.691111111111111
4258,762,2023,6,Business,39,3.5,Asia,Singapore,Singapore,Munich,Germany,Shopping,Munich Shopping 39,"Main Road, Munich",Summer,3.433333333333333,3.965909090909091
4259,214,2022,2,Business,3,3.2,Africa,South Africa,Cape Town,Rio de Janeiro,Brazil,Adventure,Rio de Janeiro Adventure 3,"Main Road, Rio de Janeiro",Winter,3.783333333333333,3.791111111111111
4260,741,2023,5,Solo,10,3.8,North America,USA,New York,Toronto,Canada,Wildlife,Toronto Wildlife 10,"Main Road, Toronto",Spring,4.0,3.8257575757575757
4261,7,2025,3,Family,36,3.4,South America,Argentina,Buenos Aires,Singapore,Singapore,Beach,Singapore Beach 36,"Main Road, Singapore",Spring,3.6166666666666667,3.7410714285714284
4262,967,2022,8,Couples,94,2.6,Australia,New Zealand,Queenstown,Melbourne,Australia,Temple,Melbourne Temple 94,"Main Road, Melbourne",Summer,3.8857142857142857,3.6732142857142853
4263,571,2022,5,Solo,20,4.1,South America,Chile,Santiago,Vancouver,Canada,Wildlife,Vancouver Wildlife 20,"Main Road, Vancouver",Spring,4.0181818181818185,3.775
4264,480,2022,3,Couples,14,4.3,Australia,Australia,Sydney,Sao Paulo,Brazil,Historical Site,Sao Paulo Historical Site 14,"Main Road, Sao Paulo",Spring,3.6714285714285713,3.788235294117647
4265,497,2023,6,Friends,65,3.3,Asia,India,Goa,Vancouver,Canada,Museum,Vancouver Museum 65,"Main Road, Vancouver",Summer,3.822222222222222,3.9294117647058826
4266,543,2022,9,Friends,36,4.8,Asia,Japan,Tokyo,Singapore,Singapore,Beach,Singapore Beach 36,"Main Road, Singapore",Autumn,3.725,3.7410714285714284
4267,877,2024,1,Business,87,3.5,Africa,South Africa,Johannesburg,Vancouver,Canada,Park,Vancouver Park 87,"Main Road, Vancouver",Winter,3.6199999999999997,3.881818181818182
4268,788,2023,9,Business,61,3.5,Australia,Australia,Sydney,Sydney,Australia,Shopping,Sydney Shopping 61,"Main Road, Sydney",Autumn,3.7399999999999998,3.8000000000000003
4269,494,2025,11,Family,31,2.8,Australia,New Zealand,Queenstown,Queenstown,New Zealand,Historical Site,Queenstown Historical Site 31,"Main Road, Queenstown",Autumn,3.283333333333333,3.663157894736842
4270,176,2025,4,Couples,43,3.0,Australia,Australia,Melbourne,Cape Town,South Africa,Shopping,Cape Town Shopping 43,"Main Road, Cape Town",Spring,3.9625,3.772
4271,412,2024,9,Family,16,3.9,Australia,Australia,Melbourne,Sao Paulo,Brazil,Historical Site,Sao Paulo Historical Site 16,"Main Road, Sao Paulo",Autumn,3.888888888888889,3.932758620689655
4272,270,2023,8,Business,75,3.9,North America,USA,New York,Vancouver,Canada,Park,Vancouver Park 75,"Main Road, Vancouver",Summer,3.6384615384615384,3.861818181818182
4273,335,2023,2,Friends,25,4.0,North America,Mexico,Cancun,Cairo,Egypt,Temple,Cairo Temple 25,"Main Road, Cairo",Winter,3.85,3.595555555555556
4274,973,2023,1,Friends,89,3.1,Africa,Kenya,Nairobi,Sydney,Australia,Park,Sydney Park 89,"Main Road, Sydney",Winter,3.4857142857142853,3.811764705882353
4275,183,2023,1,Solo,69,3.3,South America,Argentina,Buenos Aires,Johannesburg,South Africa,Shopping,Johannesburg Shopping 69,"Main Road, Johannesburg",Winter,3.8600000000000003,3.818032786885246
4276,341,2023,12,Friends,43,3.4,Europe,Germany,Berlin,Cape Town,South Africa,Shopping,Cape Town Shopping 43,"Main Road, Cape Town",Winter,3.6333333333333333,3.772
4277,196,2025,9,Solo,61,3.9,North America,Canada,Vancouver,Sydney,Australia,Shopping,Sydney Shopping 61,"Main Road, Sydney",Autumn,3.783333333333333,3.8000000000000003
4278,924,2023,8,Couples,90,3.8,Asia,Thailand,Phuket,Nice,France,Temple,Nice Temple 90,"Main Road, Nice",Summer,4.275,3.7215686274509805
4279,720,2022,12,Business,17,4.2,Africa,South Africa,Johannesburg,Buenos Aires,Argentina,Wildlife,Buenos Aires Wildlife 17,"Main Road, Buenos Aires",Winter,3.84,3.9155555555555552
4280,837,2025,10,Business,64,4.0,Asia,Thailand,Phuket,Madrid,Spain,Beach,Madrid Beach 64,"Main Road, Madrid",Autumn,3.8714285714285714,3.8058823529411763
4281,73,2025,12,Friends,91,3.2,Asia,India,Delhi,Singapore,Singapore,Historical Site,Singapore Historical Site 91,"Main Road, Singapore",Winter,3.585714285714286,3.924137931034483
4282,734,2022,4,Family,45,4.6,North America,Canada,Toronto,Cairo,Egypt,Park,Cairo Park 45,"Main Road, Cairo",Spring,4.0,3.852830188679245
4283,30,2022,5,Solo,26,3.3,Australia,New Zealand,Queenstown,Rome,Italy,Temple,Rome Temple 26,"Main Road, Rome",Spring,3.483333333333333,3.829310344827586
4284,957,2022,2,Friends,17,3.5,Africa,South Africa,Cape Town,Buenos Aires,Argentina,Wildlife,Buenos Aires Wildlife 17,"Main Road, Buenos Aires",Winter,3.6,3.9155555555555552
4285,634,2024,4,Friends,97,3.0,South America,Chile,Santiago,Los Angeles,USA,Historical Site,Los Angeles Historical Site 97,"Main Road, Los Angeles",Spring,3.7,3.661904761904762
4286,143,2024,4,Business,42,4.8,South America,Argentina,Buenos Aires,Singapore,Singapore,Wildlife,Singapore Wildlife 42,"Main Road, Singapore",Spring,4.34,3.706382978723404
4287,42,2024,9,Business,53,3.9,Asia,Singapore,Singapore,Milan,Italy,Shopping,Milan Shopping 53,"Main Road, Milan",Autumn,4.3,3.685106382978723
4288,341,2025,1,Business,85,4.2,Europe,Germany,Berlin,Rome,Italy,Historical Site,Rome Historical Site 85,"Main Road, Rome",Winter,3.6333333333333333,3.8607843137254902
4289,984,2023,11,Family,8,2.8,Europe,France,Paris,Las Vegas,USA,Museum,Las Vegas Museum 8,"Main Road, Las Vegas",Autumn,4.125,3.716279069767442
4290,454,2024,10,Couples,81,4.0,North America,Canada,Toronto,Luxor,Egypt,Park,Luxor Park 81,"Main Road, Luxor",Autumn,3.975,3.8309090909090906
4291,208,2023,5,Solo,76,3.4,Europe,Italy,Milan,Tokyo,Japan,Temple,Tokyo Temple 76,"Main Road, Tokyo",Spring,4.0200000000000005,3.817777777777778
4292,156,2022,11,Friends,15,3.8,Australia,Australia,Melbourne,Jaipur,India,Historical Site,Jaipur Historical Site 15,"Main Road, Jaipur",Autumn,3.2875,3.8632653061224493
4293,35,2025,9,Business,96,4.4,Australia,Australia,Melbourne,Cancun,Mexico,Adventure,Cancun Adventure 96,"Main Road, Cancun",Autumn,4.228571428571429,3.5860000000000003
4294,570,2022,7,Family,39,4.2,Asia,Japan,Osaka,Munich,Germany,Shopping,Munich Shopping 39,"Main Road, Munich",Summer,3.6166666666666667,3.965909090909091
4295,316,2023,2,Couples,86,3.5,Africa,Egypt,Cairo,Cape Town,South Africa,Historical Site,Cape Town Historical Site 86,"Main Road, Cape Town",Winter,4.016666666666667,3.6799999999999997
4296,411,2023,4,Solo,96,3.3,Asia,Japan,Kyoto,Cancun,Mexico,Adventure,Cancun Adventure 96,"Main Road, Cancun",Spring,3.3666666666666667,3.5860000000000003
4297,304,2025,3,Couples,32,3.6,Africa,South Africa,Johannesburg,Buenos Aires,Argentina,Shopping,Buenos Aires Shopping 32,"Main Road, Buenos Aires",Spring,4.075,3.812244897959184
4298,209,2024,2,Business,37,3.3,Europe,Germany,Berlin,Mumbai,India,Historical Site,Mumbai Historical Site 37,"Main Road, Mumbai",Winter,3.7857142857142856,3.752173913043478
4299,846,2024,1,Solo,82,3.4,Australia,Australia,Melbourne,Sydney,Australia,Temple,Sydney Temple 82,"Main Road, Sydney",Winter,3.6999999999999997,3.7333333333333334
4300,447,2025,8,Business,29,5.0,Africa,Egypt,Luxor,Santiago,Chile,Wildlife,Santiago Wildlife 29,"Main Road, Santiago",Summer,4.1875,3.7943396226415094
4301,673,2025,9,Solo,89,3.7,Africa,Egypt,Cairo,Sydney,Australia,Park,Sydney Park 89,"Main Road, Sydney",Autumn,3.6,3.811764705882353
4302,307,2023,5,Friends,60,4.6,Asia,Thailand,Bangkok,Johannesburg,South Africa,Museum,Johannesburg Museum 60,"Main Road, Johannesburg",Spring,3.75,3.7857142857142856
4303,774,2024,12,Family,76,5.0,Australia,Australia,Melbourne,Tokyo,Japan,Temple,Tokyo Temple 76,"Main Road, Tokyo",Winter,3.8666666666666667,3.817777777777778
4304,259,2023,8,Solo,16,4.4,Europe,Spain,Barcelona,Sao Paulo,Brazil,Historical Site,Sao Paulo Historical Site 16,"Main Road, Sao Paulo",Summer,3.3833333333333333,3.932758620689655
4305,580,2023,7,Solo,59,3.6,North America,Mexico,Mexico City,Melbourne,Australia,Museum,Melbourne Museum 59,"Main Road, Melbourne",Summer,3.814285714285714,3.853061224489796
4306,154,2023,6,Family,4,3.9,Europe,Spain,Barcelona,Buenos Aires,Argentina,Temple,Buenos Aires Temple 4,"Main Road, Buenos Aires",Summer,3.522222222222222,3.96
4307,66,2025,9,Couples,16,4.2,South America,Argentina,Buenos Aires,Sao Paulo,Brazil,Historical Site,Sao Paulo Historical Site 16,"Main Road, Sao Paulo",Autumn,3.8375,3.932758620689655
4308,314,2022,1,Friends,37,4.0,Africa,South Africa,Cape Town,Mumbai,India,Historical Site,Mumbai Historical Site 37,"Main Road, Mumbai",Winter,3.725,3.752173913043478
4309,668,2024,4,Business,67,3.8,Africa,Egypt,Cairo,Auckland,New Zealand,Historical Site,Auckland Historical Site 67,"Main Road, Auckland",Spring,4.0,3.736842105263158
4310,328,2022,6,Friends,43,3.6,Australia,New Zealand,Auckland,Cape Town,South Africa,Shopping,Cape Town Shopping 43,"Main Road, Cape Town",Summer,3.7333333333333334,3.772
4311,692,2022,1,Couples,76,3.9,Australia,Australia,Melbourne,Tokyo,Japan,Temple,Tokyo Temple 76,"Main Road, Tokyo",Winter,3.9285714285714284,3.817777777777778
4312,15,2025,10,Family,90,3.9,Australia,New Zealand,Auckland,Nice,France,Temple,Nice Temple 90,"Main Road, Nice",Autumn,4.211111111111111,3.7215686274509805
4313,285,2022,8,Family,38,4.0,Asia,India,Mumbai,Luxor,Egypt,Museum,Luxor Museum 38,"Main Road, Luxor",Summer,3.55,3.784313725490196
4314,153,2023,4,Couples,35,3.9,Europe,Spain,Barcelona,Paris,France,Beach,Paris Beach 35,"Main Road, Paris",Spring,3.95,3.728
4315,312,2025,10,Solo,6,3.1,Asia,India,Goa,Johannesburg,South Africa,Museum,Johannesburg Museum 6,"Main Road, Johannesburg",Autumn,3.3600000000000003,3.8461538461538463
4316,101,2023,4,Family,83,2.7,South America,Chile,Santiago,Melbourne,Australia,Wildlife,Melbourne Wildlife 83,"Main Road, Melbourne",Spring,3.3000000000000003,3.851282051282051
4317,795,2023,2,Family,2,2.5,Africa,Kenya,Mombasa,Sao Paulo,Brazil,Historical Site,Sao Paulo Historical Site 2,"Main Road, Sao Paulo",Winter,3.6,3.727272727272727
4318,519,2023,8,Business,79,4.6,Africa,Kenya,Nairobi,Mexico City,Mexico,Historical Site,Mexico City Historical Site 79,"Main Road, Mexico City",Summer,3.4599999999999995,3.861224489795918
4319,513,2025,7,Couples,31,3.1,North America,Canada,Vancouver,Queenstown,New Zealand,Historical Site,Queenstown Historical Site 31,"Main Road, Queenstown",Summer,4.1,3.663157894736842
4320,726,2023,2,Friends,43,3.5,South America,Argentina,Buenos Aires,Cape Town,South Africa,Shopping,Cape Town Shopping 43,"Main Road, Cape Town",Winter,3.9799999999999995,3.772
4321,880,2023,9,Family,60,3.1,Asia,Thailand,Phuket,Johannesburg,South Africa,Museum,Johannesburg Museum 60,"Main Road, Johannesburg",Autumn,3.8333333333333335,3.7857142857142856
4322,63,2025,1,Solo,28,4.3,Africa,South Africa,Cape Town,Rio de Janeiro,Brazil,Beach,Rio de Janeiro Beach 28,"Main Road, Rio de Janeiro",Winter,4.14,3.7065217391304346
4323,36,2023,4,Family,13,3.4,Asia,Japan,Tokyo,Auckland,New Zealand,Wildlife,Auckland Wildlife 13,"Main Road, Auckland",Spring,4.06,3.8711864406779664
4324,414,2022,1,Couples,94,4.4,Africa,South Africa,Cape Town,Melbourne,Australia,Temple,Melbourne Temple 94,"Main Road, Melbourne",Winter,3.8375000000000004,3.6732142857142853
4325,280,2024,9,Solo,97,2.9,Africa,Egypt,Cairo,Los Angeles,USA,Historical Site,Los Angeles Historical Site 97,"Main Road, Los Angeles",Autumn,3.5,3.661904761904762
4326,945,2023,4,Couples,41,4.5,South America,Argentina,Buenos Aires,Vancouver,Canada,Beach,Vancouver Beach 41,"Main Road, Vancouver",Spring,3.733333333333333,3.7526315789473683
4327,508,2024,7,Solo,21,4.5,Europe,Italy,Venice,Luxor,Egypt,Temple,Luxor Temple 21,"Main Road, Luxor",Summer,3.9200000000000004,3.8267857142857147
4328,385,2022,6,Business,94,3.8,South America,Chile,Santiago,Melbourne,Australia,Temple,Melbourne Temple 94,"Main Road, Melbourne",Summer,3.8499999999999996,3.6732142857142853
4329,383,2023,4,Friends,11,4.1,Europe,Spain,Madrid,Pattaya,Thailand,Beach,Pattaya Beach 11,"Main Road, Pattaya",Spring,3.533333333333333,3.7121951219512193
4330,808,2022,8,Solo,92,4.0,Africa,Egypt,Luxor,Queenstown,New Zealand,Museum,Queenstown Museum 92,"Main Road, Queenstown",Summer,3.75,4.0339285714285715
4331,940,2024,9,Friends,18,3.3,Africa,Kenya,Mombasa,Madrid,Spain,Historical Site,Madrid Historical Site 18,"Main Road, Madrid",Autumn,3.988888888888889,3.7285714285714286
4332,165,2022,9,Business,95,3.2,Asia,Singapore,Singapore,Singapore,Singapore,Park,Singapore Park 95,"Main Road, Singapore",Autumn,3.8000000000000003,3.819607843137255
4333,343,2022,8,Friends,40,3.9,South America,Brazil,Sao Paulo,Cape Town,South Africa,Museum,Cape Town Museum 40,"Main Road, Cape Town",Summer,3.675,3.815909090909091
4334,5,2025,4,Friends,8,2.0,Africa,South Africa,Johannesburg,Las Vegas,USA,Museum,Las Vegas Museum 8,"Main Road, Las Vegas",Spring,3.7,3.716279069767442
4335,822,2023,3,Solo,22,4.1,Asia,India,Delhi,Melbourne,Australia,Adventure,Melbourne Adventure 22,"Main Road, Melbourne",Spring,3.85,3.8629629629629627
4336,139,2025,7,Friends,16,3.8,South America,Chile,Santiago,Sao Paulo,Brazil,Historical Site,Sao Paulo Historical Site 16,"Main Road, Sao Paulo",Summer,3.9666666666666663,3.932758620689655
4337,728,2023,8,Business,9,4.4,South America,Argentina,Buenos Aires,Nice,France,Adventure,Nice Adventure 9,"Main Road, Nice",Summer,3.725,3.709803921568627
4338,271,2022,4,Business,6,3.7,Europe,Germany,Munich,Johannesburg,South Africa,Museum,Johannesburg Museum 6,"Main Road, Johannesburg",Spring,3.8125,3.8461538461538463
4339,130,2023,3,Couples,70,4.0,South America,Chile,Santiago,Sydney,Australia,Beach,Sydney Beach 70,"Main Road, Sydney",Spring,3.8,3.7588235294117647
4340,809,2022,6,Couples,5,3.8,Australia,New Zealand,Auckland,Santiago,Chile,Adventure,Santiago Adventure 5,"Main Road, Santiago",Summer,3.516666666666667,3.691111111111111
4341,513,2022,5,Business,25,4.1,North America,Canada,Vancouver,Cairo,Egypt,Temple,Cairo Temple 25,"Main Road, Cairo",Spring,4.1,3.595555555555556
4342,650,2022,1,Couples,81,3.7,South America,Argentina,Buenos Aires,Luxor,Egypt,Park,Luxor Park 81,"Main Road, Luxor",Winter,3.8200000000000003,3.8309090909090906
4343,263,2025,2,Solo,76,3.5,South America,Brazil,Rio de Janeiro,Tokyo,Japan,Temple,Tokyo Temple 76,"Main Road, Tokyo",Winter,3.8200000000000003,3.817777777777778
4344,986,2023,1,Solo,12,4.8,Australia,New Zealand,Queenstown,New York,USA,Historical Site,New York Historical Site 12,"Main Road, New York",Winter,3.957142857142857,3.8160714285714286
4345,899,2023,5,Business,76,4.7,Africa,Egypt,Luxor,Tokyo,Japan,Temple,Tokyo Temple 76,"Main Road, Tokyo",Spring,4.1,3.817777777777778
4346,764,2023,9,Couples,33,3.2,North America,Canada,Toronto,New York,USA,Historical Site,New York Historical Site 33,"Main Road, New York",Autumn,3.9333333333333336,3.8160000000000003
4347,613,2025,6,Solo,26,4.1,Australia,New Zealand,Auckland,Rome,Italy,Temple,Rome Temple 26,"Main Road, Rome",Summer,4.26,3.829310344827586
4348,257,2025,7,Friends,94,5.0,Australia,Australia,Melbourne,Melbourne,Australia,Temple,Melbourne Temple 94,"Main Road, Melbourne",Summer,3.925,3.6732142857142853
4349,662,2023,1,Business,95,4.3,Asia,Thailand,Bangkok,Singapore,Singapore,Park,Singapore Park 95,"Main Road, Singapore",Winter,3.533333333333333,3.819607843137255
4350,787,2022,6,Friends,52,3.4,Asia,Thailand,Bangkok,Mombasa,Kenya,Shopping,Mombasa Shopping 52,"Main Road, Mombasa",Summer,3.6555555555555554,3.9035087719298245
4351,134,2022,1,Couples,64,4.3,Australia,New Zealand,Queenstown,Madrid,Spain,Beach,Madrid Beach 64,"Main Road, Madrid",Winter,3.9857142857142853,3.8058823529411763
4352,476,2022,9,Business,34,3.4,Asia,Japan,Tokyo,Mombasa,Kenya,Temple,Mombasa Temple 34,"Main Road, Mombasa",Autumn,3.814285714285714,3.764
4353,162,2025,3,Business,26,3.3,Europe,Spain,Barcelona,Rome,Italy,Temple,Rome Temple 26,"Main Road, Rome",Spring,3.963636363636364,3.829310344827586
4354,701,2025,4,Family,37,3.0,Australia,Australia,Melbourne,Mumbai,India,Historical Site,Mumbai Historical Site 37,"Main Road, Mumbai",Spring,3.783333333333333,3.752173913043478
4355,574,2025,12,Business,66,4.1,North America,Canada,Toronto,Kyoto,Japan,Historical Site,Kyoto Historical Site 66,"Main Road, Kyoto",Winter,4.116666666666666,3.8181818181818183
4356,237,2025,3,Family,87,4.2,Asia,India,Mumbai,Vancouver,Canada,Park,Vancouver Park 87,"Main Road, Vancouver",Spring,3.914285714285714,3.881818181818182
4357,289,2025,4,Friends,81,4.2,South America,Brazil,Sao Paulo,Luxor,Egypt,Park,Luxor Park 81,"Main Road, Luxor",Spring,4.1,3.8309090909090906
4358,7,2025,12,Friends,35,2.6,South America,Argentina,Buenos Aires,Paris,France,Beach,Paris Beach 35,"Main Road, Paris",Winter,3.6166666666666667,3.728
4359,511,2024,9,Couples,84,4.2,South America,Brazil,Sao Paulo,Singapore,Singapore,Temple,Singapore Temple 84,"Main Road, Singapore",Autumn,3.9799999999999995,3.7846153846153845
4360,102,2022,4,Friends,24,3.4,South America,Chile,Santiago,Nairobi,Kenya,Museum,Nairobi Museum 24,"Main Road, Nairobi",Spring,3.9,3.8804878048780487
4361,94,2025,4,Business,53,3.9,North America,Mexico,Cancun,Milan,Italy,Shopping,Milan Shopping 53,"Main Road, Milan",Spring,3.6166666666666667,3.685106382978723
4362,816,2022,12,Business,8,3.6,Africa,South Africa,Cape Town,Las Vegas,USA,Museum,Las Vegas Museum 8,"Main Road, Las Vegas",Winter,3.225,3.716279069767442
4363,52,2023,5,Friends,34,4.0,North America,Canada,Toronto,Mombasa,Kenya,Temple,Mombasa Temple 34,"Main Road, Mombasa",Spring,3.78,3.764
4364,925,2025,2,Family,6,5.0,Africa,South Africa,Cape Town,Johannesburg,South Africa,Museum,Johannesburg Museum 6,"Main Road, Johannesburg",Winter,3.9272727272727277,3.8461538461538463
4365,692,2022,1,Couples,88,4.9,Australia,Australia,Melbourne,Tokyo,Japan,Shopping,Tokyo Shopping 88,"Main Road, Tokyo",Winter,3.9285714285714284,3.901818181818182
4366,966,2022,3,Family,76,4.4,Australia,Australia,Melbourne,Tokyo,Japan,Temple,Tokyo Temple 76,"Main Road, Tokyo",Spring,4.05,3.817777777777778
4367,750,2025,1,Friends,53,5.0,Asia,Japan,Osaka,Milan,Italy,Shopping,Milan Shopping 53,"Main Road, Milan",Winter,4.85,3.685106382978723
4368,32,2025,11,Business,27,4.6,Africa,South Africa,Johannesburg,Nairobi,Kenya,Temple,Nairobi Temple 27,"Main Road, Nairobi",Autumn,3.8200000000000003,3.6843137254901963
4369,104,2022,11,Family,93,3.8,North America,Mexico,Mexico City,Auckland,New Zealand,Adventure,Auckland Adventure 93,"Main Road, Auckland",Autumn,3.533333333333333,3.7888888888888888
4370,117,2023,7,Family,48,2.8,North America,Mexico,Mexico City,Nairobi,Kenya,Adventure,Nairobi Adventure 48,"Main Road, Nairobi",Summer,3.275,3.845833333333333
4371,920,2024,5,Business,20,1.6,Africa,Kenya,Mombasa,Vancouver,Canada,Wildlife,Vancouver Wildlife 20,"Main Road, Vancouver",Spring,3.6333333333333333,3.775
4372,767,2023,11,Friends,75,4.1,South America,Argentina,Buenos Aires,Vancouver,Canada,Park,Vancouver Park 75,"Main Road, Vancouver",Autumn,4.05,3.861818181818182
4373,914,2022,11,Family,12,3.9,Australia,New Zealand,Auckland,New York,USA,Historical Site,New York Historical Site 12,"Main Road, New York",Autumn,4.033333333333333,3.8160714285714286
4374,543,2024,7,Friends,35,4.3,Asia,Japan,Tokyo,Paris,France,Beach,Paris Beach 35,"Main Road, Paris",Summer,3.725,3.728
4375,267,2025,2,Solo,1,3.5,North America,USA,Los Angeles,Berlin,Germany,Wildlife,Berlin Wildlife 1,"Main Road, Berlin",Winter,4.220000000000001,3.782051282051282
4376,912,2022,7,Solo,39,4.9,Africa,Kenya,Nairobi,Munich,Germany,Shopping,Munich Shopping 39,"Main Road, Munich",Summer,3.875,3.965909090909091
4377,721,2023,2,Solo,19,2.5,Australia,Australia,Sydney,Auckland,New Zealand,Park,Auckland Park 19,"Main Road, Auckland",Winter,3.6500000000000004,3.689583333333333
4378,11,2024,3,Solo,49,3.7,Australia,Australia,Melbourne,Santiago,Chile,Historical Site,Santiago Historical Site 49,"Main Road, Santiago",Spring,3.4375,3.8877551020408165
4379,143,2023,9,Couples,79,5.0,South America,Argentina,Buenos Aires,Mexico City,Mexico,Historical Site,Mexico City Historical Site 79,"Main Road, Mexico City",Autumn,4.34,3.861224489795918
4380,837,2022,2,Friends,22,3.7,Asia,Thailand,Phuket,Melbourne,Australia,Adventure,Melbourne Adventure 22,"Main Road, Melbourne",Winter,3.8714285714285714,3.8629629629629627
4381,943,2025,4,Business,29,3.6,North America,Canada,Toronto,Santiago,Chile,Wildlife,Santiago Wildlife 29,"Main Road, Santiago",Spring,3.788888888888889,3.7943396226415094
4382,232,2025,8,Business,9,3.1,Asia,Thailand,Pattaya,Nice,France,Adventure,Nice Adventure 9,"Main Road, Nice",Summer,3.542857142857143,3.709803921568627
4383,995,2022,8,Family,70,4.5,Australia,Australia,Melbourne,Sydney,Australia,Beach,Sydney Beach 70,"Main Road, Sydney",Summer,4.466666666666666,3.7588235294117647
4384,342,2023,8,Couples,90,3.0,Europe,France,Nice,Nice,France,Temple,Nice Temple 90,"Main Road, Nice",Summer,3.8000000000000003,3.7215686274509805
4385,206,2023,4,Solo,90,4.8,Europe,Italy,Venice,Nice,France,Temple,Nice Temple 90,"Main Road, Nice",Spring,4.04,3.7215686274509805
4386,429,2025,6,Friends,86,3.5,North America,USA,Los Angeles,Cape Town,South Africa,Historical Site,Cape Town Historical Site 86,"Main Road, Cape Town",Summer,3.425,3.6799999999999997
4387,185,2022,8,Couples,82,4.1,North America,Canada,Toronto,Sydney,Australia,Temple,Sydney Temple 82,"Main Road, Sydney",Summer,4.016666666666667,3.7333333333333334
4388,618,2023,9,Couples,13,3.9,Australia,New Zealand,Auckland,Auckland,New Zealand,Wildlife,Auckland Wildlife 13,"Main Road, Auckland",Autumn,3.783333333333333,3.8711864406779664
4389,323,2024,7,Solo,12,5.0,Europe,Germany,Berlin,New York,USA,Historical Site,New York Historical Site 12,"Main Road, New York",Summer,4.5,3.8160714285714286
4390,705,2022,12,Friends,27,3.4,Africa,South Africa,Cape Town,Nairobi,Kenya,Temple,Nairobi Temple 27,"Main Road, Nairobi",Winter,3.45,3.6843137254901963
4391,311,2025,7,Friends,93,3.0,Europe,France,Paris,Auckland,New Zealand,Adventure,Auckland Adventure 93,"Main Road, Auckland",Summer,3.5799999999999996,3.7888888888888888
4392,351,2025,12,Couples,39,4.9,Europe,France,Nice,Munich,Germany,Shopping,Munich Shopping 39,"Main Road, Munich",Winter,4.111111111111111,3.965909090909091
4393,598,2023,10,Family,58,2.1,Asia,Thailand,Phuket,Mumbai,India,Wildlife,Mumbai Wildlife 58,"Main Road, Mumbai",Autumn,3.25,3.7518518518518515
4394,543,2023,5,Friends,61,2.6,Asia,Japan,Tokyo,Sydney,Australia,Shopping,Sydney Shopping 61,"Main Road, Sydney",Spring,3.725,3.8000000000000003
4395,66,2024,12,Family,21,3.9,South America,Argentina,Buenos Aires,Luxor,Egypt,Temple,Luxor Temple 21,"Main Road, Luxor",Winter,3.8375,3.8267857142857147
4396,423,2024,7,Friends,100,4.4,Australia,Australia,Sydney,Mombasa,Kenya,Wildlife,Mombasa Wildlife 100,"Main Road, Mombasa",Summer,4.16,3.75
4397,549,2025,9,Friends,84,5.0,Africa,South Africa,Johannesburg,Singapore,Singapore,Temple,Singapore Temple 84,"Main Road, Singapore",Autumn,4.34,3.7846153846153845
4398,408,2022,7,Friends,47,3.0,Europe,Italy,Milan,New York,USA,Historical Site,New York Historical Site 47,"Main Road, New York",Summer,3.46,3.9181818181818184
4399,294,2024,3,Business,47,5.0,South America,Chile,Santiago,New York,USA,Historical Site,New York Historical Site 47,"Main Road, New York",Spring,4.46,3.9181818181818184
4400,225,2025,4,Family,44,5.0,Africa,Kenya,Nairobi,Rio de Janeiro,Brazil,Temple,Rio de Janeiro Temple 44,"Main Road, Rio de Janeiro",Spring,4.175,3.825
4401,261,2022,1,Solo,59,3.9,Africa,Kenya,Nairobi,Melbourne,Australia,Museum,Melbourne Museum 59,"Main Road, Melbourne",Winter,4.1,3.853061224489796
4402,447,2022,2,Family,15,5.0,Africa,Egypt,Luxor,Jaipur,India,Historical Site,Jaipur Historical Site 15,"Main Road, Jaipur",Winter,4.1875,3.8632653061224493
4403,531,2023,5,Friends,64,3.7,Europe,Italy,Rome,Madrid,Spain,Beach,Madrid Beach 64,"Main Road, Madrid",Spring,3.814285714285714,3.8058823529411763
4404,536,2023,1,Business,11,3.7,Asia,Japan,Tokyo,Pattaya,Thailand,Beach,Pattaya Beach 11,"Main Road, Pattaya",Winter,3.8333333333333335,3.7121951219512193
4405,796,2022,11,Family,68,3.9,South America,Argentina,Buenos Aires,Toronto,Canada,Shopping,Toronto Shopping 68,"Main Road, Toronto",Autumn,3.4,3.607142857142857
4406,474,2022,10,Solo,29,4.4,North America,USA,Los Angeles,Santiago,Chile,Wildlife,Santiago Wildlife 29,"Main Road, Santiago",Autumn,3.25,3.7943396226415094
4407,481,2022,6,Family,69,2.9,Africa,South Africa,Cape Town,Johannesburg,South Africa,Shopping,Johannesburg Shopping 69,"Main Road, Johannesburg",Summer,3.525,3.818032786885246
4408,796,2023,11,Family,2,3.4,South America,Argentina,Buenos Aires,Sao Paulo,Brazil,Historical Site,Sao Paulo Historical Site 2,"Main Road, Sao Paulo",Autumn,3.4,3.727272727272727
4409,903,2025,11,Family,61,3.6,Europe,Italy,Rome,Sydney,Australia,Shopping,Sydney Shopping 61,"Main Road, Sydney",Autumn,3.05,3.8000000000000003
4410,350,2023,1,Friends,71,4.1,North America,Mexico,Cancun,Rio de Janeiro,Brazil,Museum,Rio de Janeiro Museum 71,"Main Road, Rio de Janeiro",Winter,3.75,3.9066666666666667
4411,125,2025,3,Business,76,4.0,Europe,Germany,Munich,Tokyo,Japan,Temple,Tokyo Temple 76,"Main Road, Tokyo",Spring,3.7399999999999998,3.817777777777778
4412,778,2025,3,Family,55,4.5,North America,Mexico,Mexico City,Mumbai,India,Wildlife,Mumbai Wildlife 55,"Main Road, Mumbai",Spring,3.95,3.6921568627450982
4413,254,2022,11,Couples,89,3.5,Europe,Spain,Barcelona,Sydney,Australia,Park,Sydney Park 89,"Main Road, Sydney",Autumn,3.8,3.811764705882353
4414,469,2024,7,Friends,80,4.1,South America,Chile,Santiago,Nairobi,Kenya,Temple,Nairobi Temple 80,"Main Road, Nairobi",Summer,3.9,3.8166666666666664
4415,737,2022,6,Solo,86,4.9,Australia,New Zealand,Auckland,Cape Town,South Africa,Historical Site,Cape Town Historical Site 86,"Main Road, Cape Town",Summer,3.8200000000000003,3.6799999999999997
4416,13,2023,4,Couples,61,5.0,North America,Mexico,Mexico City,Sydney,Australia,Shopping,Sydney Shopping 61,"Main Road, Sydney",Spring,4.033333333333333,3.8000000000000003
4417,598,2025,11,Family,29,3.5,Asia,Thailand,Phuket,Santiago,Chile,Wildlife,Santiago Wildlife 29,"Main Road, Santiago",Autumn,3.25,3.7943396226415094
4418,798,2025,8,Friends,67,3.2,Europe,Spain,Madrid,Auckland,New Zealand,Historical Site,Auckland Historical Site 67,"Main Road, Auckland",Summer,3.9285714285714284,3.736842105263158
4419,717,2022,12,Solo,96,3.6,North America,Mexico,Cancun,Cancun,Mexico,Adventure,Cancun Adventure 96,"Main Road, Cancun",Winter,3.6833333333333336,3.5860000000000003
4420,803,2023,1,Family,96,2.9,North America,Canada,Vancouver,Cancun,Mexico,Adventure,Cancun Adventure 96,"Main Road, Cancun",Winter,3.8499999999999996,3.5860000000000003
4421,950,2022,6,Family,44,3.7,North America,Canada,Vancouver,Rio de Janeiro,Brazil,Temple,Rio de Janeiro Temple 44,"Main Road, Rio de Janeiro",Summer,3.257142857142857,3.825
4422,129,2024,9,Family,69,4.9,Asia,Japan,Tokyo,Johannesburg,South Africa,Shopping,Johannesburg Shopping 69,"Main Road, Johannesburg",Autumn,4.366666666666666,3.818032786885246
4423,649,2022,4,Family,36,2.6,Asia,India,Jaipur,Singapore,Singapore,Beach,Singapore Beach 36,"Main Road, Singapore",Spring,3.8125,3.7410714285714284
4424,890,2023,3,Couples,73,3.5,North America,Mexico,Mexico City,Queenstown,New Zealand,Shopping,Queenstown Shopping 73,"Main Road, Queenstown",Spring,3.8833333333333333,3.7816666666666667
4425,50,2024,2,Family,48,4.5,Asia,Singapore,Singapore,Nairobi,Kenya,Adventure,Nairobi Adventure 48,"Main Road, Nairobi",Winter,4.233333333333333,3.845833333333333
4426,768,2024,11,Couples,18,4.5,South America,Argentina,Buenos Aires,Madrid,Spain,Historical Site,Madrid Historical Site 18,"Main Road, Madrid",Autumn,3.8333333333333335,3.7285714285714286
4427,345,2024,9,Business,7,2.6,Africa,Kenya,Nairobi,Santiago,Chile,Park,Santiago Park 7,"Main Road, Santiago",Autumn,3.6714285714285713,3.6767857142857143
4428,452,2022,7,Solo,88,4.1,Asia,Japan,Kyoto,Tokyo,Japan,Shopping,Tokyo Shopping 88,"Main Road, Tokyo",Summer,3.7714285714285714,3.901818181818182
4429,697,2025,5,Couples,97,3.6,Australia,New Zealand,Queenstown,Los Angeles,USA,Historical Site,Los Angeles Historical Site 97,"Main Road, Los Angeles",Spring,3.725,3.661904761904762
4430,887,2023,7,Couples,94,3.7,South America,Brazil,Sao Paulo,Melbourne,Australia,Temple,Melbourne Temple 94,"Main Road, Melbourne",Summer,3.56,3.6732142857142853
4431,629,2023,10,Solo,76,3.5,Europe,Italy,Rome,Tokyo,Japan,Temple,Tokyo Temple 76,"Main Road, Tokyo",Autumn,3.3,3.817777777777778
4432,224,2022,3,Couples,79,2.8,Asia,Thailand,Phuket,Mexico City,Mexico,Historical Site,Mexico City Historical Site 79,"Main Road, Mexico City",Spring,3.38,3.861224489795918
4433,733,2022,10,Business,83,4.2,South America,Argentina,Buenos Aires,Melbourne,Australia,Wildlife,Melbourne Wildlife 83,"Main Road, Melbourne",Autumn,3.875,3.851282051282051
4434,458,2024,1,Couples,85,4.7,Africa,Egypt,Cairo,Rome,Italy,Historical Site,Rome Historical Site 85,"Main Road, Rome",Winter,3.9499999999999997,3.8607843137254902
4435,180,2023,6,Couples,61,4.2,Africa,Kenya,Nairobi,Sydney,Australia,Shopping,Sydney Shopping 61,"Main Road, Sydney",Summer,4.0,3.8000000000000003
4436,408,2025,10,Friends,16,4.1,Europe,Italy,Milan,Sao Paulo,Brazil,Historical Site,Sao Paulo Historical Site 16,"Main Road, Sao Paulo",Autumn,3.46,3.932758620689655
4437,553,2022,11,Couples,24,4.3,Africa,Egypt,Luxor,Nairobi,Kenya,Museum,Nairobi Museum 24,"Main Road, Nairobi",Autumn,4.1,3.8804878048780487
4438,387,2025,12,Family,55,3.0,Asia,Singapore,Singapore,Mumbai,India,Wildlife,Mumbai Wildlife 55,"Main Road, Mumbai",Winter,3.6333333333333333,3.6921568627450982
4439,158,2022,12,Business,99,4.1,Europe,France,Nice,Toronto,Canada,Adventure,Toronto Adventure 99,"Main Road, Toronto",Winter,3.8200000000000003,3.735416666666667
4440,638,2024,12,Couples,61,4.5,Australia,New Zealand,Auckland,Sydney,Australia,Shopping,Sydney Shopping 61,"Main Road, Sydney",Winter,3.8428571428571425,3.8000000000000003
4441,982,2024,5,Couples,94,3.3,Europe,Germany,Berlin,Melbourne,Australia,Temple,Melbourne Temple 94,"Main Road, Melbourne",Spring,3.414285714285714,3.6732142857142853
4442,663,2025,9,Solo,6,4.6,Africa,South Africa,Cape Town,Johannesburg,South Africa,Museum,Johannesburg Museum 6,"Main Road, Johannesburg",Autumn,4.1875,3.8461538461538463
4443,425,2024,2,Friends,80,2.7,South America,Argentina,Buenos Aires,Nairobi,Kenya,Temple,Nairobi Temple 80,"Main Road, Nairobi",Winter,3.1,3.8166666666666664
4444,480,2025,9,Couples,32,4.1,Australia,Australia,Sydney,Buenos Aires,Argentina,Shopping,Buenos Aires Shopping 32,"Main Road, Buenos Aires",Autumn,3.6714285714285713,3.812244897959184
4445,987,2023,12,Couples,61,3.1,North America,Mexico,Mexico City,Sydney,Australia,Shopping,Sydney Shopping 61,"Main Road, Sydney",Winter,3.4,3.8000000000000003
4446,559,2024,7,Couples,72,3.8,Asia,India,Jaipur,Luxor,Egypt,Temple,Luxor Temple 72,"Main Road, Luxor",Summer,3.7285714285714286,3.696296296296296
4447,270,2024,5,Family,69,3.4,North America,USA,New York,Johannesburg,South Africa,Shopping,Johannesburg Shopping 69,"Main Road, Johannesburg",Spring,3.6384615384615384,3.818032786885246
4448,850,2024,2,Solo,10,4.1,Australia,Australia,Melbourne,Toronto,Canada,Wildlife,Toronto Wildlife 10,"Main Road, Toronto",Winter,4.025,3.8257575757575757
4449,126,2023,5,Business,73,4.7,Europe,Italy,Venice,Queenstown,New Zealand,Shopping,Queenstown Shopping 73,"Main Road, Queenstown",Spring,3.966666666666667,3.7816666666666667
4450,875,2025,1,Solo,13,4.0,Asia,Singapore,Singapore,Auckland,New Zealand,Wildlife,Auckland Wildlife 13,"Main Road, Auckland",Winter,3.9285714285714284,3.8711864406779664
4451,833,2022,9,Family,53,3.8,Africa,Kenya,Nairobi,Milan,Italy,Shopping,Milan Shopping 53,"Main Road, Milan",Autumn,3.6999999999999997,3.685106382978723
4452,674,2024,1,Friends,61,3.2,Australia,New Zealand,Auckland,Sydney,Australia,Shopping,Sydney Shopping 61,"Main Road, Sydney",Winter,3.7285714285714286,3.8000000000000003
4453,63,2024,12,Couples,44,5.0,Africa,South Africa,Cape Town,Rio de Janeiro,Brazil,Temple,Rio de Janeiro Temple 44,"Main Road, Rio de Janeiro",Winter,4.14,3.825
4454,720,2025,8,Couples,49,4.3,Africa,South Africa,Johannesburg,Santiago,Chile,Historical Site,Santiago Historical Site 49,"Main Road, Santiago",Summer,3.84,3.8877551020408165
4455,605,2023,12,Solo,88,2.6,North America,USA,Los Angeles,Tokyo,Japan,Shopping,Tokyo Shopping 88,"Main Road, Tokyo",Winter,3.783333333333333,3.901818181818182
4456,713,2025,12,Family,68,4.2,Asia,Thailand,Pattaya,Toronto,Canada,Shopping,Toronto Shopping 68,"Main Road, Toronto",Winter,3.757142857142857,3.607142857142857
4457,750,2024,6,Solo,73,4.7,Asia,Japan,Osaka,Queenstown,New Zealand,Shopping,Queenstown Shopping 73,"Main Road, Queenstown",Summer,4.85,3.7816666666666667
4458,803,2025,2,Friends,46,3.8,North America,Canada,Vancouver,Jaipur,India,Shopping,Jaipur Shopping 46,"Main Road, Jaipur",Winter,3.8499999999999996,3.7113636363636364
4459,810,2023,4,Business,77,4.0,Australia,New Zealand,Auckland,Rome,Italy,Temple,Rome Temple 77,"Main Road, Rome",Spring,4.0,3.836734693877551
4460,267,2025,3,Couples,26,3.7,North America,USA,Los Angeles,Rome,Italy,Temple,Rome Temple 26,"Main Road, Rome",Spring,4.220000000000001,3.829310344827586
4461,67,2023,1,Friends,56,4.4,Europe,France,Nice,Madrid,Spain,Historical Site,Madrid Historical Site 56,"Main Road, Madrid",Winter,4.633333333333334,3.892156862745098
4462,579,2025,4,Family,70,3.3,Europe,France,Paris,Sydney,Australia,Beach,Sydney Beach 70,"Main Road, Sydney",Spring,3.857142857142857,3.7588235294117647
4463,639,2024,10,Couples,39,5.0,Australia,Australia,Melbourne,Munich,Germany,Shopping,Munich Shopping 39,"Main Road, Munich",Autumn,4.625,3.965909090909091
4464,137,2025,8,Solo,5,3.4,North America,Mexico,Mexico City,Santiago,Chile,Adventure,Santiago Adventure 5,"Main Road, Santiago",Summer,3.5499999999999994,3.691111111111111
4465,737,2025,10,Family,63,3.4,Australia,New Zealand,Auckland,Madrid,Spain,Shopping,Madrid Shopping 63,"Main Road, Madrid",Autumn,3.8200000000000003,3.8245283018867924
4466,722,2023,1,Couples,63,4.5,Africa,South Africa,Cape Town,Madrid,Spain,Shopping,Madrid Shopping 63,"Main Road, Madrid",Winter,4.414285714285714,3.8245283018867924
4467,954,2025,6,Business,65,4.8,Australia,New Zealand,Queenstown,Vancouver,Canada,Museum,Vancouver Museum 65,"Main Road, Vancouver",Summer,3.6875,3.9294117647058826
4468,459,2023,3,Couples,59,3.3,South America,Brazil,Sao Paulo,Melbourne,Australia,Museum,Melbourne Museum 59,"Main Road, Melbourne",Spring,3.533333333333333,3.853061224489796
4469,245,2023,1,Family,77,3.3,Europe,Spain,Barcelona,Rome,Italy,Temple,Rome Temple 77,"Main Road, Rome",Winter,3.38,3.836734693877551
4470,748,2024,2,Business,17,2.8,North America,Canada,Toronto,Buenos Aires,Argentina,Wildlife,Buenos Aires Wildlife 17,"Main Road, Buenos Aires",Winter,3.625,3.9155555555555552
4471,680,2022,5,Family,32,2.9,Africa,South Africa,Cape Town,Buenos Aires,Argentina,Shopping,Buenos Aires Shopping 32,"Main Road, Buenos Aires",Spring,3.783333333333333,3.812244897959184
4472,726,2022,11,Family,60,4.4,South America,Argentina,Buenos Aires,Johannesburg,South Africa,Museum,Johannesburg Museum 60,"Main Road, Johannesburg",Autumn,3.9799999999999995,3.7857142857142856
4473,534,2025,5,Business,58,4.0,South America,Brazil,Rio de Janeiro,Mumbai,India,Wildlife,Mumbai Wildlife 58,"Main Road, Mumbai",Spring,4.066666666666666,3.7518518518518515
4474,424,2023,6,Business,71,4.1,Africa,Kenya,Mombasa,Rio de Janeiro,Brazil,Museum,Rio de Janeiro Museum 71,"Main Road, Rio de Janeiro",Summer,4.016666666666667,3.9066666666666667
4475,691,2023,1,Family,14,4.1,Africa,South Africa,Johannesburg,Sao Paulo,Brazil,Historical Site,Sao Paulo Historical Site 14,"Main Road, Sao Paulo",Winter,3.7333333333333334,3.788235294117647
4476,280,2024,7,Family,95,3.2,Africa,Egypt,Cairo,Singapore,Singapore,Park,Singapore Park 95,"Main Road, Singapore",Summer,3.5,3.819607843137255
4477,509,2022,9,Couples,86,3.1,South America,Brazil,Sao Paulo,Cape Town,South Africa,Historical Site,Cape Town Historical Site 86,"Main Road, Cape Town",Autumn,3.675,3.6799999999999997
4478,334,2024,8,Friends,92,3.3,Europe,Italy,Venice,Queenstown,New Zealand,Museum,Queenstown Museum 92,"Main Road, Queenstown",Summer,3.9,4.0339285714285715
4479,676,2022,1,Solo,83,2.2,North America,USA,New York,Melbourne,Australia,Wildlife,Melbourne Wildlife 83,"Main Road, Melbourne",Winter,2.9,3.851282051282051
4480,57,2023,7,Couples,75,2.7,Australia,Australia,Sydney,Vancouver,Canada,Park,Vancouver Park 75,"Main Road, Vancouver",Summer,3.4875,3.861818181818182
4481,952,2023,2,Couples,86,3.8,Europe,Italy,Rome,Cape Town,South Africa,Historical Site,Cape Town Historical Site 86,"Main Road, Cape Town",Winter,3.7142857142857144,3.6799999999999997
4482,342,2025,3,Family,48,3.6,Europe,France,Nice,Nairobi,Kenya,Adventure,Nairobi Adventure 48,"Main Road, Nairobi",Spring,3.8000000000000003,3.845833333333333
4483,851,2022,1,Business,97,3.8,Asia,Thailand,Pattaya,Los Angeles,USA,Historical Site,Los Angeles Historical Site 97,"Main Road, Los Angeles",Winter,3.814285714285714,3.661904761904762
4484,582,2025,9,Family,99,4.0,Australia,New Zealand,Queenstown,Toronto,Canada,Adventure,Toronto Adventure 99,"Main Road, Toronto",Autumn,3.8333333333333335,3.735416666666667
4485,771,2022,5,Friends,5,3.2,Australia,New Zealand,Auckland,Santiago,Chile,Adventure,Santiago Adventure 5,"Main Road, Santiago",Spring,3.642857142857143,3.691111111111111
4486,377,2024,1,Business,63,3.9,Asia,Thailand,Bangkok,Madrid,Spain,Shopping,Madrid Shopping 63,"Main Road, Madrid",Winter,3.8166666666666664,3.8245283018867924
4487,746,2024,12,Solo,6,4.4,South America,Argentina,Buenos Aires,Johannesburg,South Africa,Museum,Johannesburg Museum 6,"Main Road, Johannesburg",Winter,3.2857142857142856,3.8461538461538463
4488,397,2024,3,Solo,32,5.0,Australia,Australia,Melbourne,Buenos Aires,Argentina,Shopping,Buenos Aires Shopping 32,"Main Road, Buenos Aires",Spring,3.55,3.812244897959184
4489,585,2022,9,Friends,72,3.6,Asia,Japan,Tokyo,Luxor,Egypt,Temple,Luxor Temple 72,"Main Road, Luxor",Autumn,3.3,3.696296296296296
4490,618,2023,9,Couples,64,5.0,Australia,New Zealand,Auckland,Madrid,Spain,Beach,Madrid Beach 64,"Main Road, Madrid",Autumn,3.783333333333333,3.8058823529411763
4491,940,2025,8,Friends,63,4.0,Africa,Kenya,Mombasa,Madrid,Spain,Shopping,Madrid Shopping 63,"Main Road, Madrid",Summer,3.988888888888889,3.8245283018867924
4492,732,2022,1,Friends,63,4.5,North America,USA,New York,Madrid,Spain,Shopping,Madrid Shopping 63,"Main Road, Madrid",Winter,3.8000000000000003,3.8245283018867924
4493,867,2023,7,Couples,88,2.9,North America,Canada,Toronto,Tokyo,Japan,Shopping,Tokyo Shopping 88,"Main Road, Tokyo",Summer,3.4166666666666665,3.901818181818182
4494,99,2023,7,Solo,20,4.2,North America,Canada,Vancouver,Vancouver,Canada,Wildlife,Vancouver Wildlife 20,"Main Road, Vancouver",Summer,3.9142857142857146,3.775
4495,182,2024,7,Family,35,4.0,South America,Brazil,Sao Paulo,Paris,France,Beach,Paris Beach 35,"Main Road, Paris",Summer,4.066666666666666,3.728
4496,695,2025,12,Business,73,3.7,South America,Chile,Santiago,Queenstown,New Zealand,Shopping,Queenstown Shopping 73,"Main Road, Queenstown",Winter,3.6166666666666667,3.7816666666666667
4497,279,2024,12,Business,15,2.9,Australia,New Zealand,Queenstown,Jaipur,India,Historical Site,Jaipur Historical Site 15,"Main Road, Jaipur",Winter,3.8,3.8632653061224493
4498,346,2024,5,Friends,79,4.5,North America,Mexico,Cancun,Mexico City,Mexico,Historical Site,Mexico City Historical Site 79,"Main Road, Mexico City",Spring,3.9714285714285715,3.861224489795918
4499,533,2022,7,Friends,90,3.1,Europe,Spain,Madrid,Nice,France,Temple,Nice Temple 90,"Main Road, Nice",Summer,3.811111111111111,3.7215686274509805
4500,214,2024,9,Business,67,3.3,Africa,South Africa,Cape Town,Auckland,New Zealand,Historical Site,Auckland Historical Site 67,"Main Road, Auckland",Autumn,3.783333333333333,3.736842105263158
4501,878,2022,6,Friends,71,4.6,Africa,Egypt,Cairo,Rio de Janeiro,Brazil,Museum,Rio de Janeiro Museum 71,"Main Road, Rio de Janeiro",Summer,4.114285714285714,3.9066666666666667
4502,814,2024,4,Friends,71,4.2,Asia,Singapore,Singapore,Rio de Janeiro,Brazil,Museum,Rio de Janeiro Museum 71,"Main Road, Rio de Janeiro",Spring,3.8200000000000003,3.9066666666666667
4503,550,2025,7,Couples,18,3.2,Europe,Germany,Berlin,Madrid,Spain,Historical Site,Madrid Historical Site 18,"Main Road, Madrid",Summer,3.7777777777777777,3.7285714285714286
4504,654,2025,2,Couples,58,4.9,North America,Mexico,Mexico City,Mumbai,India,Wildlife,Mumbai Wildlife 58,"Main Road, Mumbai",Winter,3.7399999999999998,3.7518518518518515
4505,865,2022,5,Family,62,4.6,Africa,Egypt,Cairo,Buenos Aires,Argentina,Park,Buenos Aires Park 62,"Main Road, Buenos Aires",Spring,3.9785714285714286,3.8065217391304347
4506,908,2024,10,Family,18,4.3,Asia,Japan,Tokyo,Madrid,Spain,Historical Site,Madrid Historical Site 18,"Main Road, Madrid",Autumn,3.9666666666666663,3.7285714285714286
4507,330,2022,1,Friends,58,4.5,Africa,Egypt,Luxor,Mumbai,India,Wildlife,Mumbai Wildlife 58,"Main Road, Mumbai",Winter,4.0,3.7518518518518515
4508,158,2025,11,Couples,26,3.8,Europe,France,Nice,Rome,Italy,Temple,Rome Temple 26,"Main Road, Rome",Autumn,3.8200000000000003,3.829310344827586
4509,459,2023,3,Business,39,3.3,South America,Brazil,Sao Paulo,Munich,Germany,Shopping,Munich Shopping 39,"Main Road, Munich",Spring,3.533333333333333,3.965909090909091
4510,275,2023,1,Couples,13,2.7,South America,Argentina,Buenos Aires,Auckland,New Zealand,Wildlife,Auckland Wildlife 13,"Main Road, Auckland",Winter,3.88,3.8711864406779664
4511,353,2023,4,Family,5,3.6,Africa,Kenya,Mombasa,Santiago,Chile,Adventure,Santiago Adventure 5,"Main Road, Santiago",Spring,3.975,3.691111111111111
4512,347,2023,7,Friends,26,4.6,Asia,Thailand,Pattaya,Rome,Italy,Temple,Rome Temple 26,"Main Road, Rome",Summer,3.65,3.829310344827586
4513,856,2022,3,Solo,4,3.6,North America,USA,Los Angeles,Buenos Aires,Argentina,Temple,Buenos Aires Temple 4,"Main Road, Buenos Aires",Spring,3.733333333333333,3.96
4514,809,2022,9,Friends,31,2.8,Australia,New Zealand,Auckland,Queenstown,New Zealand,Historical Site,Queenstown Historical Site 31,"Main Road, Queenstown",Autumn,3.516666666666667,3.663157894736842
4515,244,2025,12,Couples,93,3.2,South America,Chile,Santiago,Auckland,New Zealand,Adventure,Auckland Adventure 93,"Main Road, Auckland",Winter,3.233333333333333,3.7888888888888888
4516,200,2023,9,Friends,25,2.5,Asia,Japan,Kyoto,Cairo,Egypt,Temple,Cairo Temple 25,"Main Road, Cairo",Autumn,3.35,3.595555555555556
4517,858,2023,5,Family,3,2.7,North America,Mexico,Mexico City,Rio de Janeiro,Brazil,Adventure,Rio de Janeiro Adventure 3,"Main Road, Rio de Janeiro",Spring,3.8818181818181823,3.791111111111111
4518,357,2023,3,Business,36,2.2,Europe,Italy,Venice,Singapore,Singapore,Beach,Singapore Beach 36,"Main Road, Singapore",Spring,3.1166666666666667,3.7410714285714284
4519,310,2022,12,Family,21,2.8,Asia,India,Delhi,Luxor,Egypt,Temple,Luxor Temple 21,"Main Road, Luxor",Winter,3.6166666666666667,3.8267857142857147
4520,205,2025,12,Family,11,4.4,Australia,Australia,Sydney,Pattaya,Thailand,Beach,Pattaya Beach 11,"Main Road, Pattaya",Winter,4.5,3.7121951219512193
4521,31,2025,3,Couples,37,3.6,Europe,Germany,Munich,Mumbai,India,Historical Site,Mumbai Historical Site 37,"Main Road, Mumbai",Spring,3.5375,3.752173913043478
4522,640,2022,2,Business,16,5.0,Asia,Thailand,Pattaya,Sao Paulo,Brazil,Historical Site,Sao Paulo Historical Site 16,"Main Road, Sao Paulo",Winter,3.9666666666666663,3.932758620689655
4523,373,2023,8,Couples,97,2.8,Australia,Australia,Sydney,Los Angeles,USA,Historical Site,Los Angeles Historical Site 97,"Main Road, Los Angeles",Summer,3.9,3.661904761904762
4524,926,2023,12,Solo,53,3.5,North America,Canada,Toronto,Milan,Italy,Shopping,Milan Shopping 53,"Main Road, Milan",Winter,3.675,3.685106382978723
4525,306,2024,3,Family,13,4.2,Europe,Germany,Berlin,Auckland,New Zealand,Wildlife,Auckland Wildlife 13,"Main Road, Auckland",Spring,4.025,3.8711864406779664
4526,669,2025,10,Solo,72,4.4,Asia,Japan,Tokyo,Luxor,Egypt,Temple,Luxor Temple 72,"Main Road, Luxor",Autumn,3.8857142857142857,3.696296296296296
4527,744,2024,1,Couples,5,3.7,Australia,New Zealand,Auckland,Santiago,Chile,Adventure,Santiago Adventure 5,"Main Road, Santiago",Winter,3.65,3.691111111111111
4528,570,2025,4,Couples,2,2.1,Asia,Japan,Osaka,Sao Paulo,Brazil,Historical Site,Sao Paulo Historical Site 2,"Main Road, Sao Paulo",Spring,3.6166666666666667,3.727272727272727
4529,140,2023,10,Friends,19,2.4,Asia,India,Goa,Auckland,New Zealand,Park,Auckland Park 19,"Main Road, Auckland",Autumn,3.1,3.689583333333333
4530,433,2024,8,Friends,90,4.7,North America,USA,New York,Nice,France,Temple,Nice Temple 90,"Main Road, Nice",Summer,3.6333333333333333,3.7215686274509805
4531,732,2024,8,Solo,68,3.6,North America,USA,New York,Toronto,Canada,Shopping,Toronto Shopping 68,"Main Road, Toronto",Summer,3.8000000000000003,3.607142857142857
4532,990,2024,8,Family,63,3.7,North America,Canada,Toronto,Madrid,Spain,Shopping,Madrid Shopping 63,"Main Road, Madrid",Summer,3.6333333333333333,3.8245283018867924
4533,37,2022,1,Business,76,4.0,Africa,Kenya,Nairobi,Tokyo,Japan,Temple,Tokyo Temple 76,"Main Road, Tokyo",Winter,3.56,3.817777777777778
4534,961,2024,4,Couples,8,4.0,South America,Chile,Santiago,Las Vegas,USA,Museum,Las Vegas Museum 8,"Main Road, Las Vegas",Spring,3.625,3.716279069767442
4535,327,2023,11,Business,58,3.3,Asia,Japan,Tokyo,Mumbai,India,Wildlife,Mumbai Wildlife 58,"Main Road, Mumbai",Autumn,4.016666666666667,3.7518518518518515
4536,49,2024,11,Couples,67,3.6,South America,Argentina,Buenos Aires,Auckland,New Zealand,Historical Site,Auckland Historical Site 67,"Main Road, Auckland",Autumn,3.725,3.736842105263158
4537,409,2024,1,Friends,23,3.9,South America,Brazil,Sao Paulo,Los Angeles,USA,Adventure,Los Angeles Adventure 23,"Main Road, Los Angeles",Winter,3.6799999999999997,3.919047619047619
4538,893,2024,1,Family,5,5.0,Africa,South Africa,Cape Town,Santiago,Chile,Adventure,Santiago Adventure 5,"Main Road, Santiago",Winter,4.3,3.691111111111111
4539,219,2025,4,Friends,54,3.3,Australia,New Zealand,Auckland,Rio de Janeiro,Brazil,Shopping,Rio de Janeiro Shopping 54,"Main Road, Rio de Janeiro",Spring,3.6100000000000003,3.7326086956521736
4540,629,2022,4,Family,80,3.6,Europe,Italy,Rome,Nairobi,Kenya,Temple,Nairobi Temple 80,"Main Road, Nairobi",Spring,3.3,3.8166666666666664
4541,380,2023,5,Friends,35,4.3,Australia,New Zealand,Queenstown,Paris,France,Beach,Paris Beach 35,"Main Road, Paris",Spring,3.3,3.728
4542,824,2022,3,Business,67,3.3,South America,Brazil,Rio de Janeiro,Auckland,New Zealand,Historical Site,Auckland Historical Site 67,"Main Road, Auckland",Spring,4.1,3.736842105263158
4543,192,2022,7,Family,67,3.6,Australia,New Zealand,Auckland,Auckland,New Zealand,Historical Site,Auckland Historical Site 67,"Main Road, Auckland",Summer,3.6799999999999997,3.736842105263158
4544,133,2023,11,Couples,69,2.0,North America,Canada,Toronto,Johannesburg,South Africa,Shopping,Johannesburg Shopping 69,"Main Road, Johannesburg",Autumn,3.7625,3.818032786885246
4545,624,2022,8,Couples,100,4.1,Asia,Thailand,Pattaya,Mombasa,Kenya,Wildlife,Mombasa Wildlife 100,"Main Road, Mombasa",Summer,4.325,3.75
4546,679,2025,11,Friends,24,4.2,North America,Canada,Vancouver,Nairobi,Kenya,Museum,Nairobi Museum 24,"Main Road, Nairobi",Autumn,3.6833333333333336,3.8804878048780487
4547,306,2023,10,Solo,77,4.1,Europe,Germany,Berlin,Rome,Italy,Temple,Rome Temple 77,"Main Road, Rome",Autumn,4.025,3.836734693877551
4548,272,2025,7,Business,37,4.0,Europe,Germany,Munich,Mumbai,India,Historical Site,Mumbai Historical Site 37,"Main Road, Mumbai",Summer,3.875,3.752173913043478
4549,539,2024,9,Business,63,4.9,Australia,New Zealand,Queenstown,Madrid,Spain,Shopping,Madrid Shopping 63,"Main Road, Madrid",Autumn,4.9,3.8245283018867924
4550,997,2023,8,Family,70,3.1,South America,Chile,Santiago,Sydney,Australia,Beach,Sydney Beach 70,"Main Road, Sydney",Summer,3.2600000000000002,3.7588235294117647
4551,560,2023,12,Business,94,4.3,Europe,France,Paris,Melbourne,Australia,Temple,Melbourne Temple 94,"Main Road, Melbourne",Winter,3.8999999999999995,3.6732142857142853
4552,592,2024,6,Family,87,3.4,North America,Canada,Toronto,Vancouver,Canada,Park,Vancouver Park 87,"Main Road, Vancouver",Summer,3.5199999999999996,3.881818181818182
4553,726,2025,1,Couples,39,3.5,South America,Argentina,Buenos Aires,Munich,Germany,Shopping,Munich Shopping 39,"Main Road, Munich",Winter,3.9799999999999995,3.965909090909091
4554,356,2024,6,Solo,86,3.6,Africa,Egypt,Luxor,Cape Town,South Africa,Historical Site,Cape Town Historical Site 86,"Main Road, Cape Town",Summer,4.0,3.6799999999999997
4555,236,2024,10,Business,29,3.3,North America,USA,Los Angeles,Santiago,Chile,Wildlife,Santiago Wildlife 29,"Main Road, Santiago",Autumn,3.533333333333333,3.7943396226415094
4556,377,2024,3,Family,45,4.5,Asia,Thailand,Bangkok,Cairo,Egypt,Park,Cairo Park 45,"Main Road, Cairo",Spring,3.8166666666666664,3.852830188679245
4557,555,2024,4,Friends,22,3.8,Africa,Kenya,Mombasa,Melbourne,Australia,Adventure,Melbourne Adventure 22,"Main Road, Melbourne",Spring,3.783333333333333,3.8629629629629627
4558,360,2024,10,Solo,45,3.5,Europe,France,Paris,Cairo,Egypt,Park,Cairo Park 45,"Main Road, Cairo",Autumn,3.733333333333333,3.852830188679245
4559,120,2023,2,Family,17,3.4,Asia,Singapore,Singapore,Buenos Aires,Argentina,Wildlife,Buenos Aires Wildlife 17,"Main Road, Buenos Aires",Winter,3.6999999999999997,3.9155555555555552
4560,319,2022,9,Couples,5,3.7,Asia,Japan,Tokyo,Santiago,Chile,Adventure,Santiago Adventure 5,"Main Road, Santiago",Autumn,3.55,3.691111111111111
4561,278,2024,3,Solo,93,3.8,Asia,Japan,Tokyo,Auckland,New Zealand,Adventure,Auckland Adventure 93,"Main Road, Auckland",Spring,3.84,3.7888888888888888
4562,842,2022,5,Solo,40,3.0,Africa,Egypt,Cairo,Cape Town,South Africa,Museum,Cape Town Museum 40,"Main Road, Cape Town",Spring,3.8428571428571425,3.815909090909091
4563,457,2024,7,Business,32,3.6,South America,Chile,Santiago,Buenos Aires,Argentina,Shopping,Buenos Aires Shopping 32,"Main Road, Buenos Aires",Summer,3.8600000000000003,3.812244897959184
4564,649,2023,11,Family,69,4.6,Asia,India,Jaipur,Johannesburg,South Africa,Shopping,Johannesburg Shopping 69,"Main Road, Johannesburg",Autumn,3.8125,3.818032786885246
4565,175,2024,5,Solo,2,3.8,South America,Argentina,Buenos Aires,Sao Paulo,Brazil,Historical Site,Sao Paulo Historical Site 2,"Main Road, Sao Paulo",Spring,3.0625,3.727272727272727
4566,154,2022,4,Solo,54,3.5,Europe,Spain,Barcelona,Rio de Janeiro,Brazil,Shopping,Rio de Janeiro Shopping 54,"Main Road, Rio de Janeiro",Spring,3.522222222222222,3.7326086956521736
4567,571,2022,10,Business,73,3.4,South America,Chile,Santiago,Queenstown,New Zealand,Shopping,Queenstown Shopping 73,"Main Road, Queenstown",Autumn,4.0181818181818185,3.7816666666666667
4568,774,2025,8,Family,90,3.5,Australia,Australia,Melbourne,Nice,France,Temple,Nice Temple 90,"Main Road, Nice",Summer,3.8666666666666667,3.7215686274509805
4569,550,2022,1,Couples,49,4.2,Europe,Germany,Berlin,Santiago,Chile,Historical Site,Santiago Historical Site 49,"Main Road, Santiago",Winter,3.7777777777777777,3.8877551020408165
4570,684,2023,7,Couples,12,3.1,Europe,Germany,Munich,New York,USA,Historical Site,New York Historical Site 12,"Main Road, New York",Summer,3.725,3.8160714285714286
4571,643,2022,8,Family,49,3.6,Africa,Kenya,Mombasa,Santiago,Chile,Historical Site,Santiago Historical Site 49,"Main Road, Santiago",Summer,3.28,3.8877551020408165
4572,828,2022,3,Family,45,4.8,Asia,Singapore,Singapore,Cairo,Egypt,Park,Cairo Park 45,"Main Road, Cairo",Spring,3.85,3.852830188679245
4573,497,2025,3,Couples,40,3.6,Asia,India,Goa,Cape Town,South Africa,Museum,Cape Town Museum 40,"Main Road, Cape Town",Spring,3.822222222222222,3.815909090909091
4574,663,2024,11,Family,27,4.8,Africa,South Africa,Cape Town,Nairobi,Kenya,Temple,Nairobi Temple 27,"Main Road, Nairobi",Autumn,4.1875,3.6843137254901963
4575,717,2022,8,Family,43,3.8,North America,Mexico,Cancun,Cape Town,South Africa,Shopping,Cape Town Shopping 43,"Main Road, Cape Town",Summer,3.6833333333333336,3.772
4576,435,2025,10,Friends,50,3.0,Australia,New Zealand,Queenstown,Cancun,Mexico,Historical Site,Cancun Historical Site 50,"Main Road, Cancun",Autumn,3.1999999999999997,3.5078947368421054
4577,312,2024,9,Couples,64,3.9,Asia,India,Goa,Madrid,Spain,Beach,Madrid Beach 64,"Main Road, Madrid",Autumn,3.3600000000000003,3.8058823529411763
4578,865,2023,9,Friends,55,4.2,Africa,Egypt,Cairo,Mumbai,India,Wildlife,Mumbai Wildlife 55,"Main Road, Mumbai",Autumn,3.9785714285714286,3.6921568627450982
4579,196,2023,6,Friends,73,3.7,North America,Canada,Vancouver,Queenstown,New Zealand,Shopping,Queenstown Shopping 73,"Main Road, Queenstown",Summer,3.783333333333333,3.7816666666666667
4580,836,2024,5,Couples,74,3.1,North America,USA,New York,Sydney,Australia,Historical Site,Sydney Historical Site 74,"Main Road, Sydney",Spring,3.95,4.0487179487179485
4581,432,2022,2,Business,80,3.9,Australia,New Zealand,Queenstown,Nairobi,Kenya,Temple,Nairobi Temple 80,"Main Road, Nairobi",Winter,3.4,3.8166666666666664
4582,907,2023,10,Family,40,4.8,Africa,South Africa,Cape Town,Cape Town,South Africa,Museum,Cape Town Museum 40,"Main Road, Cape Town",Autumn,4.05,3.815909090909091
4583,630,2023,6,Couples,20,2.7,Asia,Singapore,Singapore,Vancouver,Canada,Wildlife,Vancouver Wildlife 20,"Main Road, Vancouver",Summer,3.766666666666667,3.775
4584,723,2022,7,Business,74,4.7,Asia,Japan,Kyoto,Sydney,Australia,Historical Site,Sydney Historical Site 74,"Main Road, Sydney",Summer,3.9200000000000004,4.0487179487179485
4585,343,2024,2,Couples,11,3.0,South America,Brazil,Sao Paulo,Pattaya,Thailand,Beach,Pattaya Beach 11,"Main Road, Pattaya",Winter,3.675,3.7121951219512193
4586,378,2025,7,Family,36,3.1,South America,Argentina,Buenos Aires,Singapore,Singapore,Beach,Singapore Beach 36,"Main Road, Singapore",Summer,3.6454545454545455,3.7410714285714284
4587,398,2024,11,Family,54,4.1,Asia,Thailand,Pattaya,Rio de Janeiro,Brazil,Shopping,Rio de Janeiro Shopping 54,"Main Road, Rio de Janeiro",Autumn,4.433333333333334,3.7326086956521736
4588,300,2022,10,Business,98,4.5,Europe,Spain,Barcelona,Mombasa,Kenya,Adventure,Mombasa Adventure 98,"Main Road, Mombasa",Autumn,4.08,4.017543859649122
4589,385,2024,9,Solo,36,3.4,South America,Chile,Santiago,Singapore,Singapore,Beach,Singapore Beach 36,"Main Road, Singapore",Autumn,3.8499999999999996,3.7410714285714284
4590,525,2023,6,Family,17,3.5,South America,Brazil,Sao Paulo,Buenos Aires,Argentina,Wildlife,Buenos Aires Wildlife 17,"Main Road, Buenos Aires",Summer,3.5833333333333335,3.9155555555555552
4591,555,2023,2,Friends,93,3.5,Africa,Kenya,Mombasa,Auckland,New Zealand,Adventure,Auckland Adventure 93,"Main Road, Auckland",Winter,3.783333333333333,3.7888888888888888
4592,842,2024,10,Solo,72,4.0,Africa,Egypt,Cairo,Luxor,Egypt,Temple,Luxor Temple 72,"Main Road, Luxor",Autumn,3.8428571428571425,3.696296296296296
4593,571,2024,8,Business,32,4.2,South America,Chile,Santiago,Buenos Aires,Argentina,Shopping,Buenos Aires Shopping 32,"Main Road, Buenos Aires",Summer,4.0181818181818185,3.812244897959184
4594,97,2022,7,Couples,33,3.8,Australia,New Zealand,Auckland,New York,USA,Historical Site,New York Historical Site 33,"Main Road, New York",Summer,3.6666666666666665,3.8160000000000003
4595,57,2025,12,Solo,70,2.6,Australia,Australia,Sydney,Sydney,Australia,Beach,Sydney Beach 70,"Main Road, Sydney",Winter,3.4875,3.7588235294117647
4596,900,2024,5,Couples,42,3.1,Australia,Australia,Sydney,Singapore,Singapore,Wildlife,Singapore Wildlife 42,"Main Road, Singapore",Spring,3.8,3.706382978723404
4597,649,2022,5,Family,20,4.4,Asia,India,Jaipur,Vancouver,Canada,Wildlife,Vancouver Wildlife 20,"Main Road, Vancouver",Spring,3.8125,3.775
4598,119,2023,10,Couples,99,4.2,South America,Chile,Santiago,Toronto,Canada,Adventure,Toronto Adventure 99,"Main Road, Toronto",Autumn,3.0125,3.735416666666667
4599,159,2025,5,Friends,12,3.4,Asia,India,Jaipur,New York,USA,Historical Site,New York Historical Site 12,"Main Road, New York",Spring,3.8666666666666667,3.8160714285714286
4600,406,2022,3,Couples,53,3.0,North America,Canada,Toronto,Milan,Italy,Shopping,Milan Shopping 53,"Main Road, Milan",Spring,3.6,3.685106382978723
4601,155,2024,2,Friends,60,3.6,Australia,New Zealand,Queenstown,Johannesburg,South Africa,Museum,Johannesburg Museum 60,"Main Road, Johannesburg",Winter,3.6875,3.7857142857142856
4602,376,2025,8,Couples,88,3.1,North America,Mexico,Mexico City,Tokyo,Japan,Shopping,Tokyo Shopping 88,"Main Road, Tokyo",Summer,3.55,3.901818181818182
4603,124,2025,2,Solo,57,2.9,North America,USA,New York,Queenstown,New Zealand,Beach,Queenstown Beach 57,"Main Road, Queenstown",Winter,3.4200000000000004,3.8095238095238093
4604,171,2023,5,Solo,82,4.2,Australia,Australia,Sydney,Sydney,Australia,Temple,Sydney Temple 82,"Main Road, Sydney",Spring,3.94,3.7333333333333334
4605,504,2022,1,Solo,9,3.6,Australia,Australia,Sydney,Nice,France,Adventure,Nice Adventure 9,"Main Road, Nice",Winter,3.8200000000000003,3.709803921568627
4606,947,2023,11,Couples,16,4.1,North America,USA,Los Angeles,Sao Paulo,Brazil,Historical Site,Sao Paulo Historical Site 16,"Main Road, Sao Paulo",Autumn,3.7125,3.932758620689655
4607,477,2023,9,Family,83,3.0,Africa,Kenya,Mombasa,Melbourne,Australia,Wildlife,Melbourne Wildlife 83,"Main Road, Melbourne",Autumn,3.25,3.851282051282051
4608,994,2025,9,Friends,21,4.1,Asia,Singapore,Singapore,Luxor,Egypt,Temple,Luxor Temple 21,"Main Road, Luxor",Autumn,3.9499999999999997,3.8267857142857147
4609,262,2025,6,Couples,63,4.6,Africa,Egypt,Luxor,Madrid,Spain,Shopping,Madrid Shopping 63,"Main Road, Madrid",Summer,3.9,3.8245283018867924
4610,842,2025,7,Friends,72,3.6,Africa,Egypt,Cairo,Luxor,Egypt,Temple,Luxor Temple 72,"Main Road, Luxor",Summer,3.8428571428571425,3.696296296296296
4611,549,2023,3,Couples,71,5.0,Africa,South Africa,Johannesburg,Rio de Janeiro,Brazil,Museum,Rio de Janeiro Museum 71,"Main Road, Rio de Janeiro",Spring,4.34,3.9066666666666667
4612,209,2022,2,Solo,13,3.0,Europe,Germany,Berlin,Auckland,New Zealand,Wildlife,Auckland Wildlife 13,"Main Road, Auckland",Winter,3.7857142857142856,3.8711864406779664
4613,435,2025,10,Friends,5,3.2,Australia,New Zealand,Queenstown,Santiago,Chile,Adventure,Santiago Adventure 5,"Main Road, Santiago",Autumn,3.1999999999999997,3.691111111111111
4614,950,2023,9,Couples,97,3.3,North America,Canada,Vancouver,Los Angeles,USA,Historical Site,Los Angeles Historical Site 97,"Main Road, Los Angeles",Autumn,3.257142857142857,3.661904761904762
4615,431,2023,12,Family,50,3.5,North America,USA,New York,Cancun,Mexico,Historical Site,Cancun Historical Site 50,"Main Road, Cancun",Winter,3.9714285714285715,3.5078947368421054
4616,141,2023,12,Family,76,4.0,Africa,South Africa,Johannesburg,Tokyo,Japan,Temple,Tokyo Temple 76,"Main Road, Tokyo",Winter,3.9444444444444446,3.817777777777778
4617,845,2022,9,Family,99,4.4,South America,Chile,Santiago,Toronto,Canada,Adventure,Toronto Adventure 99,"Main Road, Toronto",Autumn,3.7,3.735416666666667
4618,667,2023,3,Couples,45,3.3,Australia,Australia,Melbourne,Cairo,Egypt,Park,Cairo Park 45,"Main Road, Cairo",Spring,3.15,3.852830188679245
4619,57,2024,6,Friends,16,3.5,Australia,Australia,Sydney,Sao Paulo,Brazil,Historical Site,Sao Paulo Historical Site 16,"Main Road, Sao Paulo",Summer,3.4875,3.932758620689655
4620,772,2023,12,Couples,58,3.4,North America,Mexico,Cancun,Mumbai,India,Wildlife,Mumbai Wildlife 58,"Main Road, Mumbai",Winter,4.175,3.7518518518518515
4621,881,2024,9,Friends,40,5.0,Europe,Spain,Madrid,Cape Town,South Africa,Museum,Cape Town Museum 40,"Main Road, Cape Town",Autumn,3.966666666666667,3.815909090909091
4622,949,2024,6,Business,59,4.2,South America,Brazil,Sao Paulo,Melbourne,Australia,Museum,Melbourne Museum 59,"Main Road, Melbourne",Summer,3.95,3.853061224489796
4623,956,2022,8,Couples,93,4.6,South America,Brazil,Rio de Janeiro,Auckland,New Zealand,Adventure,Auckland Adventure 93,"Main Road, Auckland",Summer,3.8600000000000003,3.7888888888888888
4624,232,2024,1,Friends,85,3.4,Asia,Thailand,Pattaya,Rome,Italy,Historical Site,Rome Historical Site 85,"Main Road, Rome",Winter,3.542857142857143,3.8607843137254902
4625,601,2024,12,Couples,95,5.0,South America,Chile,Santiago,Singapore,Singapore,Park,Singapore Park 95,"Main Road, Singapore",Winter,4.0,3.819607843137255
4626,563,2023,8,Business,65,1.7,Europe,Germany,Munich,Vancouver,Canada,Museum,Vancouver Museum 65,"Main Road, Vancouver",Summer,3.357142857142857,3.9294117647058826
4627,72,2025,10,Business,90,4.3,Asia,Thailand,Phuket,Nice,France,Temple,Nice Temple 90,"Main Road, Nice",Autumn,3.7857142857142856,3.7215686274509805
4628,415,2025,12,Family,16,3.6,Asia,Japan,Kyoto,Sao Paulo,Brazil,Historical Site,Sao Paulo Historical Site 16,"Main Road, Sao Paulo",Winter,3.6636363636363636,3.932758620689655
4629,675,2022,8,Solo,59,3.8,South America,Brazil,Rio de Janeiro,Melbourne,Australia,Museum,Melbourne Museum 59,"Main Road, Melbourne",Summer,3.7600000000000002,3.853061224489796
4630,399,2025,8,Business,30,3.5,North America,Mexico,Mexico City,Cape Town,South Africa,Museum,Cape Town Museum 30,"Main Road, Cape Town",Summer,3.5500000000000003,3.811111111111111
4631,723,2025,6,Couples,74,3.8,Asia,Japan,Kyoto,Sydney,Australia,Historical Site,Sydney Historical Site 74,"Main Road, Sydney",Summer,3.9200000000000004,4.0487179487179485
4632,630,2022,8,Friends,33,4.9,Asia,Singapore,Singapore,New York,USA,Historical Site,New York Historical Site 33,"Main Road, New York",Summer,3.766666666666667,3.8160000000000003
4633,145,2022,11,Family,31,3.6,Australia,Australia,Melbourne,Queenstown,New Zealand,Historical Site,Queenstown Historical Site 31,"Main Road, Queenstown",Autumn,3.6799999999999997,3.663157894736842
4634,319,2023,2,Family,38,3.4,Asia,Japan,Tokyo,Luxor,Egypt,Museum,Luxor Museum 38,"Main Road, Luxor",Winter,3.55,3.784313725490196
4635,246,2025,2,Friends,12,3.8,Africa,Egypt,Cairo,New York,USA,Historical Site,New York Historical Site 12,"Main Road, New York",Winter,3.5799999999999996,3.8160714285714286
4636,303,2025,11,Family,36,3.5,Europe,Spain,Madrid,Singapore,Singapore,Beach,Singapore Beach 36,"Main Road, Singapore",Autumn,3.775,3.7410714285714284
4637,210,2022,2,Couples,91,2.7,Africa,Egypt,Luxor,Singapore,Singapore,Historical Site,Singapore Historical Site 91,"Main Road, Singapore",Winter,3.6624999999999996,3.924137931034483
4638,862,2025,3,Business,47,4.0,Europe,Germany,Munich,New York,USA,Historical Site,New York Historical Site 47,"Main Road, New York",Spring,3.642857142857143,3.9181818181818184
4639,77,2024,12,Friends,48,3.4,North America,USA,Los Angeles,Nairobi,Kenya,Adventure,Nairobi Adventure 48,"Main Road, Nairobi",Winter,4.2375,3.845833333333333
4640,896,2024,5,Business,23,3.8,North America,Mexico,Mexico City,Los Angeles,USA,Adventure,Los Angeles Adventure 23,"Main Road, Los Angeles",Spring,3.6,3.919047619047619
4641,492,2023,4,Friends,9,4.7,Africa,Egypt,Cairo,Nice,France,Adventure,Nice Adventure 9,"Main Road, Nice",Spring,3.966666666666667,3.709803921568627
4642,90,2024,8,Couples,98,4.3,North America,Canada,Vancouver,Mombasa,Kenya,Adventure,Mombasa Adventure 98,"Main Road, Mombasa",Summer,3.9875,4.017543859649122
4643,472,2025,7,Couples,52,3.5,Asia,Singapore,Singapore,Mombasa,Kenya,Shopping,Mombasa Shopping 52,"Main Road, Mombasa",Summer,3.94,3.9035087719298245
4644,697,2022,5,Solo,94,3.7,Australia,New Zealand,Queenstown,Melbourne,Australia,Temple,Melbourne Temple 94,"Main Road, Melbourne",Spring,3.725,3.6732142857142853
4645,226,2025,7,Friends,7,4.0,North America,USA,New York,Santiago,Chile,Park,Santiago Park 7,"Main Road, Santiago",Summer,3.5200000000000005,3.6767857142857143
4646,754,2023,7,Family,39,3.9,Europe,France,Paris,Munich,Germany,Shopping,Munich Shopping 39,"Main Road, Munich",Summer,3.72,3.965909090909091
4647,84,2024,2,Family,84,3.5,Australia,Australia,Melbourne,Singapore,Singapore,Temple,Singapore Temple 84,"Main Road, Singapore",Winter,3.866666666666667,3.7846153846153845
4648,694,2022,10,Friends,31,2.8,Europe,Spain,Barcelona,Queenstown,New Zealand,Historical Site,Queenstown Historical Site 31,"Main Road, Queenstown",Autumn,3.6,3.663157894736842
4649,309,2023,9,Friends,86,3.8,Australia,Australia,Sydney,Cape Town,South Africa,Historical Site,Cape Town Historical Site 86,"Main Road, Cape Town",Autumn,3.6,3.6799999999999997
4650,300,2022,4,Couples,93,4.6,Europe,Spain,Barcelona,Auckland,New Zealand,Adventure,Auckland Adventure 93,"Main Road, Auckland",Spring,4.08,3.7888888888888888
4651,486,2025,6,Friends,53,4.4,North America,Canada,Vancouver,Milan,Italy,Shopping,Milan Shopping 53,"Main Road, Milan",Summer,3.6,3.685106382978723
4652,340,2023,3,Couples,77,4.3,Africa,Egypt,Luxor,Rome,Italy,Temple,Rome Temple 77,"Main Road, Rome",Spring,4.014285714285714,3.836734693877551
4653,92,2024,2,Couples,79,3.3,Australia,New Zealand,Auckland,Mexico City,Mexico,Historical Site,Mexico City Historical Site 79,"Main Road, Mexico City",Winter,3.9333333333333336,3.861224489795918
4654,191,2024,11,Solo,47,3.1,Europe,Germany,Munich,New York,USA,Historical Site,New York Historical Site 47,"Main Road, New York",Autumn,3.516666666666667,3.9181818181818184
4655,885,2023,12,Family,64,3.0,Europe,Italy,Rome,Madrid,Spain,Beach,Madrid Beach 64,"Main Road, Madrid",Winter,3.875,3.8058823529411763
4656,966,2023,11,Family,85,3.6,Australia,Australia,Melbourne,Rome,Italy,Historical Site,Rome Historical Site 85,"Main Road, Rome",Autumn,4.05,3.8607843137254902
4657,417,2024,3,Business,81,5.0,Europe,Germany,Munich,Luxor,Egypt,Park,Luxor Park 81,"Main Road, Luxor",Spring,4.2,3.8309090909090906
4658,807,2023,5,Couples,72,3.6,Africa,Egypt,Luxor,Luxor,Egypt,Temple,Luxor Temple 72,"Main Road, Luxor",Spring,3.4,3.696296296296296
4659,49,2025,2,Friends,10,3.3,South America,Argentina,Buenos Aires,Toronto,Canada,Wildlife,Toronto Wildlife 10,"Main Road, Toronto",Winter,3.725,3.8257575757575757
4660,202,2024,5,Solo,49,3.9,South America,Argentina,Buenos Aires,Santiago,Chile,Historical Site,Santiago Historical Site 49,"Main Road, Santiago",Spring,3.9,3.8877551020408165
4661,282,2024,3,Friends,54,4.0,North America,USA,Las Vegas,Rio de Janeiro,Brazil,Shopping,Rio de Janeiro Shopping 54,"Main Road, Rio de Janeiro",Spring,3.775,3.7326086956521736
4662,701,2024,7,Business,46,3.7,Australia,Australia,Melbourne,Jaipur,India,Shopping,Jaipur Shopping 46,"Main Road, Jaipur",Summer,3.783333333333333,3.7113636363636364
4663,11,2025,9,Business,12,3.5,Australia,Australia,Melbourne,New York,USA,Historical Site,New York Historical Site 12,"Main Road, New York",Autumn,3.4375,3.8160714285714286
4664,440,2025,1,Family,54,3.6,Asia,India,Delhi,Rio de Janeiro,Brazil,Shopping,Rio de Janeiro Shopping 54,"Main Road, Rio de Janeiro",Winter,3.95,3.7326086956521736
4665,131,2025,10,Business,9,3.3,North America,USA,New York,Nice,France,Adventure,Nice Adventure 9,"Main Road, Nice",Autumn,3.6,3.709803921568627
4666,33,2025,10,Business,5,3.3,Europe,Germany,Munich,Santiago,Chile,Adventure,Santiago Adventure 5,"Main Road, Santiago",Autumn,3.56,3.691111111111111
4667,92,2023,2,Couples,33,2.2,Australia,New Zealand,Auckland,New York,USA,Historical Site,New York Historical Site 33,"Main Road, New York",Winter,3.9333333333333336,3.8160000000000003
4668,911,2025,2,Solo,77,3.8,Australia,Australia,Melbourne,Rome,Italy,Temple,Rome Temple 77,"Main Road, Rome",Winter,3.66,3.836734693877551
4669,531,2022,8,Business,95,3.5,Europe,Italy,Rome,Singapore,Singapore,Park,Singapore Park 95,"Main Road, Singapore",Summer,3.814285714285714,3.819607843137255
4670,208,2022,10,Solo,23,3.5,Europe,Italy,Milan,Los Angeles,USA,Adventure,Los Angeles Adventure 23,"Main Road, Los Angeles",Autumn,4.0200000000000005,3.919047619047619
4671,843,2023,5,Business,29,3.7,North America,Canada,Toronto,Santiago,Chile,Wildlife,Santiago Wildlife 29,"Main Road, Santiago",Spring,4.366666666666667,3.7943396226415094
4672,634,2024,11,Business,51,3.1,South America,Chile,Santiago,Mexico City,Mexico,Temple,Mexico City Temple 51,"Main Road, Mexico City",Autumn,3.7,3.861290322580645
4673,216,2025,3,Family,65,3.9,Asia,Singapore,Singapore,Vancouver,Canada,Museum,Vancouver Museum 65,"Main Road, Vancouver",Spring,3.5428571428571423,3.9294117647058826
4674,522,2022,8,Solo,17,3.3,Europe,Spain,Barcelona,Buenos Aires,Argentina,Wildlife,Buenos Aires Wildlife 17,"Main Road, Buenos Aires",Summer,3.8000000000000003,3.9155555555555552
4675,655,2024,9,Family,97,4.2,Africa,Egypt,Cairo,Los Angeles,USA,Historical Site,Los Angeles Historical Site 97,"Main Road, Los Angeles",Autumn,4.233333333333333,3.661904761904762
4676,879,2024,3,Couples,16,2.9,Asia,Singapore,Singapore,Sao Paulo,Brazil,Historical Site,Sao Paulo Historical Site 16,"Main Road, Sao Paulo",Spring,3.9,3.932758620689655
4677,51,2023,4,Solo,94,4.5,Australia,New Zealand,Auckland,Melbourne,Australia,Temple,Melbourne Temple 94,"Main Road, Melbourne",Spring,4.0600000000000005,3.6732142857142853
4678,927,2022,8,Business,81,3.6,Africa,Egypt,Luxor,Luxor,Egypt,Park,Luxor Park 81,"Main Road, Luxor",Summer,3.3666666666666667,3.8309090909090906
4679,452,2024,10,Business,15,3.2,Asia,Japan,Kyoto,Jaipur,India,Historical Site,Jaipur Historical Site 15,"Main Road, Jaipur",Autumn,3.7714285714285714,3.8632653061224493
4680,110,2024,2,Couples,52,3.1,South America,Argentina,Buenos Aires,Mombasa,Kenya,Shopping,Mombasa Shopping 52,"Main Road, Mombasa",Winter,3.7624999999999997,3.9035087719298245
4681,259,2024,2,Solo,68,2.9,Europe,Spain,Barcelona,Toronto,Canada,Shopping,Toronto Shopping 68,"Main Road, Toronto",Winter,3.3833333333333333,3.607142857142857
4682,163,2023,7,Couples,36,4.5,Asia,Singapore,Singapore,Singapore,Singapore,Beach,Singapore Beach 36,"Main Road, Singapore",Summer,3.966666666666667,3.7410714285714284
4683,320,2025,6,Friends,13,4.3,North America,USA,New York,Auckland,New Zealand,Wildlife,Auckland Wildlife 13,"Main Road, Auckland",Summer,3.875,3.8711864406779664
4684,372,2025,1,Family,9,5.0,North America,Mexico,Cancun,Nice,France,Adventure,Nice Adventure 9,"Main Road, Nice",Winter,4.7,3.709803921568627
4685,549,2025,5,Couples,59,4.3,Africa,South Africa,Johannesburg,Melbourne,Australia,Museum,Melbourne Museum 59,"Main Road, Melbourne",Spring,4.34,3.853061224489796
4686,199,2025,9,Couples,56,4.2,South America,Brazil,Rio de Janeiro,Madrid,Spain,Historical Site,Madrid Historical Site 56,"Main Road, Madrid",Autumn,3.8428571428571425,3.892156862745098
4687,226,2022,5,Family,34,4.7,North America,USA,New York,Mombasa,Kenya,Temple,Mombasa Temple 34,"Main Road, Mombasa",Spring,3.5200000000000005,3.764
4688,502,2022,2,Business,26,3.6,North America,Mexico,Mexico City,Rome,Italy,Temple,Rome Temple 26,"Main Road, Rome",Winter,3.94,3.829310344827586
4689,435,2024,12,Friends,24,3.4,Australia,New Zealand,Queenstown,Nairobi,Kenya,Museum,Nairobi Museum 24,"Main Road, Nairobi",Winter,3.1999999999999997,3.8804878048780487
4690,976,2025,6,Family,92,4.1,North America,Mexico,Mexico City,Queenstown,New Zealand,Museum,Queenstown Museum 92,"Main Road, Queenstown",Summer,4.375,4.0339285714285715
4691,198,2024,2,Couples,42,2.3,Asia,India,Mumbai,Singapore,Singapore,Wildlife,Singapore Wildlife 42,"Main Road, Singapore",Winter,3.3,3.706382978723404
4692,975,2022,9,Friends,70,3.7,Asia,India,Delhi,Sydney,Australia,Beach,Sydney Beach 70,"Main Road, Sydney",Autumn,3.5,3.7588235294117647
4693,55,2022,3,Solo,13,4.0,North America,USA,New York,Auckland,New Zealand,Wildlife,Auckland Wildlife 13,"Main Road, Auckland",Spring,4.057142857142857,3.8711864406779664
4694,849,2024,3,Business,37,4.7,Africa,Kenya,Nairobi,Mumbai,India,Historical Site,Mumbai Historical Site 37,"Main Road, Mumbai",Spring,3.9,3.752173913043478
4695,822,2023,3,Solo,46,4.2,Asia,India,Delhi,Jaipur,India,Shopping,Jaipur Shopping 46,"Main Road, Jaipur",Spring,3.85,3.7113636363636364
4696,609,2022,5,Business,26,3.2,Asia,Singapore,Singapore,Rome,Italy,Temple,Rome Temple 26,"Main Road, Rome",Spring,3.466666666666667,3.829310344827586
4697,859,2023,3,Business,38,3.9,Australia,Australia,Melbourne,Luxor,Egypt,Museum,Luxor Museum 38,"Main Road, Luxor",Spring,4.016666666666667,3.784313725490196
4698,316,2025,6,Business,90,4.6,Africa,Egypt,Cairo,Nice,France,Temple,Nice Temple 90,"Main Road, Nice",Summer,4.016666666666667,3.7215686274509805
4699,908,2023,1,Couples,97,3.3,Asia,Japan,Tokyo,Los Angeles,USA,Historical Site,Los Angeles Historical Site 97,"Main Road, Los Angeles",Winter,3.9666666666666663,3.661904761904762
4700,680,2023,2,Friends,74,4.4,Africa,South Africa,Cape Town,Sydney,Australia,Historical Site,Sydney Historical Site 74,"Main Road, Sydney",Winter,3.783333333333333,4.0487179487179485
4701,862,2022,11,Family,4,2.9,Europe,Germany,Munich,Buenos Aires,Argentina,Temple,Buenos Aires Temple 4,"Main Road, Buenos Aires",Autumn,3.642857142857143,3.96
4702,962,2023,9,Family,24,3.8,Australia,Australia,Sydney,Nairobi,Kenya,Museum,Nairobi Museum 24,"Main Road, Nairobi",Autumn,3.4875,3.8804878048780487
4703,669,2023,2,Couples,65,4.6,Asia,Japan,Tokyo,Vancouver,Canada,Museum,Vancouver Museum 65,"Main Road, Vancouver",Winter,3.8857142857142857,3.9294117647058826
4704,875,2024,2,Business,13,4.2,Asia,Singapore,Singapore,Auckland,New Zealand,Wildlife,Auckland Wildlife 13,"Main Road, Auckland",Winter,3.9285714285714284,3.8711864406779664
4705,865,2025,8,Solo,14,5.0,Africa,Egypt,Cairo,Sao Paulo,Brazil,Historical Site,Sao Paulo Historical Site 14,"Main Road, Sao Paulo",Summer,3.9785714285714286,3.788235294117647
4706,260,2022,9,Family,7,4.2,Europe,France,Paris,Santiago,Chile,Park,Santiago Park 7,"Main Road, Santiago",Autumn,3.6999999999999997,3.6767857142857143
4707,367,2023,1,Business,59,2.9,Australia,New Zealand,Queenstown,Melbourne,Australia,Museum,Melbourne Museum 59,"Main Road, Melbourne",Winter,3.6624999999999996,3.853061224489796
4708,615,2024,9,Couples,3,3.7,Australia,Australia,Sydney,Rio de Janeiro,Brazil,Adventure,Rio de Janeiro Adventure 3,"Main Road, Rio de Janeiro",Autumn,3.9,3.791111111111111
4709,730,2022,8,Friends,69,2.6,Africa,South Africa,Cape Town,Johannesburg,South Africa,Shopping,Johannesburg Shopping 69,"Main Road, Johannesburg",Summer,3.84,3.818032786885246
4710,318,2025,1,Family,77,3.2,Asia,India,Mumbai,Rome,Italy,Temple,Rome Temple 77,"Main Road, Rome",Winter,4.0,3.836734693877551
4711,49,2022,4,Friends,16,4.0,South America,Argentina,Buenos Aires,Sao Paulo,Brazil,Historical Site,Sao Paulo Historical Site 16,"Main Road, Sao Paulo",Spring,3.725,3.932758620689655
4712,759,2022,2,Friends,87,4.6,Europe,Italy,Venice,Vancouver,Canada,Park,Vancouver Park 87,"Main Road, Vancouver",Winter,4.2,3.881818181818182
4713,944,2023,9,Solo,85,3.2,South America,Brazil,Rio de Janeiro,Rome,Italy,Historical Site,Rome Historical Site 85,"Main Road, Rome",Autumn,3.716666666666667,3.8607843137254902
4714,574,2025,2,Couples,30,4.6,North America,Canada,Toronto,Cape Town,South Africa,Museum,Cape Town Museum 30,"Main Road, Cape Town",Winter,4.116666666666666,3.811111111111111
4715,870,2023,12,Solo,62,3.9,Europe,Italy,Rome,Buenos Aires,Argentina,Park,Buenos Aires Park 62,"Main Road, Buenos Aires",Winter,3.0666666666666664,3.8065217391304347
4716,105,2024,8,Solo,76,3.0,Asia,India,Goa,Tokyo,Japan,Temple,Tokyo Temple 76,"Main Road, Tokyo",Summer,3.75,3.817777777777778
4717,530,2024,5,Couples,84,3.5,South America,Brazil,Sao Paulo,Singapore,Singapore,Temple,Singapore Temple 84,"Main Road, Singapore",Spring,3.716666666666667,3.7846153846153845
4718,150,2025,3,Friends,65,4.3,Africa,Egypt,Luxor,Vancouver,Canada,Museum,Vancouver Museum 65,"Main Road, Vancouver",Spring,3.85,3.9294117647058826
4719,183,2024,1,Couples,62,3.5,South America,Argentina,Buenos Aires,Buenos Aires,Argentina,Park,Buenos Aires Park 62,"Main Road, Buenos Aires",Winter,3.8600000000000003,3.8065217391304347
4720,612,2024,1,Family,60,2.6,Africa,Kenya,Mombasa,Johannesburg,South Africa,Museum,Johannesburg Museum 60,"Main Road, Johannesburg",Winter,3.483333333333333,3.7857142857142856
4721,558,2025,1,Family,29,4.0,Europe,Germany,Berlin,Santiago,Chile,Wildlife,Santiago Wildlife 29,"Main Road, Santiago",Winter,3.6799999999999997,3.7943396226415094
4722,426,2022,7,Family,12,5.0,Australia,Australia,Melbourne,New York,USA,Historical Site,New York Historical Site 12,"Main Road, New York",Summer,4.0,3.8160714285714286
4723,28,2025,1,Couples,86,2.4,South America,Argentina,Buenos Aires,Cape Town,South Africa,Historical Site,Cape Town Historical Site 86,"Main Road, Cape Town",Winter,3.7,3.6799999999999997
4724,971,2022,9,Family,2,4.5,Africa,Kenya,Mombasa,Sao Paulo,Brazil,Historical Site,Sao Paulo Historical Site 2,"Main Road, Sao Paulo",Autumn,3.8833333333333333,3.727272727272727
4725,453,2025,3,Family,40,2.8,Europe,Italy,Rome,Cape Town,South Africa,Museum,Cape Town Museum 40,"Main Road, Cape Town",Spring,3.22,3.815909090909091
4726,18,2022,3,Family,17,4.1,Africa,South Africa,Cape Town,Buenos Aires,Argentina,Wildlife,Buenos Aires Wildlife 17,"Main Road, Buenos Aires",Spring,4.066666666666666,3.9155555555555552
4727,627,2024,9,Family,95,5.0,Africa,Kenya,Mombasa,Singapore,Singapore,Park,Singapore Park 95,"Main Road, Singapore",Autumn,3.95,3.819607843137255
4728,464,2023,10,Family,84,4.2,Australia,New Zealand,Queenstown,Singapore,Singapore,Temple,Singapore Temple 84,"Main Road, Singapore",Autumn,3.4799999999999995,3.7846153846153845
4729,509,2024,4,Couples,50,3.3,South America,Brazil,Sao Paulo,Cancun,Mexico,Historical Site,Cancun Historical Site 50,"Main Road, Cancun",Spring,3.675,3.5078947368421054
4730,111,2024,6,Couples,89,3.3,Asia,Singapore,Singapore,Sydney,Australia,Park,Sydney Park 89,"Main Road, Sydney",Summer,3.6666666666666665,3.811764705882353
4731,239,2023,9,Solo,72,4.8,Africa,South Africa,Cape Town,Luxor,Egypt,Temple,Luxor Temple 72,"Main Road, Luxor",Autumn,3.8857142857142857,3.696296296296296
4732,195,2023,2,Solo,60,2.7,Africa,Kenya,Nairobi,Johannesburg,South Africa,Museum,Johannesburg Museum 60,"Main Road, Johannesburg",Winter,3.2249999999999996,3.7857142857142856
4733,585,2024,6,Couples,94,3.0,Asia,Japan,Tokyo,Melbourne,Australia,Temple,Melbourne Temple 94,"Main Road, Melbourne",Summer,3.3,3.6732142857142853
4734,787,2023,7,Couples,80,3.5,Asia,Thailand,Bangkok,Nairobi,Kenya,Temple,Nairobi Temple 80,"Main Road, Nairobi",Summer,3.6555555555555554,3.8166666666666664
4735,362,2023,7,Business,57,2.8,Australia,Australia,Sydney,Queenstown,New Zealand,Beach,Queenstown Beach 57,"Main Road, Queenstown",Summer,3.775,3.8095238095238093
4736,124,2024,11,Friends,86,2.8,North America,USA,New York,Cape Town,South Africa,Historical Site,Cape Town Historical Site 86,"Main Road, Cape Town",Autumn,3.4200000000000004,3.6799999999999997
4737,962,2024,6,Friends,53,3.1,Australia,Australia,Sydney,Milan,Italy,Shopping,Milan Shopping 53,"Main Road, Milan",Summer,3.4875,3.685106382978723
4738,632,2025,10,Friends,53,3.2,Asia,Thailand,Bangkok,Milan,Italy,Shopping,Milan Shopping 53,"Main Road, Milan",Autumn,3.34,3.685106382978723
4739,251,2023,6,Couples,67,4.5,Australia,Australia,Melbourne,Auckland,New Zealand,Historical Site,Auckland Historical Site 67,"Main Road, Auckland",Summer,3.7249999999999996,3.736842105263158
4740,301,2025,4,Family,89,4.0,Africa,South Africa,Cape Town,Sydney,Australia,Park,Sydney Park 89,"Main Road, Sydney",Spring,3.9333333333333336,3.811764705882353
4741,13,2023,1,Solo,79,5.0,North America,Mexico,Mexico City,Mexico City,Mexico,Historical Site,Mexico City Historical Site 79,"Main Road, Mexico City",Winter,4.033333333333333,3.861224489795918
4742,812,2023,3,Business,32,4.3,Europe,Spain,Barcelona,Buenos Aires,Argentina,Shopping,Buenos Aires Shopping 32,"Main Road, Buenos Aires",Spring,4.225,3.812244897959184
4743,974,2023,4,Business,92,3.8,Africa,Kenya,Nairobi,Queenstown,New Zealand,Museum,Queenstown Museum 92,"Main Road, Queenstown",Spring,3.9000000000000004,4.0339285714285715
4744,105,2023,9,Couples,36,3.8,Asia,India,Goa,Singapore,Singapore,Beach,Singapore Beach 36,"Main Road, Singapore",Autumn,3.75,3.7410714285714284
4745,926,2025,1,Business,86,4.2,North America,Canada,Toronto,Cape Town,South Africa,Historical Site,Cape Town Historical Site 86,"Main Road, Cape Town",Winter,3.675,3.6799999999999997
4746,579,2022,9,Family,4,3.8,Europe,France,Paris,Buenos Aires,Argentina,Temple,Buenos Aires Temple 4,"Main Road, Buenos Aires",Autumn,3.857142857142857,3.96
4747,599,2024,3,Couples,83,5.0,North America,Mexico,Cancun,Melbourne,Australia,Wildlife,Melbourne Wildlife 83,"Main Road, Melbourne",Spring,3.7142857142857144,3.851282051282051
4748,613,2024,5,Couples,1,3.7,Australia,New Zealand,Auckland,Berlin,Germany,Wildlife,Berlin Wildlife 1,"Main Road, Berlin",Spring,4.26,3.782051282051282
4749,606,2024,1,Solo,81,4.3,North America,USA,Las Vegas,Luxor,Egypt,Park,Luxor Park 81,"Main Road, Luxor",Winter,3.7600000000000002,3.8309090909090906
4750,492,2024,3,Friends,97,3.7,Africa,Egypt,Cairo,Los Angeles,USA,Historical Site,Los Angeles Historical Site 97,"Main Road, Los Angeles",Spring,3.966666666666667,3.661904761904762
4751,226,2022,3,Family,78,3.0,North America,USA,New York,Santiago,Chile,Museum,Santiago Museum 78,"Main Road, Santiago",Spring,3.5200000000000005,3.814814814814815
4752,353,2024,6,Couples,99,3.9,Africa,Kenya,Mombasa,Toronto,Canada,Adventure,Toronto Adventure 99,"Main Road, Toronto",Summer,3.975,3.735416666666667
4753,595,2023,5,Couples,36,3.5,Asia,Thailand,Phuket,Singapore,Singapore,Beach,Singapore Beach 36,"Main Road, Singapore",Spring,3.7285714285714286,3.7410714285714284
4754,141,2024,1,Family,53,3.6,Africa,South Africa,Johannesburg,Milan,Italy,Shopping,Milan Shopping 53,"Main Road, Milan",Winter,3.9444444444444446,3.685106382978723
4755,800,2025,9,Business,48,2.5,South America,Chile,Santiago,Nairobi,Kenya,Adventure,Nairobi Adventure 48,"Main Road, Nairobi",Autumn,3.825,3.845833333333333
4756,845,2023,11,Family,16,3.6,South America,Chile,Santiago,Sao Paulo,Brazil,Historical Site,Sao Paulo Historical Site 16,"Main Road, Sao Paulo",Autumn,3.7,3.932758620689655
4757,928,2024,1,Friends,67,3.4,Africa,South Africa,Cape Town,Auckland,New Zealand,Historical Site,Auckland Historical Site 67,"Main Road, Auckland",Winter,3.6333333333333337,3.736842105263158
4758,337,2022,4,Solo,25,2.9,Australia,Australia,Melbourne,Cairo,Egypt,Temple,Cairo Temple 25,"Main Road, Cairo",Spring,3.783333333333333,3.595555555555556
4759,239,2022,12,Family,89,3.8,Africa,South Africa,Cape Town,Sydney,Australia,Park,Sydney Park 89,"Main Road, Sydney",Winter,3.8857142857142857,3.811764705882353
4760,400,2023,11,Solo,91,4.6,Africa,South Africa,Johannesburg,Singapore,Singapore,Historical Site,Singapore Historical Site 91,"Main Road, Singapore",Autumn,3.6833333333333336,3.924137931034483
4761,131,2023,1,Friends,26,3.9,North America,USA,New York,Rome,Italy,Temple,Rome Temple 26,"Main Road, Rome",Winter,3.6,3.829310344827586
4762,428,2025,4,Solo,53,2.7,South America,Chile,Santiago,Milan,Italy,Shopping,Milan Shopping 53,"Main Road, Milan",Spring,3.6999999999999997,3.685106382978723
4763,119,2025,10,Solo,46,2.6,South America,Chile,Santiago,Jaipur,India,Shopping,Jaipur Shopping 46,"Main Road, Jaipur",Autumn,3.0125,3.7113636363636364
4764,181,2022,9,Business,51,4.5,North America,Mexico,Mexico City,Mexico City,Mexico,Temple,Mexico City Temple 51,"Main Road, Mexico City",Autumn,3.966666666666667,3.861290322580645
4765,828,2022,10,Friends,32,3.0,Asia,Singapore,Singapore,Buenos Aires,Argentina,Shopping,Buenos Aires Shopping 32,"Main Road, Buenos Aires",Autumn,3.85,3.812244897959184
4766,453,2022,2,Business,37,3.4,Europe,Italy,Rome,Mumbai,India,Historical Site,Mumbai Historical Site 37,"Main Road, Mumbai",Winter,3.22,3.752173913043478
4767,947,2023,6,Family,32,3.0,North America,USA,Los Angeles,Buenos Aires,Argentina,Shopping,Buenos Aires Shopping 32,"Main Road, Buenos Aires",Summer,3.7125,3.812244897959184
4768,570,2022,6,Business,35,3.9,Asia,Japan,Osaka,Paris,France,Beach,Paris Beach 35,"Main Road, Paris",Summer,3.6166666666666667,3.728
4769,754,2022,1,Solo,63,2.6,Europe,France,Paris,Madrid,Spain,Shopping,Madrid Shopping 63,"Main Road, Madrid",Winter,3.72,3.8245283018867924
4770,99,2024,1,Solo,45,3.5,North America,Canada,Vancouver,Cairo,Egypt,Park,Cairo Park 45,"Main Road, Cairo",Winter,3.9142857142857146,3.852830188679245
4771,982,2024,12,Solo,46,3.0,Europe,Germany,Berlin,Jaipur,India,Shopping,Jaipur Shopping 46,"Main Road, Jaipur",Winter,3.414285714285714,3.7113636363636364
4772,715,2023,5,Family,94,3.6,South America,Argentina,Buenos Aires,Melbourne,Australia,Temple,Melbourne Temple 94,"Main Road, Melbourne",Spring,4.0,3.6732142857142853
4773,717,2024,3,Couples,44,3.7,North America,Mexico,Cancun,Rio de Janeiro,Brazil,Temple,Rio de Janeiro Temple 44,"Main Road, Rio de Janeiro",Spring,3.6833333333333336,3.825
4774,836,2024,3,Solo,93,3.1,North America,USA,New York,Auckland,New Zealand,Adventure,Auckland Adventure 93,"Main Road, Auckland",Spring,3.95,3.7888888888888888
4775,696,2023,9,Friends,52,3.5,Australia,Australia,Sydney,Mombasa,Kenya,Shopping,Mombasa Shopping 52,"Main Road, Mombasa",Autumn,3.8333333333333335,3.9035087719298245
4776,473,2025,11,Couples,70,4.7,Europe,France,Nice,Sydney,Australia,Beach,Sydney Beach 70,"Main Road, Sydney",Autumn,4.3,3.7588235294117647
4777,263,2024,6,Business,99,4.6,South America,Brazil,Rio de Janeiro,Toronto,Canada,Adventure,Toronto Adventure 99,"Main Road, Toronto",Summer,3.8200000000000003,3.735416666666667
4778,27,2024,11,Business,7,4.0,North America,Canada,Toronto,Santiago,Chile,Park,Santiago Park 7,"Main Road, Santiago",Autumn,4.14,3.6767857142857143
4779,8,2024,6,Business,5,3.5,Australia,New Zealand,Queenstown,Santiago,Chile,Adventure,Santiago Adventure 5,"Main Road, Santiago",Summer,3.7,3.691111111111111
4780,524,2023,7,Solo,47,3.7,Australia,Australia,Melbourne,New York,USA,Historical Site,New York Historical Site 47,"Main Road, New York",Summer,3.7,3.9181818181818184
4781,376,2023,6,Friends,45,3.6,North America,Mexico,Mexico City,Cairo,Egypt,Park,Cairo Park 45,"Main Road, Cairo",Summer,3.55,3.852830188679245
4782,185,2023,3,Couples,32,4.5,North America,Canada,Toronto,Buenos Aires,Argentina,Shopping,Buenos Aires Shopping 32,"Main Road, Buenos Aires",Spring,4.016666666666667,3.812244897959184
4783,462,2022,8,Couples,30,3.0,North America,USA,Las Vegas,Cape Town,South Africa,Museum,Cape Town Museum 30,"Main Road, Cape Town",Summer,3.35,3.811111111111111
4784,315,2023,11,Family,28,4.3,Australia,Australia,Sydney,Rio de Janeiro,Brazil,Beach,Rio de Janeiro Beach 28,"Main Road, Rio de Janeiro",Autumn,4.016666666666667,3.7065217391304346
4785,683,2025,5,Couples,59,4.2,Africa,Kenya,Nairobi,Melbourne,Australia,Museum,Melbourne Museum 59,"Main Road, Melbourne",Spring,3.875,3.853061224489796
4786,852,2022,1,Friends,93,4.3,Europe,Spain,Barcelona,Auckland,New Zealand,Adventure,Auckland Adventure 93,"Main Road, Auckland",Winter,3.966666666666667,3.7888888888888888
4787,909,2022,6,Family,63,3.5,Europe,Germany,Munich,Madrid,Spain,Shopping,Madrid Shopping 63,"Main Road, Madrid",Summer,3.7,3.8245283018867924
4788,73,2023,5,Friends,61,3.2,Asia,India,Delhi,Sydney,Australia,Shopping,Sydney Shopping 61,"Main Road, Sydney",Spring,3.585714285714286,3.8000000000000003
4789,124,2022,3,Friends,29,2.8,North America,USA,New York,Santiago,Chile,Wildlife,Santiago Wildlife 29,"Main Road, Santiago",Spring,3.4200000000000004,3.7943396226415094
4790,489,2025,12,Family,72,4.5,North America,Mexico,Cancun,Luxor,Egypt,Temple,Luxor Temple 72,"Main Road, Luxor",Winter,3.975,3.696296296296296
4791,446,2022,10,Family,80,3.5,South America,Chile,Santiago,Nairobi,Kenya,Temple,Nairobi Temple 80,"Main Road, Nairobi",Autumn,3.942857142857143,3.8166666666666664
4792,911,2025,7,Family,6,3.2,Australia,Australia,Melbourne,Johannesburg,South Africa,Museum,Johannesburg Museum 6,"Main Road, Johannesburg",Summer,3.66,3.8461538461538463
4793,490,2024,12,Couples,46,3.7,Australia,New Zealand,Auckland,Jaipur,India,Shopping,Jaipur Shopping 46,"Main Road, Jaipur",Winter,3.957142857142857,3.7113636363636364
4794,973,2025,7,Friends,2,4.1,Africa,Kenya,Nairobi,Sao Paulo,Brazil,Historical Site,Sao Paulo Historical Site 2,"Main Road, Sao Paulo",Summer,3.4857142857142853,3.727272727272727
4795,277,2024,5,Friends,8,3.8,Asia,Singapore,Singapore,Las Vegas,USA,Museum,Las Vegas Museum 8,"Main Road, Las Vegas",Spring,3.733333333333333,3.716279069767442
4796,203,2024,4,Couples,100,5.0,Europe,Germany,Berlin,Mombasa,Kenya,Wildlife,Mombasa Wildlife 100,"Main Road, Mombasa",Spring,4.383333333333334,3.75
4797,111,2025,10,Family,12,3.2,Asia,Singapore,Singapore,New York,USA,Historical Site,New York Historical Site 12,"Main Road, New York",Autumn,3.6666666666666665,3.8160714285714286
4798,823,2024,3,Friends,52,4.4,South America,Chile,Santiago,Mombasa,Kenya,Shopping,Mombasa Shopping 52,"Main Road, Mombasa",Spring,4.083333333333333,3.9035087719298245
4799,48,2023,12,Friends,91,3.4,Asia,Singapore,Singapore,Singapore,Singapore,Historical Site,Singapore Historical Site 91,"Main Road, Singapore",Winter,3.775,3.924137931034483
4800,307,2024,5,Friends,56,4.5,Asia,Thailand,Bangkok,Madrid,Spain,Historical Site,Madrid Historical Site 56,"Main Road, Madrid",Spring,3.75,3.892156862745098
4801,565,2024,2,Family,6,3.7,Africa,South Africa,Johannesburg,Johannesburg,South Africa,Museum,Johannesburg Museum 6,"Main Road, Johannesburg",Winter,3.3875,3.8461538461538463
4802,874,2023,10,Family,50,3.0,Asia,India,Jaipur,Cancun,Mexico,Historical Site,Cancun Historical Site 50,"Main Road, Cancun",Autumn,3.8333333333333335,3.5078947368421054
4803,553,2024,7,Friends,75,3.5,Africa,Egypt,Luxor,Vancouver,Canada,Park,Vancouver Park 75,"Main Road, Vancouver",Summer,4.1,3.861818181818182
4804,478,2025,7,Business,11,4.6,South America,Argentina,Buenos Aires,Pattaya,Thailand,Beach,Pattaya Beach 11,"Main Road, Pattaya",Summer,4.266666666666667,3.7121951219512193
4805,260,2025,11,Family,25,3.5,Europe,France,Paris,Cairo,Egypt,Temple,Cairo Temple 25,"Main Road, Cairo",Autumn,3.6999999999999997,3.595555555555556
4806,469,2025,11,Business,95,3.9,South America,Chile,Santiago,Singapore,Singapore,Park,Singapore Park 95,"Main Road, Singapore",Autumn,3.9,3.819607843137255
4807,955,2023,7,Friends,23,4.8,Australia,New Zealand,Queenstown,Los Angeles,USA,Adventure,Los Angeles Adventure 23,"Main Road, Los Angeles",Summer,4.45,3.919047619047619
4808,103,2024,12,Couples,60,4.8,Europe,Spain,Madrid,Johannesburg,South Africa,Museum,Johannesburg Museum 60,"Main Road, Johannesburg",Winter,4.091666666666667,3.7857142857142856
4809,581,2022,3,Family,89,4.6,Africa,South Africa,Johannesburg,Sydney,Australia,Park,Sydney Park 89,"Main Road, Sydney",Spring,4.0,3.811764705882353
4810,473,2024,9,Couples,66,3.9,Europe,France,Nice,Kyoto,Japan,Historical Site,Kyoto Historical Site 66,"Main Road, Kyoto",Autumn,4.3,3.8181818181818183
4811,516,2023,6,Solo,60,4.1,South America,Argentina,Buenos Aires,Johannesburg,South Africa,Museum,Johannesburg Museum 60,"Main Road, Johannesburg",Summer,3.8,3.7857142857142856
4812,681,2022,8,Couples,36,3.9,Europe,France,Paris,Singapore,Singapore,Beach,Singapore Beach 36,"Main Road, Singapore",Summer,3.5999999999999996,3.7410714285714284
4813,527,2024,8,Family,78,4.9,Europe,Spain,Barcelona,Santiago,Chile,Museum,Santiago Museum 78,"Main Road, Santiago",Summer,4.040000000000001,3.814814814814815
4814,45,2024,12,Couples,75,4.1,North America,Mexico,Cancun,Vancouver,Canada,Park,Vancouver Park 75,"Main Road, Vancouver",Winter,3.8428571428571425,3.861818181818182
4815,566,2022,6,Family,85,2.7,Africa,Egypt,Cairo,Rome,Italy,Historical Site,Rome Historical Site 85,"Main Road, Rome",Summer,3.766666666666667,3.8607843137254902
4816,499,2023,1,Couples,13,4.0,Africa,Egypt,Cairo,Auckland,New Zealand,Wildlife,Auckland Wildlife 13,"Main Road, Auckland",Winter,3.585714285714286,3.8711864406779664
4817,552,2024,2,Family,95,4.6,Australia,New Zealand,Auckland,Singapore,Singapore,Park,Singapore Park 95,"Main Road, Singapore",Winter,3.9799999999999995,3.819607843137255
4818,801,2022,11,Couples,82,4.5,Africa,Kenya,Mombasa,Sydney,Australia,Temple,Sydney Temple 82,"Main Road, Sydney",Autumn,3.9333333333333336,3.7333333333333334
4819,478,2022,7,Business,21,5.0,South America,Argentina,Buenos Aires,Luxor,Egypt,Temple,Luxor Temple 21,"Main Road, Luxor",Summer,4.266666666666667,3.8267857142857147
4820,221,2023,6,Business,7,4.3,Asia,Japan,Tokyo,Santiago,Chile,Park,Santiago Park 7,"Main Road, Santiago",Summer,3.985714285714286,3.6767857142857143
4821,336,2024,3,Friends,97,4.0,Europe,Germany,Berlin,Los Angeles,USA,Historical Site,Los Angeles Historical Site 97,"Main Road, Los Angeles",Spring,3.7000000000000006,3.661904761904762
4822,963,2023,7,Friends,72,4.4,South America,Chile,Santiago,Luxor,Egypt,Temple,Luxor Temple 72,"Main Road, Luxor",Summer,3.9500000000000006,3.696296296296296
4823,540,2022,11,Friends,15,2.4,Asia,Japan,Kyoto,Jaipur,India,Historical Site,Jaipur Historical Site 15,"Main Road, Jaipur",Autumn,3.0749999999999997,3.8632653061224493
4824,497,2025,5,Family,54,3.6,Asia,India,Goa,Rio de Janeiro,Brazil,Shopping,Rio de Janeiro Shopping 54,"Main Road, Rio de Janeiro",Spring,3.822222222222222,3.7326086956521736
4825,791,2022,9,Family,86,4.2,South America,Argentina,Buenos Aires,Cape Town,South Africa,Historical Site,Cape Town Historical Site 86,"Main Road, Cape Town",Autumn,3.542857142857143,3.6799999999999997
4826,779,2023,6,Family,63,3.7,South America,Brazil,Sao Paulo,Madrid,Spain,Shopping,Madrid Shopping 63,"Main Road, Madrid",Summer,3.8249999999999997,3.8245283018867924
4827,373,2025,10,Family,85,4.4,Australia,Australia,Sydney,Rome,Italy,Historical Site,Rome Historical Site 85,"Main Road, Rome",Autumn,3.9,3.8607843137254902
4828,90,2024,1,Friends,66,3.4,North America,Canada,Vancouver,Kyoto,Japan,Historical Site,Kyoto Historical Site 66,"Main Road, Kyoto",Winter,3.9875,3.8181818181818183
4829,15,2024,8,Couples,73,3.8,Australia,New Zealand,Auckland,Queenstown,New Zealand,Shopping,Queenstown Shopping 73,"Main Road, Queenstown",Summer,4.211111111111111,3.7816666666666667
4830,36,2022,4,Couples,21,3.8,Asia,Japan,Tokyo,Luxor,Egypt,Temple,Luxor Temple 21,"Main Road, Luxor",Spring,4.06,3.8267857142857147
4831,57,2025,1,Couples,46,4.3,Australia,Australia,Sydney,Jaipur,India,Shopping,Jaipur Shopping 46,"Main Road, Jaipur",Winter,3.4875,3.7113636363636364
4832,902,2024,12,Couples,96,2.8,Europe,Germany,Munich,Cancun,Mexico,Adventure,Cancun Adventure 96,"Main Road, Cancun",Winter,3.225,3.5860000000000003
4833,93,2025,6,Solo,55,2.4,South America,Chile,Santiago,Mumbai,India,Wildlife,Mumbai Wildlife 55,"Main Road, Mumbai",Summer,3.1999999999999997,3.6921568627450982
4834,583,2025,2,Friends,82,3.0,North America,USA,Las Vegas,Sydney,Australia,Temple,Sydney Temple 82,"Main Road, Sydney",Winter,3.9333333333333336,3.7333333333333334
4835,492,2025,8,Solo,2,3.5,Africa,Egypt,Cairo,Sao Paulo,Brazil,Historical Site,Sao Paulo Historical Site 2,"Main Road, Sao Paulo",Summer,3.966666666666667,3.727272727272727
4836,21,2024,1,Friends,97,4.4,South America,Argentina,Buenos Aires,Los Angeles,USA,Historical Site,Los Angeles Historical Site 97,"Main Road, Los Angeles",Winter,4.15,3.661904761904762
4837,944,2025,2,Family,94,3.6,South America,Brazil,Rio de Janeiro,Melbourne,Australia,Temple,Melbourne Temple 94,"Main Road, Melbourne",Winter,3.716666666666667,3.6732142857142853
4838,825,2025,1,Couples,76,4.1,Australia,New Zealand,Queenstown,Tokyo,Japan,Temple,Tokyo Temple 76,"Main Road, Tokyo",Winter,3.6999999999999997,3.817777777777778
4839,798,2022,8,Solo,70,2.8,Europe,Spain,Madrid,Sydney,Australia,Beach,Sydney Beach 70,"Main Road, Sydney",Summer,3.9285714285714284,3.7588235294117647
4840,604,2022,12,Business,96,5.0,Australia,Australia,Melbourne,Cancun,Mexico,Adventure,Cancun Adventure 96,"Main Road, Cancun",Winter,4.566666666666666,3.5860000000000003
4841,36,2025,5,Business,9,4.6,Asia,Japan,Tokyo,Nice,France,Adventure,Nice Adventure 9,"Main Road, Nice",Spring,4.06,3.709803921568627
4842,970,2025,3,Couples,26,3.2,South America,Argentina,Buenos Aires,Rome,Italy,Temple,Rome Temple 26,"Main Road, Rome",Spring,3.8875,3.829310344827586
4843,777,2024,4,Couples,32,4.1,Africa,South Africa,Johannesburg,Buenos Aires,Argentina,Shopping,Buenos Aires Shopping 32,"Main Road, Buenos Aires",Spring,4.266666666666667,3.812244897959184
4844,597,2024,3,Couples,86,3.6,Australia,Australia,Sydney,Cape Town,South Africa,Historical Site,Cape Town Historical Site 86,"Main Road, Cape Town",Spring,3.6875,3.6799999999999997
4845,38,2022,11,Family,33,2.6,Africa,Kenya,Nairobi,New York,USA,Historical Site,New York Historical Site 33,"Main Road, New York",Autumn,3.7,3.8160000000000003
4846,940,2024,3,Business,37,3.5,Africa,Kenya,Mombasa,Mumbai,India,Historical Site,Mumbai Historical Site 37,"Main Road, Mumbai",Spring,3.988888888888889,3.752173913043478
4847,213,2024,1,Family,34,3.9,South America,Brazil,Rio de Janeiro,Mombasa,Kenya,Temple,Mombasa Temple 34,"Main Road, Mombasa",Winter,3.9,3.764
4848,11,2022,1,Friends,8,3.5,Australia,Australia,Melbourne,Las Vegas,USA,Museum,Las Vegas Museum 8,"Main Road, Las Vegas",Winter,3.4375,3.716279069767442
4849,135,2024,11,Couples,77,5.0,Australia,New Zealand,Auckland,Rome,Italy,Temple,Rome Temple 77,"Main Road, Rome",Autumn,4.166666666666667,3.836734693877551
4850,788,2024,5,Solo,81,3.8,Australia,Australia,Sydney,Luxor,Egypt,Park,Luxor Park 81,"Main Road, Luxor",Spring,3.7399999999999998,3.8309090909090906
4851,858,2022,4,Family,52,4.4,North America,Mexico,Mexico City,Mombasa,Kenya,Shopping,Mombasa Shopping 52,"Main Road, Mombasa",Spring,3.8818181818181823,3.9035087719298245
4852,258,2025,12,Family,25,3.9,Africa,Kenya,Nairobi,Cairo,Egypt,Temple,Cairo Temple 25,"Main Road, Cairo",Winter,3.66,3.595555555555556
4853,862,2022,11,Solo,93,4.0,Europe,Germany,Munich,Auckland,New Zealand,Adventure,Auckland Adventure 93,"Main Road, Auckland",Autumn,3.642857142857143,3.7888888888888888
4854,961,2023,3,Family,77,4.5,South America,Chile,Santiago,Rome,Italy,Temple,Rome Temple 77,"Main Road, Rome",Spring,3.625,3.836734693877551
4855,455,2022,3,Solo,54,4.3,Australia,New Zealand,Auckland,Rio de Janeiro,Brazil,Shopping,Rio de Janeiro Shopping 54,"Main Road, Rio de Janeiro",Spring,3.9166666666666665,3.7326086956521736
4856,141,2024,1,Solo,27,4.6,Africa,South Africa,Johannesburg,Nairobi,Kenya,Temple,Nairobi Temple 27,"Main Road, Nairobi",Winter,3.9444444444444446,3.6843137254901963
4857,293,2022,12,Family,75,2.6,South America,Brazil,Rio de Janeiro,Vancouver,Canada,Park,Vancouver Park 75,"Main Road, Vancouver",Winter,4.0,3.861818181818182
4858,176,2022,6,Family,91,4.6,Australia,Australia,Melbourne,Singapore,Singapore,Historical Site,Singapore Historical Site 91,"Main Road, Singapore",Summer,3.9625,3.924137931034483
4859,827,2023,3,Family,12,3.2,Africa,Egypt,Cairo,New York,USA,Historical Site,New York Historical Site 12,"Main Road, New York",Spring,3.3333333333333335,3.8160714285714286
4860,606,2024,6,Couples,52,4.4,North America,USA,Las Vegas,Mombasa,Kenya,Shopping,Mombasa Shopping 52,"Main Road, Mombasa",Summer,3.7600000000000002,3.9035087719298245
4861,339,2023,4,Couples,72,3.5,Europe,Spain,Madrid,Luxor,Egypt,Temple,Luxor Temple 72,"Main Road, Luxor",Spring,3.1999999999999997,3.696296296296296
4862,723,2022,10,Family,6,4.2,Asia,Japan,Kyoto,Johannesburg,South Africa,Museum,Johannesburg Museum 6,"Main Road, Johannesburg",Autumn,3.9200000000000004,3.8461538461538463
4863,197,2024,5,Family,72,3.8,North America,USA,Los Angeles,Luxor,Egypt,Temple,Luxor Temple 72,"Main Road, Luxor",Spring,4.05,3.696296296296296
4864,466,2023,6,Family,26,3.5,South America,Argentina,Buenos Aires,Rome,Italy,Temple,Rome Temple 26,"Main Road, Rome",Summer,3.7750000000000004,3.829310344827586
4865,431,2024,12,Business,67,4.5,North America,USA,New York,Auckland,New Zealand,Historical Site,Auckland Historical Site 67,"Main Road, Auckland",Winter,3.9714285714285715,3.736842105263158
4866,942,2022,6,Family,29,4.5,North America,USA,New York,Santiago,Chile,Wildlife,Santiago Wildlife 29,"Main Road, Santiago",Summer,4.033333333333333,3.7943396226415094
4867,482,2022,11,Couples,51,3.6,Africa,Egypt,Luxor,Mexico City,Mexico,Temple,Mexico City Temple 51,"Main Road, Mexico City",Autumn,3.8272727272727276,3.861290322580645
4868,72,2025,9,Family,55,4.3,Asia,Thailand,Phuket,Mumbai,India,Wildlife,Mumbai Wildlife 55,"Main Road, Mumbai",Autumn,3.7857142857142856,3.6921568627450982
4869,149,2025,1,Couples,26,3.2,South America,Brazil,Sao Paulo,Rome,Italy,Temple,Rome Temple 26,"Main Road, Rome",Winter,3.675,3.829310344827586
4870,484,2023,9,Friends,65,3.9,Europe,France,Paris,Vancouver,Canada,Museum,Vancouver Museum 65,"Main Road, Vancouver",Autumn,4.1,3.9294117647058826
4871,69,2023,5,Solo,41,3.9,South America,Argentina,Buenos Aires,Vancouver,Canada,Beach,Vancouver Beach 41,"Main Road, Vancouver",Spring,3.9,3.7526315789473683
4872,707,2025,11,Family,49,3.7,Africa,South Africa,Cape Town,Santiago,Chile,Historical Site,Santiago Historical Site 49,"Main Road, Santiago",Autumn,4.050000000000001,3.8877551020408165
4873,761,2022,2,Solo,89,3.2,Europe,Spain,Barcelona,Sydney,Australia,Park,Sydney Park 89,"Main Road, Sydney",Winter,3.942857142857143,3.811764705882353
4874,27,2024,2,Family,68,3.3,North America,Canada,Toronto,Toronto,Canada,Shopping,Toronto Shopping 68,"Main Road, Toronto",Winter,4.14,3.607142857142857
4875,240,2024,9,Couples,48,3.4,Asia,Singapore,Singapore,Nairobi,Kenya,Adventure,Nairobi Adventure 48,"Main Road, Nairobi",Autumn,3.9749999999999996,3.845833333333333
4876,351,2022,11,Friends,59,4.1,Europe,France,Nice,Melbourne,Australia,Museum,Melbourne Museum 59,"Main Road, Melbourne",Autumn,4.111111111111111,3.853061224489796
4877,132,2023,1,Business,8,4.5,South America,Chile,Santiago,Las Vegas,USA,Museum,Las Vegas Museum 8,"Main Road, Las Vegas",Winter,3.9499999999999997,3.716279069767442
4878,338,2022,2,Couples,87,3.2,South America,Argentina,Buenos Aires,Vancouver,Canada,Park,Vancouver Park 87,"Main Road, Vancouver",Winter,3.233333333333333,3.881818181818182
4879,834,2025,8,Friends,59,3.7,Asia,Thailand,Pattaya,Melbourne,Australia,Museum,Melbourne Museum 59,"Main Road, Melbourne",Summer,4.0600000000000005,3.853061224489796
4880,874,2025,6,Family,16,5.0,Asia,India,Jaipur,Sao Paulo,Brazil,Historical Site,Sao Paulo Historical Site 16,"Main Road, Sao Paulo",Summer,3.8333333333333335,3.932758620689655
4881,959,2025,8,Family,56,4.1,Australia,New Zealand,Auckland,Madrid,Spain,Historical Site,Madrid Historical Site 56,"Main Road, Madrid",Summer,3.9,3.892156862745098
4882,624,2024,10,Couples,89,4.2,Asia,Thailand,Pattaya,Sydney,Australia,Park,Sydney Park 89,"Main Road, Sydney",Autumn,4.325,3.811764705882353
4883,250,2023,12,Friends,50,3.7,Africa,Kenya,Mombasa,Cancun,Mexico,Historical Site,Cancun Historical Site 50,"Main Road, Cancun",Winter,4.1,3.5078947368421054
4884,591,2025,11,Family,91,4.0,South America,Chile,Santiago,Singapore,Singapore,Historical Site,Singapore Historical Site 91,"Main Road, Singapore",Autumn,3.825,3.924137931034483
4885,793,2023,6,Couples,28,3.3,Asia,Thailand,Bangkok,Rio de Janeiro,Brazil,Beach,Rio de Janeiro Beach 28,"Main Road, Rio de Janeiro",Summer,3.825,3.7065217391304346
4886,959,2025,4,Friends,62,3.8,Australia,New Zealand,Auckland,Buenos Aires,Argentina,Park,Buenos Aires Park 62,"Main Road, Buenos Aires",Spring,3.9,3.8065217391304347
4887,63,2022,6,Couples,69,4.7,Africa,South Africa,Cape Town,Johannesburg,South Africa,Shopping,Johannesburg Shopping 69,"Main Road, Johannesburg",Summer,4.14,3.818032786885246
4888,206,2025,7,Couples,51,5.0,Europe,Italy,Venice,Mexico City,Mexico,Temple,Mexico City Temple 51,"Main Road, Mexico City",Summer,4.04,3.861290322580645
4889,952,2025,12,Friends,22,4.8,Europe,Italy,Rome,Melbourne,Australia,Adventure,Melbourne Adventure 22,"Main Road, Melbourne",Winter,3.7142857142857144,3.8629629629629627
4890,952,2023,4,Couples,35,3.2,Europe,Italy,Rome,Paris,France,Beach,Paris Beach 35,"Main Road, Paris",Spring,3.7142857142857144,3.728
4891,852,2025,11,Family,34,4.3,Europe,Spain,Barcelona,Mombasa,Kenya,Temple,Mombasa Temple 34,"Main Road, Mombasa",Autumn,3.966666666666667,3.764
4892,347,2023,11,Couples,1,4.0,Asia,Thailand,Pattaya,Berlin,Germany,Wildlife,Berlin Wildlife 1,"Main Road, Berlin",Autumn,3.65,3.782051282051282
4893,871,2022,12,Business,63,4.4,Asia,Thailand,Pattaya,Madrid,Spain,Shopping,Madrid Shopping 63,"Main Road, Madrid",Winter,3.528571428571429,3.8245283018867924
4894,609,2022,8,Solo,39,4.3,Asia,Singapore,Singapore,Munich,Germany,Shopping,Munich Shopping 39,"Main Road, Munich",Summer,3.466666666666667,3.965909090909091
4895,414,2025,7,Business,34,4.7,Africa,South Africa,Cape Town,Mombasa,Kenya,Temple,Mombasa Temple 34,"Main Road, Mombasa",Summer,3.8375000000000004,3.764
4896,672,2024,9,Business,83,4.0,Europe,Germany,Berlin,Melbourne,Australia,Wildlife,Melbourne Wildlife 83,"Main Road, Melbourne",Autumn,4.0,3.851282051282051
4897,156,2025,11,Family,40,3.4,Australia,Australia,Melbourne,Cape Town,South Africa,Museum,Cape Town Museum 40,"Main Road, Cape Town",Autumn,3.2875,3.815909090909091
4898,337,2022,3,Family,1,3.8,Australia,Australia,Melbourne,Berlin,Germany,Wildlife,Berlin Wildlife 1,"Main Road, Berlin",Spring,3.783333333333333,3.782051282051282
4899,206,2023,2,Family,31,2.4,Europe,Italy,Venice,Queenstown,New Zealand,Historical Site,Queenstown Historical Site 31,"Main Road, Queenstown",Winter,4.04,3.663157894736842
4900,528,2023,12,Family,69,3.8,Asia,Thailand,Bangkok,Johannesburg,South Africa,Shopping,Johannesburg Shopping 69,"Main Road, Johannesburg",Winter,3.7399999999999998,3.818032786885246
4901,415,2022,7,Family,69,2.7,Asia,Japan,Kyoto,Johannesburg,South Africa,Shopping,Johannesburg Shopping 69,"Main Road, Johannesburg",Summer,3.6636363636363636,3.818032786885246
4902,710,2025,12,Couples,64,4.2,Europe,Italy,Venice,Madrid,Spain,Beach,Madrid Beach 64,"Main Road, Madrid",Winter,3.7,3.8058823529411763
4903,475,2025,4,Couples,90,4.2,Asia,Japan,Osaka,Nice,France,Temple,Nice Temple 90,"Main Road, Nice",Spring,4.175,3.7215686274509805
4904,627,2023,5,Family,94,4.4,Africa,Kenya,Mombasa,Melbourne,Australia,Temple,Melbourne Temple 94,"Main Road, Melbourne",Spring,3.95,3.6732142857142853
4905,626,2024,4,Family,9,4.0,Australia,Australia,Sydney,Nice,France,Adventure,Nice Adventure 9,"Main Road, Nice",Spring,4.2,3.709803921568627
4906,730,2025,7,Friends,18,3.9,Africa,South Africa,Cape Town,Madrid,Spain,Historical Site,Madrid Historical Site 18,"Main Road, Madrid",Summer,3.84,3.7285714285714286
4907,858,2025,4,Couples,66,4.3,North America,Mexico,Mexico City,Kyoto,Japan,Historical Site,Kyoto Historical Site 66,"Main Road, Kyoto",Spring,3.8818181818181823,3.8181818181818183
4908,214,2025,12,Couples,49,4.6,Africa,South Africa,Cape Town,Santiago,Chile,Historical Site,Santiago Historical Site 49,"Main Road, Santiago",Winter,3.783333333333333,3.8877551020408165
4909,890,2025,5,Family,52,3.3,North America,Mexico,Mexico City,Mombasa,Kenya,Shopping,Mombasa Shopping 52,"Main Road, Mombasa",Spring,3.8833333333333333,3.9035087719298245
4910,904,2023,4,Friends,86,4.4,Africa,Kenya,Nairobi,Cape Town,South Africa,Historical Site,Cape Town Historical Site 86,"Main Road, Cape Town",Spring,4.0600000000000005,3.6799999999999997
4911,639,2023,11,Couples,15,4.4,Australia,Australia,Melbourne,Jaipur,India,Historical Site,Jaipur Historical Site 15,"Main Road, Jaipur",Autumn,4.625,3.8632653061224493
4912,502,2024,3,Couples,4,5.0,North America,Mexico,Mexico City,Buenos Aires,Argentina,Temple,Buenos Aires Temple 4,"Main Road, Buenos Aires",Spring,3.94,3.96
4913,475,2025,5,Friends,42,4.2,Asia,Japan,Osaka,Singapore,Singapore,Wildlife,Singapore Wildlife 42,"Main Road, Singapore",Spring,4.175,3.706382978723404
4914,446,2022,7,Friends,93,2.8,South America,Chile,Santiago,Auckland,New Zealand,Adventure,Auckland Adventure 93,"Main Road, Auckland",Summer,3.942857142857143,3.7888888888888888
4915,238,2023,9,Family,27,4.6,South America,Brazil,Sao Paulo,Nairobi,Kenya,Temple,Nairobi Temple 27,"Main Road, Nairobi",Autumn,4.166666666666667,3.6843137254901963
4916,453,2023,1,Friends,1,4.0,Europe,Italy,Rome,Berlin,Germany,Wildlife,Berlin Wildlife 1,"Main Road, Berlin",Winter,3.22,3.782051282051282
4917,640,2025,10,Family,53,3.1,Asia,Thailand,Pattaya,Milan,Italy,Shopping,Milan Shopping 53,"Main Road, Milan",Autumn,3.9666666666666663,3.685106382978723
4918,137,2024,10,Family,67,4.3,North America,Mexico,Mexico City,Auckland,New Zealand,Historical Site,Auckland Historical Site 67,"Main Road, Auckland",Autumn,3.5499999999999994,3.736842105263158
4919,73,2022,11,Friends,61,3.5,Asia,India,Delhi,Sydney,Australia,Shopping,Sydney Shopping 61,"Main Road, Sydney",Autumn,3.585714285714286,3.8000000000000003
4920,902,2022,10,Solo,39,3.2,Europe,Germany,Munich,Munich,Germany,Shopping,Munich Shopping 39,"Main Road, Munich",Autumn,3.225,3.965909090909091
4921,614,2022,3,Business,38,3.7,North America,Canada,Vancouver,Luxor,Egypt,Museum,Luxor Museum 38,"Main Road, Luxor",Spring,3.866666666666667,3.784313725490196
4922,855,2024,12,Business,72,3.0,Asia,Singapore,Singapore,Luxor,Egypt,Temple,Luxor Temple 72,"Main Road, Luxor",Winter,3.5,3.696296296296296
4923,431,2025,7,Family,43,4.8,North America,USA,New York,Cape Town,South Africa,Shopping,Cape Town Shopping 43,"Main Road, Cape Town",Summer,3.9714285714285715,3.772
4924,15,2024,9,Solo,48,4.1,Australia,New Zealand,Auckland,Nairobi,Kenya,Adventure,Nairobi Adventure 48,"Main Road, Nairobi",Autumn,4.211111111111111,3.845833333333333
4925,216,2024,9,Family,75,3.3,Asia,Singapore,Singapore,Vancouver,Canada,Park,Vancouver Park 75,"Main Road, Vancouver",Autumn,3.5428571428571423,3.861818181818182
4926,17,2024,11,Solo,49,4.4,South America,Brazil,Rio de Janeiro,Santiago,Chile,Historical Site,Santiago Historical Site 49,"Main Road, Santiago",Autumn,4.2,3.8877551020408165
4927,311,2022,4,Couples,72,3.4,Europe,France,Paris,Luxor,Egypt,Temple,Luxor Temple 72,"Main Road, Luxor",Spring,3.5799999999999996,3.696296296296296
4928,793,2025,9,Couples,7,4.1,Asia,Thailand,Bangkok,Santiago,Chile,Park,Santiago Park 7,"Main Road, Santiago",Autumn,3.825,3.6767857142857143
4929,337,2022,11,Business,96,3.7,Australia,Australia,Melbourne,Cancun,Mexico,Adventure,Cancun Adventure 96,"Main Road, Cancun",Autumn,3.783333333333333,3.5860000000000003
4930,350,2024,2,Friends,1,4.4,North America,Mexico,Cancun,Berlin,Germany,Wildlife,Berlin Wildlife 1,"Main Road, Berlin",Winter,3.75,3.782051282051282
4931,183,2022,4,Friends,57,3.7,South America,Argentina,Buenos Aires,Queenstown,New Zealand,Beach,Queenstown Beach 57,"Main Road, Queenstown",Spring,3.8600000000000003,3.8095238095238093
4932,200,2022,5,Business,52,2.6,Asia,Japan,Kyoto,Mombasa,Kenya,Shopping,Mombasa Shopping 52,"Main Road, Mombasa",Spring,3.35,3.9035087719298245
4933,546,2022,6,Business,90,4.7,North America,Canada,Vancouver,Nice,France,Temple,Nice Temple 90,"Main Road, Nice",Summer,3.95,3.7215686274509805
4934,828,2022,3,Friends,9,3.7,Asia,Singapore,Singapore,Nice,France,Adventure,Nice Adventure 9,"Main Road, Nice",Spring,3.85,3.709803921568627
4935,289,2025,4,Family,49,4.5,South America,Brazil,Sao Paulo,Santiago,Chile,Historical Site,Santiago Historical Site 49,"Main Road, Santiago",Spring,4.1,3.8877551020408165
4936,70,2023,10,Friends,37,3.6,Australia,Australia,Melbourne,Mumbai,India,Historical Site,Mumbai Historical Site 37,"Main Road, Mumbai",Autumn,3.125,3.752173913043478
4937,938,2023,9,Friends,30,4.2,North America,Canada,Vancouver,Cape Town,South Africa,Museum,Cape Town Museum 30,"Main Road, Cape Town",Autumn,3.7857142857142856,3.811111111111111
4938,500,2022,5,Family,15,4.4,Asia,Singapore,Singapore,Jaipur,India,Historical Site,Jaipur Historical Site 15,"Main Road, Jaipur",Spring,3.7571428571428567,3.8632653061224493
4939,857,2023,3,Couples,36,3.7,South America,Brazil,Rio de Janeiro,Singapore,Singapore,Beach,Singapore Beach 36,"Main Road, Singapore",Spring,3.7600000000000002,3.7410714285714284
4940,310,2022,5,Family,70,4.6,Asia,India,Delhi,Sydney,Australia,Beach,Sydney Beach 70,"Main Road, Sydney",Spring,3.6166666666666667,3.7588235294117647
4941,118,2023,10,Couples,15,3.3,Australia,New Zealand,Auckland,Jaipur,India,Historical Site,Jaipur Historical Site 15,"Main Road, Jaipur",Autumn,3.4199999999999995,3.8632653061224493
4942,774,2022,1,Friends,79,2.9,Australia,Australia,Melbourne,Mexico City,Mexico,Historical Site,Mexico City Historical Site 79,"Main Road, Mexico City",Winter,3.8666666666666667,3.861224489795918
4943,534,2025,12,Friends,73,3.9,South America,Brazil,Rio de Janeiro,Queenstown,New Zealand,Shopping,Queenstown Shopping 73,"Main Road, Queenstown",Winter,4.066666666666666,3.7816666666666667
4944,456,2025,9,Business,90,4.2,South America,Brazil,Sao Paulo,Nice,France,Temple,Nice Temple 90,"Main Road, Nice",Autumn,3.425,3.7215686274509805
4945,982,2022,3,Couples,49,3.9,Europe,Germany,Berlin,Santiago,Chile,Historical Site,Santiago Historical Site 49,"Main Road, Santiago",Spring,3.414285714285714,3.8877551020408165
4946,937,2024,7,Friends,46,3.5,South America,Argentina,Buenos Aires,Jaipur,India,Shopping,Jaipur Shopping 46,"Main Road, Jaipur",Summer,3.0444444444444443,3.7113636363636364
4947,395,2023,8,Family,100,3.1,South America,Argentina,Buenos Aires,Mombasa,Kenya,Wildlife,Mombasa Wildlife 100,"Main Road, Mombasa",Summer,3.3600000000000003,3.75
4948,767,2024,12,Solo,64,4.0,South America,Argentina,Buenos Aires,Madrid,Spain,Beach,Madrid Beach 64,"Main Road, Madrid",Winter,4.05,3.8058823529411763
4949,386,2025,12,Solo,56,2.8,Australia,New Zealand,Auckland,Madrid,Spain,Historical Site,Madrid Historical Site 56,"Main Road, Madrid",Winter,3.233333333333333,3.892156862745098
4950,919,2025,4,Family,55,4.6,Asia,Japan,Osaka,Mumbai,India,Wildlife,Mumbai Wildlife 55,"Main Road, Mumbai",Spring,4.333333333333333,3.6921568627450982
4951,776,2023,9,Solo,3,4.3,South America,Brazil,Rio de Janeiro,Rio de Janeiro,Brazil,Adventure,Rio de Janeiro Adventure 3,"Main Road, Rio de Janeiro",Autumn,4.05,3.791111111111111
4952,601,2024,8,Friends,81,3.3,South America,Chile,Santiago,Luxor,Egypt,Park,Luxor Park 81,"Main Road, Luxor",Summer,4.0,3.8309090909090906
4953,225,2025,3,Solo,62,4.8,Africa,Kenya,Nairobi,Buenos Aires,Argentina,Park,Buenos Aires Park 62,"Main Road, Buenos Aires",Spring,4.175,3.8065217391304347
4954,618,2025,7,Solo,28,3.2,Australia,New Zealand,Auckland,Rio de Janeiro,Brazil,Beach,Rio de Janeiro Beach 28,"Main Road, Rio de Janeiro",Summer,3.783333333333333,3.7065217391304346
4955,999,2022,3,Couples,79,5.0,Asia,India,Delhi,Mexico City,Mexico,Historical Site,Mexico City Historical Site 79,"Main Road, Mexico City",Spring,4.333333333333333,3.861224489795918
4956,905,2022,8,Friends,12,3.7,Australia,Australia,Sydney,New York,USA,Historical Site,New York Historical Site 12,"Main Road, New York",Summer,4.0,3.8160714285714286
4957,43,2023,5,Solo,82,3.7,Asia,Singapore,Singapore,Sydney,Australia,Temple,Sydney Temple 82,"Main Road, Sydney",Spring,3.5625,3.7333333333333334
4958,232,2024,12,Couples,36,4.1,Asia,Thailand,Pattaya,Singapore,Singapore,Beach,Singapore Beach 36,"Main Road, Singapore",Winter,3.542857142857143,3.7410714285714284
4959,335,2025,11,Couples,11,4.0,North America,Mexico,Cancun,Pattaya,Thailand,Beach,Pattaya Beach 11,"Main Road, Pattaya",Autumn,3.85,3.7121951219512193
4960,776,2023,4,Family,79,3.9,South America,Brazil,Rio de Janeiro,Mexico City,Mexico,Historical Site,Mexico City Historical Site 79,"Main Road, Mexico City",Spring,4.05,3.861224489795918
4961,586,2024,12,Solo,28,4.0,Asia,Thailand,Phuket,Rio de Janeiro,Brazil,Beach,Rio de Janeiro Beach 28,"Main Road, Rio de Janeiro",Winter,3.75,3.7065217391304346
4962,216,2022,6,Family,63,4.1,Asia,Singapore,Singapore,Madrid,Spain,Shopping,Madrid Shopping 63,"Main Road, Madrid",Summer,3.5428571428571423,3.8245283018867924
4963,266,2025,5,Family,78,4.1,South America,Chile,Santiago,Santiago,Chile,Museum,Santiago Museum 78,"Main Road, Santiago",Spring,3.7600000000000002,3.814814814814815
4964,374,2023,7,Couples,18,3.2,South America,Brazil,Sao Paulo,Madrid,Spain,Historical Site,Madrid Historical Site 18,"Main Road, Madrid",Summer,3.62,3.7285714285714286
4965,570,2022,5,Business,77,3.3,Asia,Japan,Osaka,Rome,Italy,Temple,Rome Temple 77,"Main Road, Rome",Spring,3.6166666666666667,3.836734693877551
4966,559,2023,9,Couples,12,3.8,Asia,India,Jaipur,New York,USA,Historical Site,New York Historical Site 12,"Main Road, New York",Autumn,3.7285714285714286,3.8160714285714286
4967,23,2023,10,Business,5,4.7,Europe,France,Nice,Santiago,Chile,Adventure,Santiago Adventure 5,"Main Road, Santiago",Autumn,4.025,3.691111111111111
4968,151,2025,8,Family,11,3.9,Asia,Singapore,Singapore,Pattaya,Thailand,Beach,Pattaya Beach 11,"Main Road, Pattaya",Summer,3.966666666666667,3.7121951219512193
4969,999,2025,4,Friends,48,3.0,Asia,India,Delhi,Nairobi,Kenya,Adventure,Nairobi Adventure 48,"Main Road, Nairobi",Spring,4.333333333333333,3.845833333333333
4970,501,2022,11,Couples,25,3.8,Africa,Kenya,Nairobi,Cairo,Egypt,Temple,Cairo Temple 25,"Main Road, Cairo",Autumn,3.9499999999999997,3.595555555555556
4971,549,2022,10,Family,63,5.0,Africa,South Africa,Johannesburg,Madrid,Spain,Shopping,Madrid Shopping 63,"Main Road, Madrid",Autumn,4.34,3.8245283018867924
4972,622,2023,4,Couples,89,5.0,South America,Chile,Santiago,Sydney,Australia,Park,Sydney Park 89,"Main Road, Sydney",Spring,4.8,3.811764705882353
4973,946,2022,11,Family,44,2.9,South America,Brazil,Sao Paulo,Rio de Janeiro,Brazil,Temple,Rio de Janeiro Temple 44,"Main Road, Rio de Janeiro",Autumn,3.233333333333333,3.825
4974,59,2023,3,Couples,95,4.0,Europe,Italy,Rome,Singapore,Singapore,Park,Singapore Park 95,"Main Road, Singapore",Spring,3.585714285714286,3.819607843137255
4975,594,2022,9,Solo,16,4.6,Europe,Germany,Berlin,Sao Paulo,Brazil,Historical Site,Sao Paulo Historical Site 16,"Main Road, Sao Paulo",Autumn,3.6999999999999997,3.932758620689655
4976,3,2024,2,Solo,60,3.6,Europe,Spain,Madrid,Johannesburg,South Africa,Museum,Johannesburg Museum 60,"Main Road, Johannesburg",Winter,3.857142857142857,3.7857142857142856
4977,582,2022,11,Couples,83,3.4,Australia,New Zealand,Queenstown,Melbourne,Australia,Wildlife,Melbourne Wildlife 83,"Main Road, Melbourne",Autumn,3.8333333333333335,3.851282051282051
4978,35,2023,10,Family,77,3.6,Australia,Australia,Melbourne,Rome,Italy,Temple,Rome Temple 77,"Main Road, Rome",Autumn,4.228571428571429,3.836734693877551
4979,185,2022,5,Couples,17,2.6,North America,Canada,Toronto,Buenos Aires,Argentina,Wildlife,Buenos Aires Wildlife 17,"Main Road, Buenos Aires",Spring,4.016666666666667,3.9155555555555552
4980,173,2023,7,Couples,97,4.6,Africa,Kenya,Mombasa,Los Angeles,USA,Historical Site,Los Angeles Historical Site 97,"Main Road, Los Angeles",Summer,4.0,3.661904761904762
4981,761,2025,10,Business,48,4.5,Europe,Spain,Barcelona,Nairobi,Kenya,Adventure,Nairobi Adventure 48,"Main Road, Nairobi",Autumn,3.942857142857143,3.845833333333333
4982,110,2023,10,Friends,26,2.8,South America,Argentina,Buenos Aires,Rome,Italy,Temple,Rome Temple 26,"Main Road, Rome",Autumn,3.7624999999999997,3.829310344827586
4983,40,2024,6,Family,75,4.4,Africa,South Africa,Cape Town,Vancouver,Canada,Park,Vancouver Park 75,"Main Road, Vancouver",Summer,3.6,3.861818181818182
4984,526,2023,9,Couples,77,4.0,Africa,Kenya,Nairobi,Rome,Italy,Temple,Rome Temple 77,"Main Road, Rome",Autumn,3.6,3.836734693877551
4985,421,2023,10,Couples,44,4.2,North America,Mexico,Mexico City,Rio de Janeiro,Brazil,Temple,Rio de Janeiro Temple 44,"Main Road, Rio de Janeiro",Autumn,3.533333333333333,3.825
4986,747,2023,10,Family,63,1.8,Asia,Singapore,Singapore,Madrid,Spain,Shopping,Madrid Shopping 63,"Main Road, Madrid",Autumn,3.8833333333333333,3.8245283018867924
4987,629,2023,9,Friends,58,3.2,Europe,Italy,Rome,Mumbai,India,Wildlife,Mumbai Wildlife 58,"Main Road, Mumbai",Autumn,3.3,3.7518518518518515
4988,328,2024,9,Couples,51,4.7,Australia,New Zealand,Auckland,Mexico City,Mexico,Temple,Mexico City Temple 51,"Main Road, Mexico City",Autumn,3.7333333333333334,3.861290322580645
4989,873,2022,7,Family,79,5.0,Australia,New Zealand,Auckland,Mexico City,Mexico,Historical Site,Mexico City Historical Site 79,"Main Road, Mexico City",Summer,4.275,3.861224489795918
4990,367,2022,6,Couples,67,4.4,Australia,New Zealand,Queenstown,Auckland,New Zealand,Historical Site,Auckland Historical Site 67,"Main Road, Auckland",Summer,3.6624999999999996,3.736842105263158
4991,288,2024,9,Business,12,4.6,Australia,New Zealand,Queenstown,New York,USA,Historical Site,New York Historical Site 12,"Main Road, New York",Autumn,4.1571428571428575,3.8160714285714286
4992,301,2023,10,Friends,2,4.7,Africa,South Africa,Cape Town,Sao Paulo,Brazil,Historical Site,Sao Paulo Historical Site 2,"Main Road, Sao Paulo",Autumn,3.9333333333333336,3.727272727272727
4993,515,2025,6,Friends,46,3.2,South America,Brazil,Rio de Janeiro,Jaipur,India,Shopping,Jaipur Shopping 46,"Main Road, Jaipur",Summer,3.8444444444444446,3.7113636363636364
4994,785,2025,3,Friends,82,5.0,North America,USA,New York,Sydney,Australia,Temple,Sydney Temple 82,"Main Road, Sydney",Spring,4.022222222222222,3.7333333333333334
4995,433,2022,7,Family,55,3.4,North America,USA,New York,Mumbai,India,Wildlife,Mumbai Wildlife 55,"Main Road, Mumbai",Summer,3.6333333333333333,3.6921568627450982
4996,864,2025,6,Business,1,3.3,Asia,Singapore,Singapore,Berlin,Germany,Wildlife,Berlin Wildlife 1,"Main Road, Berlin",Summer,3.883333333333333,3.782051282051282
4997,834,2025,11,Family,37,3.7,Asia,Thailand,Pattaya,Mumbai,India,Historical Site,Mumbai Historical Site 37,"Main Road, Mumbai",Autumn,4.0600000000000005,3.752173913043478
4998,291,2022,2,Family,38,2.5,Europe,Germany,Munich,Luxor,Egypt,Museum,Luxor Museum 38,"Main Road, Luxor",Winter,2.75,3.784313725490196
4999,94,2024,4,Family,4,3.3,North America,Mexico,Cancun,Buenos Aires,Argentina,Temple,Buenos Aires Temple 4,"Main Road, Buenos Aires",Spring,3.6166666666666667,3.96
5000,140,2023,2,Friends,82,4.8,Asia,India,Goa,Sydney,Australia,Temple,Sydney Temple 82,"Main Road, Sydney",Winter,3.1,3.7333333333333334
