TransactionId,UserId,VisitYear,VisitMonth,VisitMode,AttractionId,Rating
1,405,2023,4,Couples,74,2.8
2,583,2022,3,Business,4,2.6
3,336,2024,4,Family,58,4.9
4,594,2024,12,Friends,19,4.5
5,817,2023,3,Business,63,4.6
6,998,2025,3,Family,31,3.3
7,740,2024,1,Family,94,3.7
8,763,2024,11,Friends,92,3.7
9,118,2022,1,Family,45,2.9
10,399,2024,12,Couples,70,3.8
11,137,2025,5,Couples,90,2.8
12,973,2023,6,Couples,94,3.0
13,849,2022,3,Couples,51,4.5
14,349,2022,4,Friends,64,3.7
15,74,2022,4,Business,64,3.9
16,931,2025,9,Business,1,3.5
17,809,2023,12,Business,54,4.3
18,985,2022,8,Business,36,3.7
19,414,2025,7,Couples,86,3.6
20,848,2023,10,Friends,16,4.1
21,582,2022,4,Business,44,3.9
22,929,2024,6,Solo,91,3.0
23,978,2025,11,Solo,32,4.3
24,426,2025,8,Couples,26,3.9
25,313,2023,5,Couples,37,3.0
26,984,2024,3,Solo,49,4.2
27,384,2022,9,Business,12,3.4
28,327,2024,1,Family,86,4.9
29,573,2023,12,Friends,61,3.9
30,529,2023,6,Friends,98,3.5
31,842,2022,2,Friends,85,3.7
32,144,2022,7,Family,51,3.7
33,344,2023,12,Couples,40,2.3
34,277,2023,4,Friends,20,3.8
35,214,2025,8,Solo,15,3.6
36,58,2023,1,Business,28,2.7
37,921,2025,12,Family,3,3.1
38,436,2022,11,Couples,23,3.8
39,915,2024,11,Couples,69,2.5
40,476,2025,5,Family,41,3.9
41,567,2024,8,Family,9,5.0
42,386,2025,3,Couples,7,2.5
43,283,2023,1,Family,40,3.7
44,928,2024,5,Family,48,3.6
45,966,2025,9,Friends,19,4.2
46,575,2023,2,Couples,21,3.8
47,102,2024,7,Business,95,3.4
48,196,2025,2,Couples,25,4.0
49,645,2022,12,Solo,99,3.9
50,211,2025,9,Family,60,4.7
51,943,2022,8,Family,73,3.5
52,986,2025,8,Business,21,4.5
53,417,2024,4,Solo,85,3.3
54,75,2024,6,Friends,57,4.2
55,620,2023,11,Family,11,4.1
56,66,2025,8,Business,99,3.2
57,935,2022,4,Couples,70,3.4
58,191,2025,10,Family,67,4.3
59,806,2024,5,Business,15,4.5
60,654,2025,1,Friends,100,2.9
61,867,2024,2,Friends,77,3.5
62,558,2023,4,Couples,38,3.0
63,702,2024,11,Family,35,3.6
64,944,2023,3,Friends,83,4.1
65,275,2025,4,Solo,73,4.5
66,636,2024,4,Business,19,5.0
67,934,2022,4,Business,53,2.5
68,203,2024,9,Couples,53,3.6
69,222,2025,11,Solo,41,4.1
70,622,2022,8,Couples,86,4.4
71,695,2022,1,Couples,16,2.7
72,494,2022,5,Business,50,3.5
73,276,2025,1,Friends,67,3.4
74,35,2023,8,Solo,81,3.8
75,8,2024,8,Couples,45,4.8
76,873,2023,4,Family,19,3.6
77,232,2024,6,Family,21,3.1
78,455,2025,4,Couples,92,4.3
79,941,2023,12,Solo,67,4.8
80,769,2024,6,Business,72,4.2
81,665,2022,12,Family,82,3.7
82,362,2022,1,Family,65,4.0
83,142,2025,4,Couples,35,3.7
84,302,2025,11,Friends,62,3.8
85,865,2024,5,Family,90,3.5
86,822,2025,5,Couples,9,2.9
87,529,2022,3,Solo,88,3.5
88,704,2023,3,Family,11,3.8
89,127,2022,1,Couples,46,4.2
90,957,2022,1,Friends,12,4.0
91,103,2023,5,Business,92,3.5
92,431,2022,4,Friends,87,3.9
93,962,2023,1,Family,68,3.2
94,412,2025,1,Business,40,3.6
95,378,2022,7,Family,15,4.7
96,819,2022,10,Family,75,4.7
97,563,2022,7,Solo,73,3.4
98,514,2023,3,Family,93,4.1
99,296,2022,9,Family,2,3.7
100,813,2023,5,Business,79,2.5
101,49,2022,7,Friends,95,3.7
102,107,2025,3,Business,18,3.3
103,73,2023,10,Family,53,3.4
104,195,2025,9,Family,28,2.9
105,360,2025,10,Couples,75,3.7
106,920,2023,8,Couples,39,3.6
107,7,2022,8,Friends,68,3.7
108,202,2023,12,Business,60,4.1
109,479,2023,11,Couples,91,4.5
110,930,2025,8,Solo,48,4.9
111,833,2025,1,Business,31,3.5
112,443,2024,4,Business,67,3.8
113,430,2024,10,Couples,64,3.2
114,245,2023,5,Friends,30,3.5
115,549,2025,5,Family,42,3.9
116,201,2022,11,Solo,29,3.8
117,500,2022,6,Family,17,3.9
118,674,2022,11,Friends,86,3.0
119,899,2023,3,Couples,42,5.0
120,533,2024,7,Family,44,3.9
121,385,2024,8,Solo,92,4.0
122,996,2022,1,Friends,51,3.5
123,850,2022,8,Family,86,3.5
124,284,2022,5,Family,5,2.9
125,659,2024,5,Family,64,3.4
126,246,2023,11,Family,21,2.3
127,517,2025,4,Family,81,3.8
128,620,2025,6,Family,52,4.3
129,762,2023,11,Couples,100,3.4
130,715,2022,3,Family,64,4.8
131,691,2023,11,Family,53,4.2
132,772,2022,3,Couples,7,4.3
133,329,2025,1,Family,72,3.1
134,575,2024,11,Business,38,3.2
135,943,2024,7,Business,61,5.0
136,683,2023,10,Business,67,3.6
137,126,2025,12,Friends,21,3.2
138,57,2024,3,Solo,94,3.3
139,264,2022,8,Couples,26,4.2
140,549,2025,8,Friends,13,4.3
141,128,2024,1,Friends,73,3.3
142,265,2023,4,Family,34,3.9
143,358,2024,8,Business,75,2.5
144,936,2024,2,Friends,17,3.9
145,656,2023,2,Friends,60,3.0
146,290,2024,8,Couples,39,4.2
147,632,2024,6,Couples,55,2.7
148,233,2022,5,Couples,30,3.7
149,787,2022,6,Couples,57,4.3
150,74,2025,8,Family,10,4.1
151,660,2023,2,Friends,32,4.1
152,22,2024,4,Business,30,4.2
153,471,2023,12,Family,8,3.3
154,354,2022,12,Family,75,3.5
155,441,2022,10,Friends,95,4.3
156,209,2025,2,Family,87,4.9
157,390,2025,9,Business,69,3.9
158,674,2025,4,Solo,44,3.1
159,819,2024,1,Couples,13,3.9
160,401,2024,10,Family,58,4.1
161,828,2022,8,Friends,91,3.5
162,235,2022,1,Couples,13,3.4
163,523,2025,9,Couples,17,3.9
164,652,2023,1,Couples,37,3.6
165,304,2025,9,Family,28,4.0
166,227,2022,2,Family,71,3.2
167,100,2023,9,Friends,31,4.5
168,993,2022,7,Family,100,3.7
169,162,2025,8,Friends,9,3.2
170,940,2025,8,Family,21,4.6
171,65,2022,12,Business,100,4.5
172,54,2022,12,Business,10,4.2
173,586,2022,5,Solo,46,4.2
174,398,2024,9,Friends,10,4.4
175,614,2025,6,Couples,17,4.2
176,378,2023,6,Friends,60,4.1
177,119,2025,1,Family,28,3.6
178,134,2025,5,Couples,7,3.9
179,55,2024,4,Family,58,5.0
180,373,2022,7,Solo,100,5.0
181,307,2025,11,Friends,73,2.7
182,45,2024,4,Solo,86,4.4
183,925,2023,2,Family,29,3.7
184,218,2023,8,Solo,4,5.0
185,645,2025,4,Family,56,2.9
186,492,2023,9,Family,71,3.4
187,394,2024,11,Solo,45,4.4
188,863,2024,11,Friends,28,3.8
189,687,2023,8,Friends,52,3.3
190,686,2022,2,Business,26,3.8
191,820,2025,6,Family,75,4.5
192,736,2023,5,Solo,61,3.3
193,390,2023,6,Friends,38,2.9
194,223,2024,6,Family,94,3.9
195,428,2022,11,Friends,33,3.5
196,582,2025,4,Solo,41,4.2
197,560,2025,11,Solo,56,2.7
198,601,2024,7,Business,18,4.1
199,886,2023,6,Couples,82,4.1
200,247,2022,10,Family,8,3.8
201,352,2024,1,Family,100,4.2
202,44,2022,10,Friends,9,4.1
203,988,2023,11,Business,28,3.5
204,567,2025,11,Couples,72,4.1
205,155,2024,12,Friends,93,3.5
206,760,2023,3,Family,27,3.3
207,601,2024,1,Family,93,3.7
208,858,2022,2,Solo,78,3.3
209,861,2022,11,Family,84,3.2
210,193,2023,2,Friends,17,4.3
211,937,2025,5,Friends,93,2.4
212,588,2024,3,Business,26,5.0
213,199,2024,7,Friends,47,4.8
214,791,2024,2,Couples,84,3.4
215,221,2022,3,Family,8,3.9
216,475,2023,3,Family,68,3.6
217,707,2024,8,Business,24,4.4
218,536,2024,2,Solo,4,4.3
219,471,2025,4,Family,53,4.3
220,357,2023,8,Couples,57,2.0
221,934,2022,4,Couples,85,4.7
222,965,2024,10,Couples,13,4.4
223,702,2025,11,Couples,25,3.5
224,47,2024,8,Friends,100,3.2
225,310,2025,1,Couples,21,4.8
226,32,2023,9,Couples,59,3.4
227,480,2023,9,Couples,10,3.9
228,635,2022,6,Friends,21,4.1
229,191,2024,4,Solo,89,3.0
230,783,2024,11,Friends,96,3.7
231,407,2022,9,Couples,39,3.4
232,141,2023,4,Solo,70,4.2
233,515,2024,1,Friends,81,4.2
234,65,2024,10,Couples,81,3.9
235,544,2025,4,Couples,96,3.8
236,900,2024,3,Friends,88,4.1
237,993,2025,3,Family,49,3.7
238,1000,2025,3,Solo,13,2.4
239,592,2023,9,Couples,43,3.0
240,376,2024,9,Friends,22,3.1
241,519,2025,7,Family,78,3.8
242,126,2024,5,Couples,53,3.4
243,401,2022,5,Friends,6,3.3
244,59,2023,2,Family,33,3.7
245,19,2022,11,Business,86,4.2
246,141,2023,7,Family,84,3.7
247,526,2024,6,Family,87,3.8
248,202,2023,6,Family,17,3.6
249,412,2022,5,Couples,62,2.9
250,689,2024,11,Family,76,4.1
251,98,2024,2,Couples,89,3.9
252,939,2024,11,Business,55,3.8
253,230,2024,9,Business,20,5.0
254,367,2023,5,Business,66,4.7
255,835,2024,11,Friends,6,4.4
256,745,2025,11,Family,59,4.9
257,413,2022,3,Business,68,4.2
258,891,2025,2,Couples,22,4.0
259,284,2022,4,Solo,65,4.3
260,650,2022,10,Friends,36,3.8
261,262,2023,1,Family,48,3.2
262,756,2024,9,Family,85,4.6
263,271,2022,11,Friends,4,3.8
264,785,2022,9,Couples,43,3.7
265,212,2024,1,Friends,40,3.7
266,366,2024,2,Business,69,3.6
267,61,2024,10,Family,50,2.6
268,503,2023,6,Couples,10,4.7
269,164,2024,8,Couples,59,4.8
270,888,2023,8,Business,91,4.3
271,490,2022,6,Friends,81,4.4
272,865,2022,9,Business,54,3.5
273,187,2023,10,Couples,85,3.4
274,420,2024,12,Family,37,5.0
275,63,2025,11,Family,22,4.1
276,135,2024,6,Business,61,2.9
277,988,2022,7,Friends,79,3.8
278,614,2022,5,Friends,38,3.7
279,860,2023,7,Friends,21,3.7
280,964,2022,4,Solo,69,4.7
281,283,2023,7,Couples,56,3.6
282,856,2022,7,Couples,25,3.9
283,567,2022,4,Family,96,2.8
284,848,2022,5,Solo,97,3.3
285,6,2024,6,Family,35,4.0
286,76,2025,3,Family,87,4.0
287,895,2022,5,Family,86,3.3
288,624,2022,1,Friends,23,4.8
289,597,2022,6,Friends,66,4.1
290,414,2023,11,Friends,81,2.5
291,499,2023,10,Family,78,3.1
292,234,2024,7,Business,28,3.9
293,758,2023,12,Family,19,3.8
294,289,2022,3,Friends,62,4.0
295,936,2023,1,Couples,47,4.2
296,897,2022,1,Family,34,2.4
297,317,2024,8,Friends,29,3.5
298,305,2024,10,Family,67,2.9
299,821,2022,1,Solo,65,3.2
300,541,2023,12,Solo,32,5.0
301,822,2022,8,Friends,28,4.5
302,425,2023,9,Family,51,3.7
303,413,2024,2,Family,83,3.6
304,942,2022,8,Business,30,3.8
305,384,2023,8,Solo,48,4.4
306,292,2025,4,Family,79,2.2
307,685,2023,6,Family,82,3.0
308,694,2025,8,Business,78,3.3
309,574,2024,12,Friends,4,4.7
310,859,2024,2,Friends,30,4.5
311,561,2025,12,Business,9,2.6
312,314,2023,7,Friends,45,5.0
313,500,2024,5,Couples,81,3.2
314,92,2024,12,Couples,9,4.9
315,442,2025,7,Family,17,4.8
316,490,2023,10,Couples,86,3.5
317,445,2024,6,Couples,13,2.9
318,237,2023,12,Friends,59,4.0
319,395,2025,1,Family,79,3.7
320,791,2023,1,Couples,18,3.0
321,806,2023,3,Family,67,3.0
322,156,2023,11,Family,21,3.2
323,790,2024,5,Friends,74,4.3
324,838,2025,10,Friends,88,4.3
325,204,2025,8,Business,33,3.6
326,517,2025,2,Friends,60,4.1
327,217,2023,11,Family,56,3.5
328,77,2023,8,Couples,18,4.9
329,182,2025,11,Solo,38,4.6
330,480,2023,3,Solo,61,3.2
331,675,2024,1,Solo,95,3.7
332,508,2022,3,Business,48,3.8
333,415,2025,2,Friends,78,3.3
334,768,2024,3,Family,58,3.5
335,853,2024,9,Business,10,4.7
336,450,2022,11,Family,74,4.4
337,48,2024,8,Couples,83,4.8
338,191,2022,3,Family,59,2.7
339,562,2023,1,Family,4,3.8
340,288,2022,2,Couples,11,4.3
341,694,2025,7,Solo,82,3.4
342,571,2022,6,Couples,89,3.9
343,851,2025,7,Family,65,4.2
344,726,2022,2,Business,47,3.2
345,112,2024,11,Friends,33,4.1
346,222,2024,12,Family,38,4.1
347,94,2022,2,Family,13,4.1
348,538,2025,12,Couples,75,3.7
349,150,2025,8,Couples,20,3.9
350,439,2023,11,Couples,16,4.3
351,45,2024,8,Couples,59,3.2
352,511,2024,3,Business,73,4.5
353,234,2024,7,Family,81,3.6
354,309,2022,1,Solo,12,3.2
355,350,2024,11,Friends,29,3.0
356,763,2023,6,Solo,20,3.6
357,928,2024,5,Family,52,3.5
358,192,2022,8,Business,8,3.5
359,39,2022,4,Friends,28,3.5
360,960,2024,8,Couples,38,4.0
361,471,2023,7,Friends,22,3.1
362,192,2025,8,Family,10,4.1
363,112,2023,7,Business,60,2.5
364,825,2023,5,Family,55,3.5
365,777,2022,9,Family,22,4.6
366,399,2024,7,Friends,15,4.3
367,849,2022,8,Couples,32,3.8
368,720,2024,12,Family,73,2.8
369,211,2024,9,Solo,60,2.6
370,708,2022,8,Couples,59,3.2
371,849,2024,9,Family,6,3.6
372,551,2022,11,Business,72,4.5
373,422,2022,3,Couples,92,4.1
374,406,2022,6,Solo,96,3.5
375,72,2022,6,Couples,62,3.4
376,699,2022,11,Friends,76,4.6
377,255,2023,4,Friends,69,3.3
378,762,2024,6,Friends,84,3.3
379,557,2023,1,Family,42,3.4
380,481,2024,1,Couples,1,4.1
381,328,2022,7,Couples,91,3.3
382,699,2024,5,Family,13,3.3
383,473,2025,7,Family,61,5.0
384,871,2025,2,Couples,13,2.8
385,94,2022,11,Business,82,3.4
386,936,2025,9,Family,83,3.0
387,364,2022,7,Family,95,4.3
388,649,2024,1,Friends,54,3.5
389,843,2025,9,Couples,98,4.9
390,953,2025,11,Couples,8,3.7
391,321,2023,3,Friends,42,4.0
392,416,2022,5,Friends,93,3.5
393,568,2023,2,Couples,6,3.5
394,712,2024,3,Couples,49,4.9
395,817,2024,2,Friends,21,3.7
396,273,2024,8,Couples,6,4.0
397,962,2024,5,Solo,38,3.2
398,299,2023,4,Friends,36,4.5
399,977,2024,12,Solo,100,3.0
400,872,2024,12,Couples,56,2.9
401,210,2025,1,Solo,48,3.5
402,900,2025,11,Business,38,3.0
403,912,2025,8,Couples,56,4.4
404,579,2023,6,Friends,24,3.7
405,282,2025,8,Family,20,3.1
406,162,2024,2,Solo,87,5.0
407,471,2024,7,Business,4,5.0
408,899,2022,4,Friends,21,3.5
409,726,2023,1,Business,85,4.0
410,878,2024,9,Couples,52,3.9
411,889,2023,1,Business,5,3.2
412,739,2025,7,Friends,86,3.9
413,552,2022,4,Business,10,4.1
414,5,2024,5,Business,53,4.2
415,237,2022,9,Solo,93,4.3
416,819,2024,12,Couples,30,4.5
417,935,2022,11,Friends,90,2.7
418,732,2022,7,Solo,94,4.1
419,981,2024,2,Business,56,3.9
420,439,2025,5,Family,22,3.6
421,833,2023,6,Solo,63,3.6
422,611,2025,1,Couples,80,3.9
423,602,2022,6,Family,13,4.7
424,366,2024,8,Friends,14,3.8
425,822,2022,1,Couples,27,3.4
426,407,2023,10,Solo,89,4.0
427,986,2023,6,Friends,20,2.7
428,249,2023,7,Family,14,4.6
429,887,2024,11,Business,15,4.5
430,916,2024,10,Friends,100,4.7
431,872,2022,1,Solo,24,3.8
432,164,2023,10,Family,13,4.2
433,933,2024,4,Family,79,3.5
434,864,2024,3,Couples,66,3.4
435,792,2024,9,Couples,15,2.2
436,125,2025,3,Business,57,3.3
437,230,2023,5,Friends,18,3.0
438,382,2024,5,Business,45,2.3
439,952,2022,7,Family,4,2.7
440,890,2022,5,Solo,96,3.5
441,6,2024,10,Business,63,4.9
442,901,2023,8,Friends,32,3.3
443,534,2025,6,Friends,65,3.9
444,599,2022,2,Business,14,3.6
445,233,2024,10,Family,73,3.3
446,256,2023,9,Couples,87,3.1
447,237,2023,10,Business,25,3.2
448,937,2023,3,Family,25,3.6
449,738,2024,11,Business,10,3.5
450,576,2025,9,Family,2,3.4
451,54,2025,1,Business,75,4.1
452,656,2022,12,Couples,6,4.3
453,239,2023,12,Couples,48,3.7
454,474,2024,11,Family,59,3.8
455,72,2024,7,Family,7,3.7
456,766,2022,1,Couples,43,3.4
457,981,2022,10,Business,8,2.4
458,76,2024,10,Friends,30,3.4
459,180,2022,3,Family,37,4.2
460,461,2025,5,Friends,21,5.0
461,285,2022,6,Couples,20,3.1
462,146,2023,4,Family,69,3.6
463,787,2023,11,Family,87,4.2
464,948,2022,7,Business,36,3.6
465,550,2025,9,Business,70,3.1
466,517,2024,11,Couples,20,3.9
467,954,2022,12,Business,68,4.2
468,441,2022,3,Solo,85,4.6
469,288,2024,4,Family,66,4.9
470,864,2025,7,Solo,16,4.6
471,107,2022,11,Family,88,3.1
472,618,2023,10,Solo,71,3.3
473,108,2023,11,Solo,19,4.4
474,12,2023,11,Family,67,4.1
475,962,2025,2,Family,49,2.6
476,793,2022,10,Friends,96,3.4
477,808,2022,8,Friends,97,4.0
478,468,2022,2,Couples,27,3.1
479,601,2025,8,Business,66,3.9
480,505,2025,4,Family,98,3.6
481,578,2024,12,Friends,65,5.0
482,569,2023,12,Family,78,3.7
483,340,2022,10,Family,24,4.1
484,150,2025,4,Friends,70,4.0
485,639,2022,4,Family,80,4.4
486,148,2023,3,Couples,18,3.5
487,877,2024,5,Friends,16,4.6
488,991,2023,12,Couples,78,5.0
489,599,2022,7,Business,14,3.7
490,773,2025,7,Friends,27,1.6
491,891,2024,11,Business,78,3.2
492,83,2023,7,Friends,54,4.7
493,909,2024,5,Family,84,3.9
494,790,2022,5,Couples,66,3.2
495,601,2024,1,Couples,72,3.8
496,925,2023,3,Solo,54,4.0
497,963,2024,10,Family,65,3.7
498,852,2025,3,Couples,70,2.4
499,188,2022,11,Business,35,2.7
500,679,2024,6,Solo,4,4.1
501,987,2024,12,Friends,45,3.7
502,877,2024,3,Couples,86,2.4
503,200,2023,3,Family,42,4.6
504,20,2024,7,Solo,56,5.0
505,207,2024,11,Family,95,5.0
506,942,2025,1,Solo,42,3.8
507,328,2025,6,Solo,59,3.3
508,563,2023,5,Couples,37,4.6
509,889,2022,6,Couples,13,3.9
510,480,2024,10,Family,49,4.0
511,438,2022,7,Couples,87,2.5
512,921,2022,3,Business,54,4.5
513,782,2024,12,Solo,78,2.4
514,93,2024,8,Solo,45,3.3
515,358,2022,6,Family,47,3.9
516,722,2023,10,Couples,41,4.2
517,496,2023,11,Couples,50,3.6
518,930,2022,4,Couples,4,3.1
519,730,2022,7,Family,4,3.9
520,765,2024,4,Family,24,4.5
521,635,2024,9,Couples,43,3.3
522,559,2024,4,Family,59,3.5
523,551,2023,10,Family,48,2.8
524,278,2023,12,Solo,75,3.8
525,804,2023,5,Couples,18,3.0
526,858,2023,6,Friends,87,4.6
527,712,2023,3,Family,24,4.3
528,761,2022,10,Friends,42,3.9
529,630,2024,7,Solo,94,3.3
530,271,2025,7,Couples,2,3.5
531,950,2024,7,Solo,18,2.9
532,929,2024,10,Family,59,3.4
533,891,2025,1,Family,82,3.8
534,503,2022,7,Couples,57,4.3
535,863,2024,12,Family,14,3.8
536,954,2023,5,Family,45,3.6
537,554,2025,11,Couples,53,3.4
538,925,2024,10,Couples,3,4.0
539,975,2023,12,Couples,35,1.7
540,904,2024,10,Business,8,5.0
541,900,2022,3,Business,51,5.0
542,496,2025,5,Business,9,5.0
543,15,2023,2,Couples,71,5.0
544,1,2024,8,Couples,10,4.2
545,985,2025,9,Business,50,3.8
546,937,2022,7,Solo,36,3.1
547,965,2022,2,Solo,43,3.6
548,315,2024,9,Business,60,3.4
549,56,2025,9,Family,27,3.9
550,976,2025,7,Couples,24,4.2
551,269,2022,4,Couples,69,4.2
552,813,2024,12,Business,47,4.5
553,114,2024,3,Solo,55,4.2
554,374,2025,8,Couples,45,3.6
555,563,2024,6,Couples,43,3.4
556,439,2025,12,Family,92,4.6
557,915,2024,4,Solo,28,3.9
558,610,2025,6,Family,99,3.5
559,343,2023,12,Friends,54,3.1
560,236,2024,6,Solo,55,3.6
561,744,2022,9,Couples,85,4.8
562,939,2025,11,Couples,23,3.0
563,463,2022,9,Couples,97,3.1
564,88,2025,3,Couples,47,3.3
565,50,2025,11,Couples,48,4.2
566,799,2023,8,Family,21,5.0
567,589,2024,4,Couples,49,5.0
568,937,2022,10,Business,66,2.8
569,134,2022,6,Business,75,3.3
570,771,2022,8,Business,99,3.6
571,960,2022,3,Solo,88,4.0
572,345,2023,3,Friends,16,4.6
573,25,2023,3,Couples,16,3.1
574,848,2023,2,Family,55,3.5
575,45,2022,10,Business,6,3.5
576,287,2023,9,Couples,10,4.1
577,956,2025,9,Family,88,4.5
578,621,2023,4,Couples,9,3.6
579,143,2022,4,Friends,99,4.5
580,623,2022,4,Solo,2,4.2
581,330,2024,9,Solo,61,3.6
582,611,2022,4,Family,42,4.1
583,268,2023,12,Friends,37,3.3
584,824,2024,7,Solo,60,4.6
585,487,2024,10,Friends,85,4.3
586,434,2025,7,Business,20,4.5
587,130,2022,10,Family,25,3.8
588,698,2023,11,Family,99,2.8
589,192,2024,6,Family,69,3.2
590,144,2022,4,Friends,88,3.4
591,492,2024,7,Business,55,4.7
592,542,2022,9,Solo,83,4.8
593,232,2025,2,Couples,51,4.0
594,703,2022,7,Solo,45,3.9
595,546,2022,6,Friends,36,3.9
596,921,2022,8,Couples,55,4.1
597,383,2025,3,Couples,98,3.8
598,688,2023,8,Couples,21,3.7
599,827,2024,4,Couples,72,4.2
600,621,2022,8,Friends,1,4.2
601,708,2024,3,Couples,35,3.9
602,731,2023,7,Couples,80,3.7
603,553,2023,5,Family,75,4.8
604,699,2024,5,Solo,81,2.5
605,3,2023,3,Friends,47,4.7
606,415,2022,12,Friends,95,4.5
607,663,2023,6,Solo,82,4.5
608,776,2024,9,Business,79,4.8
609,488,2022,4,Family,96,3.8
610,236,2022,2,Couples,78,4.0
611,967,2024,9,Business,93,4.0
612,568,2022,4,Family,94,3.4
613,757,2024,5,Friends,22,3.1
614,273,2023,7,Friends,80,5.0
615,597,2023,6,Couples,39,3.5
616,448,2024,9,Family,16,4.3
617,713,2023,9,Business,69,4.3
618,726,2023,7,Friends,22,5.0
619,251,2023,7,Solo,97,3.1
620,260,2024,11,Friends,82,3.7
621,161,2023,9,Friends,28,4.3
622,472,2022,8,Friends,56,3.2
623,973,2024,10,Solo,43,4.3
624,798,2023,4,Solo,98,4.6
625,248,2023,7,Friends,18,4.0
626,494,2025,2,Business,49,2.7
627,917,2023,9,Business,90,2.8
628,691,2025,4,Friends,70,3.4
629,934,2022,6,Couples,72,4.0
630,951,2024,6,Solo,60,2.9
631,126,2024,9,Family,29,3.5
632,402,2023,7,Couples,17,4.5
633,110,2023,3,Family,56,3.9
634,933,2024,1,Couples,65,4.7
635,949,2025,11,Solo,16,3.8
636,65,2023,11,Business,100,3.6
637,699,2024,12,Family,23,4.5
638,452,2023,7,Family,78,3.8
639,2,2023,1,Family,10,4.3
640,340,2023,5,Family,1,4.4
641,211,2023,1,Business,18,3.7
642,975,2022,7,Couples,36,4.1
643,185,2022,2,Friends,69,4.7
644,154,2024,3,Couples,35,3.4
645,546,2022,9,Solo,97,4.0
646,594,2024,9,Couples,43,4.4
647,270,2025,6,Couples,52,4.0
648,740,2023,12,Business,21,3.0
649,74,2024,10,Family,63,3.9
650,32,2023,11,Friends,15,4.3
651,832,2023,10,Couples,59,4.7
652,790,2023,1,Solo,63,3.0
653,537,2024,5,Couples,48,3.4
654,229,2023,9,Couples,57,3.6
655,984,2025,1,Business,9,5.0
656,954,2022,5,Family,75,4.9
657,925,2023,1,Couples,24,3.0
658,433,2024,4,Solo,29,2.8
659,404,2024,12,Business,47,3.6
660,997,2023,4,Family,19,2.6
661,154,2023,12,Family,26,3.5
662,993,2024,1,Couples,42,4.1
663,588,2025,3,Family,49,3.5
664,308,2022,6,Family,100,4.5
665,302,2025,8,Friends,100,3.4
666,266,2025,10,Family,80,3.7
667,487,2023,4,Couples,92,4.0
668,90,2024,1,Friends,78,4.9
669,301,2024,3,Solo,84,3.2
670,140,2025,1,Friends,90,2.0
671,728,2025,10,Family,98,3.4
672,746,2024,7,Couples,73,3.7
673,304,2025,4,Friends,2,4.9
674,322,2023,3,Couples,100,4.3
675,509,2022,4,Business,6,4.5
676,734,2025,7,Family,51,3.4
677,19,2025,11,Solo,6,3.6
678,69,2024,3,Couples,11,3.3
679,535,2022,9,Family,53,3.4
680,405,2022,9,Family,72,3.4
681,840,2022,3,Couples,88,4.4
682,806,2022,10,Friends,34,3.0
683,657,2023,3,Family,67,4.5
684,121,2023,5,Business,4,4.5
685,12,2023,2,Couples,81,3.7
686,441,2022,2,Family,12,2.4
687,651,2025,10,Friends,53,4.4
688,874,2022,6,Friends,76,3.3
689,854,2025,2,Business,21,3.6
690,905,2023,6,Friends,1,4.4
691,701,2023,12,Solo,44,3.4
692,563,2025,8,Couples,10,3.9
693,70,2022,7,Family,85,3.3
694,825,2025,10,Couples,96,3.7
695,110,2023,10,Family,52,4.6
696,530,2022,5,Business,47,3.7
697,803,2023,6,Friends,51,4.6
698,542,2022,10,Family,44,2.7
699,177,2023,10,Family,11,2.5
700,601,2023,3,Friends,68,3.9
701,862,2023,7,Couples,19,3.1
702,530,2025,5,Couples,57,3.7
703,182,2024,3,Solo,13,4.3
704,588,2024,12,Solo,2,5.0
705,589,2025,2,Business,86,4.5
706,204,2024,8,Friends,16,3.6
707,329,2024,5,Family,32,4.2
708,169,2023,2,Friends,53,3.2
709,760,2025,12,Friends,7,3.2
710,853,2022,4,Couples,70,3.4
711,26,2022,7,Couples,61,3.0
712,219,2022,7,Solo,40,3.7
713,990,2024,4,Friends,61,3.4
714,300,2023,5,Couples,12,4.5
715,353,2022,12,Family,92,4.7
716,99,2023,2,Friends,69,4.8
717,618,2023,11,Solo,58,3.2
718,568,2022,3,Couples,72,2.9
719,377,2023,5,Couples,15,3.3
720,4,2023,8,Couples,95,3.3
721,215,2023,4,Family,76,4.5
722,939,2023,9,Couples,35,4.1
723,105,2025,9,Business,78,3.2
724,336,2025,5,Couples,76,3.1
725,513,2025,10,Business,39,5.0
726,90,2023,6,Friends,49,4.4
727,132,2024,9,Family,49,3.9
728,744,2024,8,Couples,95,3.8
729,811,2024,8,Family,98,4.2
730,461,2024,4,Solo,15,2.3
731,478,2025,3,Friends,30,3.3
732,311,2025,4,Solo,85,3.8
733,415,2024,6,Family,58,2.5
734,37,2024,2,Couples,77,3.9
735,420,2025,4,Solo,100,3.7
736,706,2024,10,Family,69,3.3
737,297,2024,5,Family,77,3.3
738,128,2022,8,Business,51,2.9
739,881,2022,5,Business,78,3.6
740,296,2024,3,Friends,38,2.9
741,673,2023,8,Solo,13,4.7
742,378,2024,6,Solo,10,2.1
743,71,2024,5,Solo,58,3.8
744,25,2022,8,Family,28,3.4
745,943,2022,3,Family,70,3.2
746,323,2024,6,Business,25,3.9
747,980,2025,2,Couples,52,4.4
748,599,2022,2,Solo,73,2.5
749,504,2023,10,Solo,7,3.6
750,943,2024,4,Friends,2,3.8
751,837,2023,5,Solo,39,4.1
752,424,2025,6,Business,45,3.6
753,670,2025,8,Business,76,3.4
754,837,2023,9,Friends,18,3.6
755,210,2023,8,Friends,17,3.8
756,419,2024,3,Couples,86,3.7
757,660,2022,1,Friends,65,3.4
758,96,2024,12,Family,62,3.5
759,880,2025,11,Friends,46,4.4
760,82,2025,6,Solo,44,4.0
761,162,2025,2,Business,71,4.2
762,713,2024,3,Solo,72,2.7
763,389,2025,4,Friends,14,4.3
764,194,2023,7,Business,78,3.6
765,893,2024,4,Friends,38,4.1
766,351,2023,5,Friends,12,3.4
767,810,2024,2,Friends,12,5.0
768,17,2024,9,Friends,68,4.0
769,252,2023,2,Family,34,3.2
770,556,2023,6,Friends,15,4.3
771,416,2024,6,Friends,67,2.7
772,269,2025,10,Couples,66,3.7
773,529,2023,3,Family,52,3.1
774,723,2025,6,Solo,21,4.3
775,955,2024,4,Couples,99,3.7
776,479,2025,9,Friends,56,3.5
777,324,2023,11,Family,46,3.4
778,849,2022,4,Couples,2,3.3
779,348,2024,10,Family,43,4.6
780,970,2022,8,Family,97,5.0
781,640,2024,3,Couples,45,5.0
782,117,2023,10,Friends,56,3.9
783,579,2024,11,Family,72,4.1
784,447,2025,9,Business,32,3.7
785,464,2025,7,Couples,25,2.9
786,919,2023,6,Couples,91,3.7
787,214,2022,12,Business,84,4.9
788,289,2023,5,Business,22,3.8
789,166,2023,3,Couples,37,3.0
790,688,2023,7,Couples,44,3.9
791,822,2023,12,Family,35,3.0
792,837,2022,7,Friends,92,4.4
793,792,2024,10,Family,61,3.6
794,559,2024,6,Couples,53,2.8
795,988,2022,10,Family,98,4.3
796,182,2024,4,Family,51,3.9
797,64,2025,11,Business,29,4.6
798,21,2024,6,Solo,39,4.5
799,603,2024,2,Solo,36,5.0
800,412,2022,11,Family,1,4.6
801,963,2024,2,Friends,63,3.5
802,581,2023,2,Family,9,5.0
803,189,2023,2,Couples,31,3.3
804,838,2024,10,Friends,49,3.8
805,218,2022,10,Friends,61,3.2
806,766,2024,1,Business,15,3.0
807,259,2024,8,Solo,52,4.6
808,155,2023,10,Family,38,3.8
809,358,2022,11,Couples,46,5.0
810,486,2025,3,Family,21,3.4
811,853,2025,4,Family,64,4.9
812,605,2024,10,Friends,9,4.7
813,502,2025,4,Couples,80,4.2
814,425,2025,6,Business,93,3.7
815,678,2023,5,Couples,31,4.6
816,216,2023,3,Couples,77,2.6
817,988,2025,7,Friends,92,4.0
818,873,2023,2,Friends,27,4.3
819,885,2022,7,Family,27,4.0
820,326,2023,10,Friends,53,4.7
821,599,2025,6,Friends,2,3.5
822,577,2022,11,Solo,65,4.3
823,628,2022,3,Friends,94,3.4
824,492,2023,1,Business,45,3.3
825,458,2025,12,Couples,35,4.3
826,243,2024,9,Couples,54,3.3
827,705,2023,3,Solo,79,3.7
828,716,2022,10,Couples,7,4.7
829,176,2023,9,Family,79,4.0
830,629,2025,12,Family,36,2.8
831,188,2024,6,Couples,56,4.2
832,595,2022,3,Business,65,5.0
833,619,2025,4,Business,53,3.4
834,464,2023,6,Couples,41,3.5
835,612,2024,7,Business,44,3.6
836,188,2024,9,Family,31,2.9
837,561,2025,11,Friends,2,3.5
838,947,2023,3,Couples,84,3.6
839,123,2025,4,Family,82,2.6
840,867,2022,10,Solo,5,2.4
841,74,2022,5,Solo,43,3.2
842,100,2022,9,Business,18,4.4
843,114,2022,6,Friends,78,3.7
844,82,2022,12,Solo,57,3.6
845,75,2024,3,Solo,14,4.4
846,532,2025,9,Friends,58,3.9
847,461,2024,1,Solo,68,3.8
848,236,2023,5,Solo,5,4.4
849,649,2022,3,Business,32,4.4
850,697,2022,10,Couples,30,3.4
851,515,2025,9,Friends,46,4.1
852,31,2023,2,Couples,47,3.2
853,581,2023,12,Family,58,3.8
854,767,2023,7,Couples,70,5.0
855,515,2022,8,Family,26,4.1
856,810,2022,4,Family,76,4.7
857,871,2023,2,Business,98,3.6
858,626,2025,2,Couples,30,4.1
859,329,2025,9,Friends,20,4.0
860,992,2024,3,Family,26,3.9
861,682,2024,12,Friends,29,5.0
862,367,2024,7,Family,16,3.5
863,524,2022,10,Family,72,3.6
864,534,2022,12,Friends,79,4.6
865,791,2024,2,Couples,97,2.8
866,551,2023,1,Business,33,4.7
867,898,2023,2,Family,6,4.2
868,72,2023,1,Family,92,4.9
869,925,2023,6,Family,58,4.3
870,910,2024,7,Family,22,3.8
871,104,2022,5,Family,50,3.3
872,79,2023,9,Solo,52,4.3
873,51,2023,3,Family,58,2.9
874,497,2024,2,Solo,19,4.5
875,372,2022,3,Couples,76,4.5
876,91,2024,2,Business,92,4.3
877,297,2022,8,Couples,2,4.4
878,174,2024,6,Business,29,4.6
879,351,2022,11,Couples,42,4.0
880,755,2025,7,Solo,2,3.4
881,543,2022,3,Friends,26,4.0
882,914,2023,7,Business,9,3.2
883,833,2024,10,Business,21,3.4
884,540,2022,11,Business,45,3.8
885,756,2025,7,Friends,3,4.2
886,158,2022,5,Solo,69,3.4
887,611,2022,2,Family,91,5.0
888,677,2025,11,Business,92,4.5
889,130,2024,2,Friends,27,2.4
890,255,2023,4,Friends,61,5.0
891,386,2023,6,Couples,32,3.9
892,773,2024,12,Family,13,4.7
893,825,2025,5,Family,35,4.0
894,468,2022,8,Friends,31,3.2
895,161,2025,2,Friends,72,3.4
896,717,2022,8,Business,39,4.3
897,172,2025,2,Business,9,4.1
898,992,2025,1,Family,15,3.9
899,214,2022,10,Solo,80,3.1
900,528,2025,10,Friends,99,4.0
901,663,2024,1,Business,14,3.7
902,977,2023,4,Family,58,2.8
903,693,2022,2,Family,56,4.0
904,530,2022,6,Family,73,4.0
905,731,2024,8,Family,70,3.3
906,202,2022,11,Couples,88,3.6
907,218,2022,1,Business,61,4.1
908,424,2024,1,Friends,12,2.4
909,939,2025,1,Couples,100,2.5
910,665,2022,12,Friends,66,3.8
911,934,2025,6,Couples,3,3.9
912,813,2024,10,Friends,98,3.8
913,506,2024,10,Family,54,3.4
914,736,2023,8,Couples,17,3.2
915,442,2022,6,Friends,24,3.7
916,878,2022,10,Family,18,3.8
917,227,2025,4,Friends,64,2.8
918,860,2024,11,Friends,99,3.9
919,496,2023,7,Business,100,5.0
920,677,2022,2,Couples,79,4.4
921,364,2025,4,Family,2,3.9
922,602,2025,8,Solo,75,4.2
923,648,2024,5,Friends,29,4.2
924,835,2024,8,Couples,53,3.1
925,295,2022,10,Friends,25,3.9
926,700,2023,7,Couples,96,3.7
927,260,2023,8,Family,92,3.4
928,555,2023,6,Family,95,3.9
929,67,2025,12,Couples,12,4.4
930,849,2024,12,Couples,96,2.6
931,158,2025,6,Couples,81,4.5
932,290,2024,11,Family,40,4.8
933,24,2023,12,Business,65,3.9
934,711,2022,2,Family,23,4.1
935,746,2025,10,Couples,35,3.1
936,280,2023,6,Business,8,2.6
937,456,2024,4,Friends,4,3.5
938,103,2024,10,Couples,63,4.1
939,738,2024,8,Couples,7,3.2
940,462,2023,6,Solo,53,3.6
941,978,2024,6,Solo,25,2.9
942,250,2024,12,Friends,20,3.9
943,835,2024,7,Solo,87,3.9
944,58,2025,3,Family,9,3.2
945,816,2023,9,Friends,45,3.7
946,119,2025,11,Business,79,3.2
947,191,2024,3,Family,68,4.5
948,929,2024,6,Couples,10,4.1
949,105,2024,2,Business,82,3.5
950,221,2023,9,Friends,94,4.4
951,349,2023,2,Solo,97,4.2
952,865,2025,8,Friends,6,4.7
953,480,2022,11,Couples,27,3.0
954,785,2022,10,Family,8,3.7
955,376,2024,2,Solo,87,4.4
956,281,2025,7,Friends,67,3.5
957,994,2023,11,Friends,46,3.8
958,302,2025,6,Family,38,3.7
959,348,2023,12,Friends,40,3.8
960,374,2022,9,Couples,80,4.5
961,113,2022,5,Couples,93,4.0
962,115,2022,4,Couples,13,3.4
963,302,2023,9,Solo,8,3.2
964,921,2022,9,Friends,49,2.1
965,630,2024,5,Couples,36,3.3
966,56,2022,12,Couples,4,4.2
967,845,2024,6,Friends,52,3.3
968,22,2024,8,Family,93,3.7
969,93,2024,7,Family,64,3.9
970,874,2025,10,Family,62,3.4
971,233,2022,7,Couples,98,5.0
972,626,2025,11,Family,28,4.3
973,744,2022,4,Solo,79,2.9
974,736,2024,9,Business,14,4.1
975,85,2022,10,Solo,31,4.3
976,857,2024,7,Friends,99,5.0
977,480,2023,7,Couples,67,3.2
978,977,2024,1,Friends,52,3.9
979,810,2025,11,Couples,76,4.6
980,881,2024,2,Solo,64,3.7
981,145,2024,8,Couples,80,3.9
982,617,2023,12,Couples,100,2.4
983,503,2024,9,Couples,17,4.0
984,103,2024,6,Solo,18,4.1
985,427,2023,6,Family,35,4.0
986,656,2022,10,Couples,8,3.4
987,415,2025,9,Family,10,4.0
988,133,2022,10,Business,23,4.8
989,976,2023,6,Business,54,4.5
990,331,2024,11,Family,33,5.0
991,34,2023,1,Business,71,5.0
992,118,2022,3,Couples,89,3.8
993,212,2022,12,Friends,34,5.0
994,45,2024,11,Solo,91,3.7
995,703,2025,10,Family,87,4.0
996,687,2025,5,Family,34,4.8
997,872,2025,5,Friends,54,2.8
998,320,2024,6,Business,83,4.7
999,240,2025,11,Family,18,4.3
1000,138,2023,7,Couples,71,4.9
1001,676,2022,4,Couples,21,3.3
1002,225,2023,8,Business,71,4.2
1003,12,2024,4,Friends,35,3.6
1004,80,2025,2,Friends,97,3.9
1005,671,2025,2,Couples,93,5.0
1006,196,2022,2,Solo,75,4.0
1007,423,2022,1,Friends,77,3.6
1008,904,2022,2,Couples,77,3.9
1009,715,2023,10,Business,88,4.4
1010,669,2024,4,Couples,66,3.0
1011,625,2022,12,Family,57,3.0
1012,10,2024,1,Couples,92,4.3
1013,869,2022,4,Couples,84,4.2
1014,657,2022,9,Family,86,3.5
1015,854,2025,4,Friends,5,4.0
1016,601,2024,7,Business,26,3.2
1017,270,2025,1,Business,56,4.1
1018,340,2025,8,Family,29,4.0
1019,473,2022,2,Friends,19,4.0
1020,558,2022,1,Couples,91,3.4
1021,589,2022,8,Friends,27,3.6
1022,995,2024,12,Couples,48,5.0
1023,477,2022,8,Family,43,2.6
1024,203,2022,2,Business,57,4.7
1025,363,2025,8,Friends,70,3.4
1026,321,2023,6,Friends,6,3.9
1027,665,2023,8,Friends,79,3.6
1028,246,2023,1,Friends,99,3.1
1029,548,2025,6,Friends,58,5.0
1030,651,2025,1,Solo,36,4.2
1031,425,2025,8,Family,58,2.8
1032,778,2023,6,Couples,60,4.3
1033,811,2023,3,Business,31,2.6
1034,604,2023,9,Solo,10,3.8
1035,71,2023,2,Couples,15,3.4
1036,994,2023,7,Couples,43,3.3
1037,810,2024,1,Family,5,2.4
1038,148,2024,5,Friends,61,3.3
1039,895,2023,4,Couples,12,3.5
1040,270,2022,11,Business,36,3.2
1041,863,2022,8,Family,55,4.2
1042,587,2024,11,Family,51,3.5
1043,849,2023,7,Couples,58,3.1
1044,138,2023,12,Friends,59,4.3
1045,862,2025,10,Friends,32,2.9
1046,634,2022,8,Friends,2,4.8
1047,308,2022,6,Family,91,5.0
1048,168,2025,9,Couples,45,4.2
1049,150,2025,10,Solo,18,3.2
1050,638,2025,5,Family,7,3.7
1051,371,2024,3,Friends,37,3.9
1052,214,2025,1,Solo,62,3.5
1053,239,2025,2,Business,20,3.0
1054,37,2022,9,Couples,4,3.6
1055,765,2023,1,Friends,88,4.2
1056,999,2022,10,Friends,10,4.6
1057,700,2024,9,Friends,15,3.8
1058,215,2025,7,Solo,71,3.1
1059,987,2024,2,Solo,6,3.1
1060,819,2023,5,Couples,60,3.1
1061,169,2022,10,Solo,62,4.1
1062,666,2025,5,Solo,36,3.6
1063,446,2023,12,Family,80,4.5
1064,541,2023,10,Business,82,3.2
1065,769,2022,1,Family,39,3.3
1066,343,2025,1,Family,34,2.7
1067,317,2023,4,Couples,10,3.6
1068,753,2024,7,Couples,28,2.4
1069,619,2022,2,Business,17,3.6
1070,99,2024,1,Friends,61,3.6
1071,522,2022,11,Couples,8,4.5
1072,130,2022,4,Family,37,4.2
1073,890,2024,9,Friends,25,4.3
1074,754,2023,2,Family,2,4.4
1075,912,2022,5,Couples,76,3.6
1076,940,2023,5,Couples,8,4.5
1077,166,2022,11,Solo,11,2.9
1078,445,2023,4,Couples,70,2.3
1079,880,2024,3,Business,17,4.6
1080,414,2025,11,Family,25,2.8
1081,666,2023,9,Solo,56,3.8
1082,23,2022,9,Couples,47,3.2
1083,144,2025,3,Family,73,3.2
1084,482,2024,9,Family,72,4.7
1085,230,2023,8,Friends,96,3.8
1086,382,2024,11,Solo,10,3.2
1087,396,2022,3,Family,45,4.4
1088,274,2024,2,Family,20,3.7
1089,31,2025,10,Friends,58,2.6
1090,253,2025,12,Family,19,5.0
1091,3,2025,6,Couples,67,4.1
1092,702,2022,12,Solo,94,4.1
1093,139,2024,5,Couples,20,3.5
1094,667,2025,6,Family,44,3.0
1095,940,2025,11,Couples,48,5.0
1096,205,2025,12,Couples,73,4.6
1097,816,2023,10,Business,26,3.1
1098,723,2022,10,Family,77,3.7
1099,578,2023,6,Couples,10,4.5
1100,368,2024,1,Friends,84,5.0
1101,158,2022,11,Solo,62,3.3
1102,43,2025,3,Family,8,4.3
1103,596,2023,11,Friends,16,3.9
1104,307,2023,11,Solo,33,3.8
1105,850,2023,7,Friends,92,4.8
1106,199,2025,10,Family,15,3.0
1107,230,2025,9,Family,46,4.9
1108,985,2023,8,Business,52,3.5
1109,66,2025,1,Solo,22,4.0
1110,343,2024,9,Friends,5,4.0
1111,246,2022,4,Friends,48,4.7
1112,310,2025,2,Family,14,3.1
1113,338,2023,1,Friends,67,4.3
1114,971,2024,3,Couples,5,3.0
1115,349,2024,5,Business,15,3.0
1116,329,2024,10,Couples,41,4.4
1117,279,2025,9,Solo,85,4.3
1118,402,2024,9,Friends,63,3.2
1119,823,2024,12,Solo,79,3.1
1120,640,2025,4,Family,10,3.6
1121,365,2025,2,Solo,75,4.2
1122,11,2022,2,Solo,64,2.7
1123,89,2025,1,Friends,99,3.7
1124,837,2022,3,Family,5,3.0
1125,521,2023,1,Family,94,2.3
1126,345,2024,10,Couples,16,4.7
1127,464,2022,8,Family,14,3.0
1128,898,2023,3,Family,27,2.7
1129,328,2024,4,Solo,92,4.3
1130,324,2025,1,Family,63,3.4
1131,849,2025,4,Family,87,5.0
1132,664,2024,11,Couples,88,3.6
1133,778,2024,12,Family,41,3.6
1134,351,2023,5,Friends,44,4.9
1135,210,2023,7,Solo,47,3.9
1136,276,2024,7,Business,79,4.1
1137,266,2025,7,Friends,10,3.6
1138,299,2022,4,Friends,79,3.7
1139,332,2024,9,Business,68,3.3
1140,109,2025,12,Friends,61,4.0
1141,435,2023,1,Business,58,3.1
1142,875,2024,2,Family,82,3.0
1143,838,2024,7,Family,30,4.2
1144,777,2024,9,Business,31,4.1
1145,131,2022,5,Friends,35,3.9
1146,163,2025,6,Family,15,3.7
1147,981,2025,4,Friends,97,3.2
1148,482,2024,3,Family,64,3.1
1149,783,2025,9,Family,6,3.4
1150,604,2022,11,Family,51,4.9
1151,699,2023,12,Couples,70,4.6
1152,122,2025,10,Solo,83,3.4
1153,238,2025,4,Family,82,3.5
1154,573,2025,10,Family,93,2.8
1155,323,2022,9,Family,2,4.6
1156,601,2023,1,Couples,18,5.0
1157,871,2024,4,Business,3,3.7
1158,986,2023,1,Solo,10,4.2
1159,798,2024,7,Friends,5,4.2
1160,482,2025,8,Solo,23,3.7
1161,681,2024,11,Business,100,4.1
1162,13,2025,10,Solo,11,3.8
1163,792,2022,10,Business,93,3.7
1164,208,2022,7,Business,33,4.2
1165,329,2024,12,Family,59,4.5
1166,442,2024,2,Friends,89,4.0
1167,832,2025,2,Friends,71,5.0
1168,65,2022,9,Solo,4,2.7
1169,306,2024,10,Couples,86,3.3
1170,385,2022,6,Friends,70,4.6
1171,982,2024,11,Couples,37,2.3
1172,325,2025,2,Business,58,3.6
1173,938,2023,2,Friends,48,4.9
1174,577,2023,9,Business,33,3.5
1175,571,2022,5,Couples,92,5.0
1176,328,2024,8,Friends,49,4.0
1177,69,2025,6,Business,88,2.9
1178,746,2022,3,Family,3,3.8
1179,413,2023,9,Business,50,2.6
1180,785,2025,12,Solo,49,3.4
1181,643,2022,2,Friends,43,2.5
1182,247,2023,8,Solo,20,4.0
1183,374,2023,2,Family,80,2.7
1184,573,2023,3,Couples,15,5.0
1185,74,2023,11,Business,61,4.8
1186,237,2022,5,Couples,99,5.0
1187,647,2024,4,Friends,4,4.3
1188,292,2023,7,Family,54,3.8
1189,493,2023,3,Family,75,5.0
1190,115,2022,1,Business,27,3.6
1191,336,2022,10,Business,80,3.1
1192,666,2024,10,Couples,22,4.2
1193,668,2025,4,Couples,65,4.2
1194,597,2022,11,Couples,61,3.2
1195,912,2023,12,Couples,2,2.6
1196,337,2024,4,Couples,88,3.3
1197,7,2024,6,Couples,9,3.8
1198,178,2024,1,Solo,75,4.0
1199,523,2023,7,Family,33,2.6
1200,619,2024,1,Solo,80,4.0
1201,134,2022,2,Family,49,3.7
1202,766,2024,4,Family,69,3.0
1203,771,2025,7,Business,58,3.7
1204,557,2022,5,Couples,76,3.2
1205,52,2024,4,Couples,82,3.7
1206,832,2022,4,Couples,79,3.7
1207,949,2022,4,Family,51,4.0
1208,129,2025,5,Family,35,4.3
1209,571,2024,3,Couples,1,3.3
1210,189,2023,10,Business,93,3.2
1211,782,2022,6,Friends,91,4.1
1212,452,2022,11,Couples,21,4.2
1213,282,2023,3,Friends,41,3.2
1214,759,2024,1,Solo,60,3.8
1215,502,2023,1,Friends,19,3.5
1216,44,2022,6,Friends,16,3.9
1217,55,2023,7,Couples,51,3.8
1218,558,2022,4,Friends,97,4.6
1219,74,2024,3,Business,41,3.8
1220,467,2022,1,Solo,87,3.8
1221,248,2025,3,Solo,69,3.2
1222,956,2025,8,Family,18,4.2
1223,97,2022,12,Solo,69,3.9
1224,965,2022,5,Friends,33,2.0
1225,634,2022,4,Couples,26,3.9
1226,200,2025,5,Family,20,4.5
1227,248,2024,2,Friends,90,3.1
1228,746,2024,12,Couples,73,3.2
1229,649,2025,8,Solo,51,4.3
1230,754,2022,2,Couples,24,4.4
1231,639,2024,9,Couples,21,4.7
1232,512,2024,4,Friends,85,3.8
1233,997,2022,9,Solo,9,3.5
1234,745,2023,1,Friends,93,4.8
1235,486,2023,4,Friends,68,3.7
1236,740,2025,1,Family,64,4.2
1237,493,2024,4,Family,97,4.2
1238,867,2025,7,Friends,37,4.4
1239,951,2024,8,Friends,12,4.5
1240,482,2025,4,Family,19,3.2
1241,545,2025,4,Family,10,4.1
1242,436,2025,3,Couples,97,4.0
1243,265,2022,11,Family,9,3.2
1244,914,2022,12,Couples,33,5.0
1245,951,2024,2,Solo,5,3.9
1246,136,2023,9,Friends,3,3.9
1247,695,2024,2,Friends,40,4.2
1248,893,2024,6,Friends,57,3.6
1249,846,2024,9,Friends,53,3.4
1250,541,2025,1,Solo,16,3.8
1251,859,2022,8,Friends,89,4.0
1252,33,2023,8,Solo,86,3.5
1253,489,2023,7,Family,82,3.8
1254,558,2022,3,Business,67,3.4
1255,606,2024,11,Business,61,2.4
1256,610,2025,5,Couples,55,3.4
1257,768,2024,6,Couples,81,4.4
1258,888,2022,11,Business,50,2.6
1259,845,2024,1,Friends,8,4.5
1260,125,2024,7,Friends,41,4.7
1261,511,2022,1,Couples,69,3.7
1262,213,2023,5,Couples,66,3.8
1263,77,2022,8,Family,32,5.0
1264,415,2022,5,Business,97,4.2
1265,983,2024,7,Family,3,4.9
1266,542,2024,11,Couples,82,4.1
1267,486,2022,10,Friends,40,3.1
1268,747,2025,4,Couples,90,4.0
1269,77,2022,5,Business,33,5.0
1270,487,2024,6,Friends,83,4.2
1271,723,2024,9,Business,95,2.9
1272,822,2025,5,Business,74,3.3
1273,70,2023,3,Family,90,4.1
1274,552,2025,7,Family,38,4.0
1275,183,2024,12,Family,51,4.3
1276,571,2025,8,Business,19,4.0
1277,624,2022,8,Friends,44,3.6
1278,937,2022,4,Friends,66,2.5
1279,578,2022,4,Couples,42,3.3
1280,476,2022,10,Friends,38,4.1
1281,470,2022,2,Solo,89,4.1
1282,456,2024,11,Friends,13,2.9
1283,569,2022,2,Couples,71,3.2
1284,303,2023,6,Friends,87,3.6
1285,833,2025,5,Couples,29,3.8
1286,141,2023,6,Business,10,3.8
1287,281,2025,8,Couples,44,4.6
1288,397,2022,11,Family,21,3.6
1289,444,2025,10,Friends,33,3.3
1290,144,2022,9,Friends,24,3.2
1291,175,2022,5,Solo,76,3.8
1292,155,2023,9,Family,99,2.6
1293,883,2023,1,Family,60,4.6
1294,898,2024,11,Family,97,2.5
1295,992,2022,2,Family,18,3.5
1296,862,2024,11,Couples,76,5.0
1297,121,2022,4,Family,68,4.0
1298,703,2022,3,Family,47,3.6
1299,574,2022,9,Family,64,3.3
1300,898,2024,3,Solo,56,3.7
1301,658,2022,4,Business,7,2.9
1302,60,2024,11,Business,40,4.3
1303,234,2022,8,Business,55,2.8
1304,800,2023,2,Solo,74,4.5
1305,457,2023,8,Friends,7,3.2
1306,913,2024,2,Family,66,4.6
1307,918,2022,4,Family,4,3.5
1308,728,2024,6,Friends,92,4.0
1309,207,2024,5,Family,18,3.8
1310,759,2025,6,Family,35,3.0
1311,359,2025,5,Solo,9,2.8
1312,55,2022,12,Business,87,4.1
1313,861,2025,9,Friends,88,4.6
1314,527,2024,1,Family,1,4.4
1315,713,2023,7,Family,29,3.2
1316,839,2024,6,Business,12,4.0
1317,51,2025,3,Solo,81,4.1
1318,481,2023,4,Friends,84,4.1
1319,621,2023,1,Business,79,5.0
1320,966,2025,8,Couples,79,4.0
1321,266,2022,9,Couples,54,3.1
1322,158,2023,10,Solo,44,3.6
1323,669,2025,3,Business,2,3.4
1324,643,2023,12,Solo,80,3.9
1325,683,2024,4,Couples,62,3.7
1326,605,2022,7,Couples,44,3.0
1327,670,2023,3,Solo,29,3.0
1328,889,2022,9,Friends,73,3.8
1329,463,2024,5,Couples,54,3.1
1330,468,2023,3,Couples,64,4.3
1331,264,2024,9,Friends,29,3.9
1332,690,2023,2,Family,41,4.3
1333,435,2024,9,Friends,68,3.2
1334,651,2022,10,Business,93,4.6
1335,279,2025,4,Couples,56,3.8
1336,505,2025,1,Family,78,3.8
1337,675,2023,6,Family,72,4.5
1338,714,2024,4,Family,23,3.7
1339,361,2024,2,Friends,52,3.9
1340,838,2025,12,Family,11,2.7
1341,490,2022,5,Business,93,4.3
1342,522,2025,7,Solo,27,3.5
1343,192,2024,3,Family,26,4.0
1344,35,2025,12,Business,65,3.4
1345,761,2022,9,Solo,83,4.5
1346,1,2023,8,Couples,51,4.2
1347,985,2025,7,Family,86,3.8
1348,49,2022,4,Family,16,3.6
1349,354,2023,1,Friends,75,4.4
1350,982,2023,12,Family,58,4.2
1351,783,2022,9,Couples,42,3.5
1352,292,2025,4,Friends,73,3.5
1353,97,2023,10,Couples,95,3.3
1354,884,2023,10,Family,93,2.9
1355,989,2025,10,Couples,3,5.0
1356,747,2023,12,Couples,90,2.8
1357,584,2025,7,Solo,68,2.9
1358,858,2023,10,Couples,50,3.6
1359,427,2022,6,Couples,42,3.2
1360,403,2023,9,Friends,16,4.6
1361,407,2024,7,Friends,85,3.5
1362,393,2023,6,Solo,76,4.2
1363,709,2025,6,Business,52,4.1
1364,662,2023,10,Family,27,3.7
1365,573,2023,6,Family,51,3.4
1366,891,2024,9,Couples,56,4.0
1367,946,2025,11,Solo,4,3.4
1368,842,2025,6,Family,34,4.2
1369,784,2022,3,Business,59,3.4
1370,175,2024,6,Business,94,2.0
1371,403,2024,11,Family,62,3.0
1372,915,2024,12,Solo,55,4.2
1373,641,2022,3,Business,8,3.3
1374,268,2025,7,Couples,33,3.0
1375,957,2024,12,Business,10,3.3
1376,730,2025,8,Family,80,4.1
1377,416,2025,11,Friends,88,3.6
1378,346,2025,1,Business,81,3.2
1379,34,2025,4,Solo,10,3.2
1380,282,2023,12,Friends,83,4.8
1381,317,2022,6,Couples,58,3.3
1382,474,2022,10,Solo,99,2.9
1383,847,2024,6,Business,86,4.0
1384,765,2025,5,Friends,93,2.4
1385,69,2025,6,Couples,62,4.5
1386,792,2022,6,Friends,66,4.6
1387,899,2022,5,Business,37,4.7
1388,412,2023,10,Family,94,3.5
1389,929,2023,8,Couples,64,3.5
1390,373,2023,11,Friends,56,3.2
1391,176,2025,3,Business,31,2.9
1392,304,2025,6,Friends,71,4.8
1393,715,2022,10,Solo,71,3.1
1394,184,2022,9,Family,95,4.1
1395,930,2025,9,Business,45,4.4
1396,499,2022,12,Solo,11,4.2
1397,810,2025,5,Solo,13,3.5
1398,69,2022,12,Friends,37,3.9
1399,867,2023,2,Couples,40,3.8
1400,190,2024,5,Business,86,3.5
1401,812,2023,3,Couples,22,4.0
1402,682,2023,10,Family,82,1.9
1403,122,2024,7,Business,87,4.2
1404,933,2022,3,Friends,94,2.4
1405,664,2025,8,Family,21,4.3
1406,398,2023,4,Solo,42,4.8
1407,459,2023,5,Friends,17,4.0
1408,731,2024,10,Solo,80,4.7
1409,31,2023,12,Solo,47,3.7
1410,272,2025,9,Family,43,3.2
1411,81,2025,6,Couples,12,3.7
1412,571,2022,8,Business,89,4.5
1413,948,2023,5,Family,80,3.6
1414,348,2023,7,Business,81,4.9
1415,577,2025,9,Friends,93,2.5
1416,554,2024,8,Family,11,4.7
1417,72,2022,8,Friends,18,3.5
1418,92,2025,12,Couples,22,4.3
1419,281,2023,7,Friends,51,2.5
1420,221,2025,5,Family,24,4.5
1421,170,2022,10,Couples,45,4.0
1422,549,2023,7,Business,53,4.0
1423,699,2025,3,Solo,1,4.3
1424,602,2024,12,Couples,52,4.3
1425,875,2022,3,Couples,80,5.0
1426,26,2024,10,Couples,70,3.5
1427,51,2022,1,Business,5,3.8
1428,540,2022,3,Couples,78,2.6
1429,767,2025,11,Couples,91,3.1
1430,701,2023,1,Family,44,5.0
1431,648,2023,1,Friends,48,3.3
1432,383,2022,9,Solo,55,4.0
1433,527,2023,3,Friends,57,4.3
1434,685,2025,1,Family,95,3.2
1435,782,2022,5,Family,59,2.5
1436,390,2022,12,Couples,55,3.9
1437,12,2022,8,Friends,20,4.0
1438,999,2022,6,Family,47,5.0
1439,521,2024,4,Friends,24,3.6
1440,485,2023,12,Business,78,3.9
1441,573,2025,5,Solo,81,3.8
1442,391,2022,3,Family,65,3.9
1443,847,2023,10,Friends,95,4.5
1444,785,2023,8,Couples,60,4.3
1445,341,2023,11,Friends,51,3.0
1446,560,2022,2,Couples,57,4.6
1447,527,2022,3,Family,69,4.2
1448,455,2023,8,Family,26,4.6
1449,516,2024,5,Family,21,4.8
1450,185,2024,12,Business,42,4.0
1451,324,2025,2,Solo,53,5.0
1452,798,2024,8,Couples,88,4.4
1453,550,2025,7,Couples,80,4.0
1454,277,2023,10,Friends,15,3.3
1455,527,2025,11,Couples,63,3.2
1456,969,2022,8,Friends,53,5.0
1457,43,2022,10,Family,7,3.1
1458,732,2022,6,Couples,80,3.4
1459,255,2023,3,Solo,2,3.2
1460,620,2022,4,Couples,69,3.0
1461,594,2024,9,Business,83,4.1
1462,617,2024,3,Friends,69,3.5
1463,259,2025,11,Business,4,2.9
1464,495,2022,10,Solo,26,2.6
1465,266,2025,9,Family,72,3.0
1466,330,2022,7,Solo,20,4.4
1467,641,2023,3,Couples,2,3.8
1468,883,2025,12,Family,18,2.9
1469,989,2025,10,Couples,89,4.6
1470,278,2022,6,Family,93,4.6
1471,803,2024,10,Family,67,3.6
1472,280,2025,5,Family,77,4.4
1473,457,2022,2,Couples,57,3.9
1474,250,2022,11,Friends,12,4.3
1475,698,2023,2,Couples,44,5.0
1476,887,2025,10,Solo,90,2.2
1477,35,2023,3,Business,83,5.0
1478,522,2023,7,Couples,67,3.7
1479,46,2025,10,Business,83,2.8
1480,135,2025,10,Family,55,3.8
1481,849,2024,5,Solo,28,3.6
1482,306,2024,4,Family,28,4.5
1483,887,2023,1,Family,39,2.9
1484,156,2023,1,Couples,74,4.4
1485,455,2025,12,Family,72,3.0
1486,214,2022,11,Solo,37,3.3
1487,86,2024,8,Family,94,5.0
1488,560,2023,3,Friends,99,3.8
1489,545,2022,12,Solo,44,2.4
1490,917,2024,12,Couples,2,3.8
1491,204,2025,3,Family,44,3.4
1492,188,2022,11,Friends,11,3.0
1493,768,2025,4,Couples,72,3.8
1494,889,2025,5,Couples,43,3.9
1495,803,2023,2,Friends,23,3.9
1496,932,2022,3,Solo,67,3.6
1497,851,2025,5,Couples,2,4.2
1498,54,2024,4,Couples,74,4.1
1499,703,2023,7,Business,25,4.0
1500,889,2024,6,Business,26,5.0
1501,677,2022,9,Couples,77,3.2
1502,566,2025,7,Friends,86,3.2
1503,144,2022,9,Couples,90,3.3
1504,222,2025,10,Couples,52,4.6
1505,541,2024,8,Business,19,3.7
1506,739,2023,5,Solo,96,3.7
1507,160,2025,4,Couples,96,3.8
1508,210,2023,3,Family,1,3.5
1509,774,2023,8,Friends,50,4.8
1510,808,2025,7,Family,34,3.5
1511,155,2023,12,Friends,78,4.3
1512,420,2025,3,Couples,7,5.0
1513,536,2023,8,Business,86,3.5
1514,203,2022,6,Friends,32,4.3
1515,309,2025,8,Friends,51,4.3
1516,103,2024,5,Friends,64,3.8
1517,245,2022,4,Couples,49,3.7
1518,706,2023,5,Solo,100,3.8
1519,786,2022,10,Solo,32,3.5
1520,265,2025,8,Couples,88,3.8
1521,531,2025,9,Family,63,4.2
1522,46,2024,5,Family,46,3.5
1523,3,2022,7,Family,28,3.1
1524,114,2024,11,Family,5,4.3
1525,715,2024,10,Solo,59,4.1
1526,621,2022,1,Couples,89,3.5
1527,16,2023,8,Friends,44,3.1
1528,824,2025,2,Couples,64,4.6
1529,568,2025,7,Family,32,3.3
1530,673,2022,7,Couples,87,3.8
1531,898,2023,11,Business,13,4.2
1532,78,2022,8,Business,30,2.3
1533,998,2023,2,Couples,26,4.8
1534,940,2024,11,Family,89,4.3
1535,272,2024,1,Business,38,4.6
1536,638,2024,12,Family,60,4.0
1537,103,2023,6,Family,98,3.3
1538,701,2025,1,Couples,8,4.0
1539,463,2025,9,Solo,100,3.7
1540,439,2023,5,Solo,51,4.1
1541,540,2022,7,Business,84,2.5
1542,580,2023,6,Solo,98,4.3
1543,690,2023,12,Couples,87,4.8
1544,949,2022,1,Family,25,4.7
1545,759,2023,11,Family,38,4.5
1546,822,2022,4,Couples,30,4.9
1547,492,2025,6,Friends,100,2.8
1548,201,2025,10,Family,89,3.3
1549,768,2025,3,Solo,12,4.0
1550,897,2024,4,Family,29,4.7
1551,784,2025,5,Couples,63,5.0
1552,121,2023,6,Couples,79,3.9
1553,497,2022,11,Business,20,5.0
1554,385,2023,11,Friends,13,3.4
1555,518,2023,3,Friends,97,4.2
1556,87,2025,3,Family,68,3.5
1557,57,2025,8,Business,98,4.7
1558,758,2022,4,Family,19,3.1
1559,818,2023,1,Friends,80,3.7
1560,274,2025,12,Friends,66,3.0
1561,822,2022,12,Solo,26,4.7
1562,695,2023,8,Family,54,3.8
1563,81,2025,6,Friends,18,4.3
1564,911,2025,12,Friends,53,2.6
1565,360,2023,6,Family,70,4.0
1566,677,2023,3,Couples,43,4.1
1567,967,2025,12,Friends,34,3.2
1568,855,2022,2,Friends,96,4.3
1569,303,2022,5,Family,58,4.0
1570,755,2025,12,Business,21,4.1
1571,822,2025,8,Family,10,3.5
1572,251,2023,4,Friends,23,4.3
1573,582,2024,3,Business,28,3.4
1574,664,2022,1,Family,17,3.0
1575,633,2024,2,Family,60,2.4
1576,321,2025,8,Family,27,5.0
1577,403,2025,7,Solo,59,3.7
1578,369,2022,1,Solo,39,4.5
1579,267,2025,11,Friends,10,5.0
1580,430,2023,12,Family,52,4.0
1581,154,2023,11,Family,55,2.9
1582,581,2023,5,Friends,74,3.5
1583,899,2023,9,Business,95,4.1
1584,938,2023,4,Family,34,4.2
1585,173,2022,10,Couples,75,3.0
1586,162,2023,2,Solo,73,3.3
1587,206,2022,12,Family,40,4.0
1588,328,2022,5,Couples,65,2.6
1589,901,2025,11,Family,24,4.5
1590,911,2025,8,Business,51,5.0
1591,515,2022,9,Business,65,4.6
1592,318,2022,9,Solo,13,4.5
1593,89,2025,4,Family,47,3.8
1594,134,2025,12,Family,27,4.7
1595,176,2023,1,Family,67,3.8
1596,369,2023,6,Friends,67,4.5
1597,460,2022,10,Solo,54,3.7
1598,288,2025,6,Family,75,3.3
1599,851,2025,6,Business,70,3.9
1600,545,2025,4,Solo,77,3.2
1601,659,2025,11,Solo,43,4.8
1602,362,2024,4,Solo,3,3.3
1603,176,2023,8,Couples,67,5.0
1604,752,2023,3,Family,13,3.8
1605,412,2023,2,Family,21,3.4
1606,526,2024,8,Family,89,3.2
1607,279,2024,12,Couples,95,4.2
1608,550,2024,9,Couples,83,4.3
1609,372,2022,11,Friends,87,4.6
1610,128,2024,5,Solo,83,4.1
1611,506,2023,10,Friends,14,3.3
1612,846,2022,4,Couples,56,4.3
1613,248,2024,4,Business,17,4.2
1614,752,2022,10,Friends,62,3.7
1615,413,2025,12,Family,78,4.7
1616,397,2024,2,Family,46,4.2
1617,464,2023,9,Family,79,3.8
1618,972,2022,4,Friends,100,3.5
1619,149,2024,8,Business,27,4.2
1620,322,2023,1,Couples,12,3.3
1621,580,2023,11,Family,37,3.9
1622,235,2024,1,Solo,56,4.4
1623,941,2025,2,Family,27,4.0
1624,899,2023,1,Solo,91,3.8
1625,115,2023,6,Friends,7,4.5
1626,555,2022,9,Couples,91,4.3
1627,221,2025,5,Family,96,3.1
1628,568,2024,9,Family,93,4.7
1629,131,2025,11,Family,90,3.6
1630,246,2024,11,Couples,16,4.3
1631,895,2022,10,Business,55,4.2
1632,876,2025,10,Friends,22,4.1
1633,923,2024,9,Family,39,3.4
1634,467,2024,2,Friends,50,3.2
1635,928,2025,7,Couples,96,3.7
1636,43,2023,11,Solo,51,3.7
1637,868,2022,3,Couples,63,2.5
1638,986,2025,7,Solo,71,4.6
1639,67,2023,7,Business,10,4.9
1640,697,2025,6,Couples,91,4.2
1641,638,2023,1,Business,27,2.1
1642,771,2024,12,Business,91,4.2
1643,927,2022,6,Business,10,3.6
1644,855,2022,6,Friends,76,3.7
1645,881,2023,7,Family,49,3.9
1646,16,2023,6,Family,94,3.3
1647,133,2024,2,Family,56,4.2
1648,981,2024,5,Friends,60,3.7
1649,826,2023,5,Friends,20,4.2
1650,971,2022,6,Friends,54,3.2
1651,304,2025,6,Business,54,3.4
1652,852,2024,12,Solo,13,2.9
1653,154,2023,4,Friends,53,3.6
1654,16,2025,12,Business,91,4.2
1655,266,2024,5,Couples,25,3.4
1656,132,2023,4,Couples,68,5.0
1657,30,2025,5,Family,45,3.4
1658,584,2023,1,Couples,48,2.3
1659,230,2022,7,Solo,80,3.4
1660,175,2025,12,Family,67,3.6
1661,973,2024,6,Family,48,3.6
1662,511,2025,5,Couples,20,3.3
1663,220,2022,7,Couples,69,3.8
1664,680,2023,12,Family,82,3.2
1665,878,2024,7,Business,38,3.9
1666,812,2024,2,Friends,31,3.5
1667,209,2024,4,Family,61,4.0
1668,446,2025,7,Friends,13,5.0
1669,53,2025,12,Solo,90,3.5
1670,802,2023,4,Couples,87,3.1
1671,35,2025,1,Family,75,4.7
1672,999,2024,3,Couples,48,4.2
1673,455,2025,2,Business,92,2.8
1674,474,2025,3,Business,76,2.5
1675,963,2023,2,Family,91,4.5
1676,426,2023,10,Friends,84,4.1
1677,341,2024,4,Business,58,4.0
1678,958,2025,10,Family,91,5.0
1679,474,2025,1,Friends,100,3.2
1680,770,2024,12,Couples,65,3.7
1681,662,2024,1,Couples,18,2.6
1682,171,2022,2,Family,85,3.1
1683,572,2024,6,Family,88,4.3
1684,578,2023,2,Couples,40,4.6
1685,237,2023,10,Business,87,3.8
1686,792,2024,9,Friends,34,4.4
1687,818,2024,4,Couples,4,4.4
1688,344,2024,11,Solo,28,4.5
1689,930,2022,6,Couples,81,3.7
1690,606,2024,9,Friends,47,4.3
1691,899,2024,3,Family,32,3.0
1692,101,2024,2,Friends,66,3.5
1693,599,2024,5,Solo,74,3.8
1694,178,2025,8,Family,35,3.6
1695,202,2025,7,Couples,66,4.6
1696,369,2024,5,Family,29,4.3
1697,353,2025,10,Friends,8,3.7
1698,949,2023,3,Friends,39,4.3
1699,21,2023,4,Couples,73,4.3
1700,605,2024,6,Friends,83,3.1
1701,333,2023,5,Family,26,3.8
1702,795,2025,2,Couples,71,3.0
1703,397,2025,9,Solo,81,2.1
1704,175,2022,10,Couples,3,3.1
1705,547,2024,2,Friends,14,3.9
1706,452,2024,11,Family,36,3.7
1707,495,2024,5,Family,33,4.2
1708,142,2025,12,Family,86,4.0
1709,10,2022,2,Couples,24,3.1
1710,698,2023,5,Business,13,5.0
1711,307,2024,4,Family,36,3.5
1712,330,2025,5,Couples,50,4.0
1713,709,2025,9,Family,88,3.7
1714,75,2024,12,Couples,3,3.0
1715,741,2024,2,Friends,6,5.0
1716,387,2023,4,Family,72,3.9
1717,735,2022,10,Couples,89,4.6
1718,873,2025,5,Family,71,4.8
1719,642,2023,12,Family,99,4.2
1720,59,2025,7,Solo,9,3.9
1721,834,2024,8,Family,75,4.2
1722,107,2022,5,Family,34,3.3
1723,147,2024,2,Family,71,2.7
1724,428,2023,4,Solo,9,4.7
1725,348,2025,9,Business,50,3.8
1726,273,2025,2,Business,9,2.8
1727,265,2025,6,Solo,30,3.7
1728,483,2022,9,Couples,36,4.1
1729,644,2022,4,Family,78,3.1
1730,141,2023,11,Couples,68,3.2
1731,504,2023,8,Business,14,4.3
1732,71,2022,3,Family,76,3.5
1733,874,2024,10,Solo,100,3.9
1734,669,2023,10,Family,51,3.8
1735,16,2025,2,Family,65,4.4
1736,32,2024,10,Family,80,3.2
1737,618,2025,12,Family,63,3.5
1738,755,2023,12,Family,57,4.5
1739,854,2022,12,Family,26,3.8
1740,910,2025,7,Couples,2,4.6
1741,869,2025,9,Friends,33,2.8
1742,743,2022,8,Friends,77,4.6
1743,954,2022,3,Family,18,3.4
1744,215,2025,10,Friends,25,3.3
1745,344,2023,1,Friends,66,4.2
1746,944,2024,10,Couples,40,3.8
1747,935,2025,7,Couples,63,4.2
1748,692,2022,10,Family,16,4.3
1749,794,2022,4,Family,28,2.1
1750,122,2025,6,Solo,57,3.3
1751,569,2025,4,Couples,54,3.7
1752,698,2023,6,Solo,98,4.9
1753,764,2023,5,Business,15,5.0
1754,859,2025,12,Family,99,4.1
1755,1,2025,4,Friends,41,3.6
1756,151,2024,7,Business,60,3.6
1757,30,2022,7,Friends,89,3.1
1758,800,2025,4,Business,56,4.2
1759,916,2025,5,Business,79,3.8
1760,249,2023,3,Couples,94,4.4
1761,852,2025,4,Couples,92,4.4
1762,297,2024,2,Family,52,4.2
1763,646,2023,8,Family,74,5.0
1764,999,2022,5,Couples,66,4.2
1765,714,2024,2,Solo,43,4.3
1766,354,2023,5,Couples,35,4.1
1767,895,2024,4,Family,87,3.3
1768,913,2023,3,Couples,19,5.0
1769,494,2025,7,Family,47,3.6
1770,29,2025,1,Solo,70,2.4
1771,920,2023,9,Couples,57,3.4
1772,548,2025,11,Family,37,2.9
1773,159,2023,1,Couples,73,4.3
1774,302,2023,11,Family,59,4.9
1775,120,2023,5,Business,56,3.3
1776,648,2025,8,Business,8,3.4
1777,763,2022,7,Family,16,3.3
1778,753,2025,2,Solo,27,3.2
1779,993,2025,3,Solo,26,4.2
1780,8,2022,1,Business,38,2.6
1781,579,2023,8,Family,46,3.6
1782,39,2024,4,Solo,92,3.2
1783,77,2024,5,Family,84,3.0
1784,378,2023,3,Couples,54,3.8
1785,857,2025,7,Family,18,3.4
1786,653,2023,4,Friends,16,3.5
1787,578,2024,7,Solo,99,4.2
1788,14,2023,3,Couples,4,4.6
1789,740,2024,7,Business,34,3.8
1790,409,2024,8,Family,60,4.0
1791,142,2023,6,Friends,54,4.8
1792,465,2025,7,Couples,80,3.5
1793,124,2024,4,Couples,73,4.9
1794,561,2022,2,Solo,100,4.3
1795,98,2022,7,Couples,72,3.1
1796,948,2022,3,Couples,23,4.3
1797,801,2022,3,Couples,46,3.8
1798,322,2022,2,Friends,39,3.6
1799,443,2022,8,Business,32,3.2
1800,722,2025,9,Family,64,5.0
1801,41,2025,4,Family,100,4.2
1802,671,2024,10,Couples,88,4.5
1803,136,2022,12,Couples,55,3.8
1804,295,2022,6,Family,15,4.6
1805,728,2025,5,Couples,72,3.1
1806,201,2025,7,Friends,99,2.4
1807,595,2023,11,Business,48,3.2
1808,834,2025,6,Family,64,5.0
1809,768,2022,6,Family,73,3.9
1810,967,2025,6,Friends,75,4.6
1811,627,2023,12,Couples,39,3.6
1812,803,2024,4,Business,51,4.3
1813,985,2023,5,Couples,13,4.5
1814,787,2024,2,Family,23,4.4
1815,99,2023,5,Solo,51,4.4
1816,239,2022,5,Family,88,4.7
1817,561,2024,8,Solo,38,3.8
1818,852,2022,2,Couples,33,5.0
1819,106,2022,8,Solo,3,4.0
1820,2,2022,1,Couples,50,4.5
1821,180,2022,8,Solo,85,4.8
1822,813,2024,2,Family,44,3.7
1823,281,2024,12,Couples,27,2.3
1824,659,2022,9,Couples,6,3.9
1825,933,2022,9,Business,27,3.1
1826,245,2023,2,Solo,44,4.4
1827,386,2023,6,Couples,56,3.3
1828,525,2025,1,Friends,71,3.2
1829,651,2025,3,Solo,70,4.6
1830,987,2024,5,Friends,42,3.4
1831,873,2025,10,Family,27,3.9
1832,502,2025,10,Solo,92,3.4
1833,695,2023,4,Friends,81,3.5
1834,415,2024,12,Couples,6,3.9
1835,565,2024,4,Family,99,3.5
1836,271,2024,8,Couples,96,3.3
1837,286,2023,2,Friends,70,2.6
1838,497,2025,1,Couples,85,3.3
1839,552,2023,8,Couples,24,3.2
1840,566,2022,1,Friends,53,4.2
1841,444,2023,1,Couples,90,4.6
1842,478,2023,8,Couples,60,3.8
1843,851,2023,6,Friends,25,3.3
1844,314,2022,9,Friends,94,2.7
1845,832,2025,8,Couples,98,3.8
1846,880,2022,7,Couples,68,3.6
1847,974,2022,12,Couples,40,4.9
1848,808,2023,4,Friends,38,4.6
1849,926,2024,3,Solo,19,3.5
1850,294,2025,5,Couples,16,4.6
1851,609,2022,12,Solo,6,2.9
1852,157,2023,3,Friends,4,3.8
1853,657,2025,10,Couples,35,3.6
1854,853,2025,12,Solo,85,3.6
1855,5,2022,2,Family,73,3.1
1856,1000,2025,8,Couples,24,2.6
1857,44,2025,3,Couples,57,4.2
1858,466,2024,9,Friends,40,2.7
1859,532,2022,1,Couples,77,3.4
1860,719,2024,6,Couples,36,4.0
1861,550,2025,10,Couples,35,4.2
1862,500,2024,7,Business,59,4.1
1863,517,2025,11,Business,68,3.5
1864,162,2023,8,Couples,86,5.0
1865,423,2024,4,Couples,26,4.5
1866,96,2023,8,Couples,6,4.4
1867,795,2024,9,Friends,71,3.9
1868,146,2024,3,Friends,12,3.8
1869,345,2023,10,Family,10,3.3
1870,937,2024,5,Family,9,2.9
1871,73,2024,8,Couples,72,3.0
1872,673,2024,3,Family,96,2.5
1873,562,2023,8,Friends,47,3.7
1874,346,2023,12,Family,81,2.8
1875,432,2022,3,Couples,19,3.3
1876,881,2025,10,Friends,58,3.7
1877,13,2023,10,Business,26,4.1
1878,3,2024,10,Family,91,4.7
1879,685,2025,7,Business,22,3.2
1880,60,2025,5,Family,73,4.6
1881,567,2024,8,Couples,80,3.5
1882,429,2024,7,Couples,73,4.1
1883,581,2022,12,Solo,56,4.0
1884,190,2024,5,Solo,12,3.9
1885,38,2025,6,Solo,85,2.7
1886,742,2022,1,Business,60,3.2
1887,146,2024,5,Friends,57,3.4
1888,314,2024,5,Solo,3,3.2
1889,758,2022,7,Family,83,4.8
1890,219,2024,4,Family,91,2.5
1891,27,2023,1,Couples,46,4.4
1892,79,2025,6,Family,77,4.1
1893,450,2023,11,Couples,90,4.3
1894,814,2025,12,Solo,43,3.6
1895,48,2025,1,Couples,70,3.6
1896,812,2022,6,Couples,81,5.0
1897,743,2023,4,Family,94,2.7
1898,902,2024,6,Family,13,3.4
1899,756,2023,10,Family,100,3.4
1900,894,2022,2,Family,65,3.4
1901,610,2022,6,Friends,43,3.9
1902,575,2024,9,Couples,19,4.6
1903,619,2025,9,Solo,92,3.5
1904,167,2025,8,Solo,90,3.1
1905,271,2023,1,Friends,7,2.8
1906,722,2023,5,Couples,56,3.9
1907,258,2022,9,Solo,92,4.5
1908,43,2023,1,Family,65,4.3
1909,144,2023,2,Friends,28,2.1
1910,827,2024,2,Couples,69,2.6
1911,586,2025,5,Family,7,3.9
1912,24,2022,10,Friends,26,2.9
1913,378,2022,5,Family,10,3.4
1914,583,2023,8,Business,48,5.0
1915,598,2024,9,Couples,23,3.4
1916,555,2025,3,Friends,7,3.4
1917,300,2025,7,Family,39,3.6
1918,776,2023,8,Couples,45,3.2
1919,828,2023,11,Couples,2,3.9
1920,780,2025,7,Friends,96,3.9
1921,217,2023,4,Family,4,3.9
1922,871,2024,1,Business,34,3.2
1923,431,2022,6,Business,91,3.6
1924,270,2022,4,Family,78,4.1
1925,975,2023,10,Couples,32,4.5
1926,635,2023,12,Friends,88,3.8
1927,193,2025,7,Couples,33,4.1
1928,811,2022,3,Family,89,4.2
1929,920,2025,3,Family,11,4.9
1930,865,2025,8,Family,96,2.8
1931,339,2025,12,Solo,70,3.6
1932,982,2025,10,Family,42,3.8
1933,669,2022,1,Family,80,4.2
1934,565,2022,8,Solo,85,3.3
1935,873,2022,1,Friends,64,4.6
1936,377,2023,2,Family,70,5.0
1937,761,2022,12,Solo,5,4.4
1938,189,2025,12,Couples,16,3.0
1939,95,2025,3,Couples,34,4.8
1940,506,2022,4,Solo,46,3.0
1941,458,2022,9,Couples,22,3.6
1942,757,2023,6,Couples,65,3.9
1943,814,2022,6,Couples,5,3.6
1944,620,2023,3,Family,80,3.4
1945,645,2023,9,Business,11,4.2
1946,715,2024,5,Couples,96,4.4
1947,788,2025,2,Family,98,3.9
1948,169,2022,9,Business,59,5.0
1949,787,2024,5,Business,14,3.8
1950,528,2022,7,Solo,14,4.2
1951,725,2025,8,Solo,15,4.6
1952,627,2023,6,Solo,69,3.7
1953,775,2023,2,Solo,7,3.8
1954,297,2022,11,Friends,14,3.3
1955,704,2024,5,Friends,29,4.0
1956,960,2023,8,Couples,22,3.6
1957,985,2022,10,Business,56,3.9
1958,80,2023,2,Family,50,4.9
1959,977,2025,2,Solo,7,3.5
1960,44,2023,4,Business,99,2.5
1961,18,2024,4,Family,93,4.1
1962,563,2025,4,Couples,19,2.9
1963,141,2023,2,Friends,62,4.7
1964,33,2025,2,Business,74,2.7
1965,313,2025,9,Family,19,3.8
1966,772,2022,12,Family,5,4.8
1967,117,2024,7,Business,61,3.0
1968,511,2024,12,Family,82,4.2
1969,522,2025,2,Family,71,4.1
1970,30,2024,12,Family,82,3.8
1971,660,2023,3,Solo,49,3.4
1972,100,2025,7,Couples,61,4.3
1973,424,2025,7,Business,59,4.5
1974,548,2022,10,Couples,32,4.0
1975,521,2024,2,Solo,75,4.3
1976,235,2024,12,Couples,75,3.6
1977,224,2025,12,Business,25,3.6
1978,930,2023,2,Couples,100,3.0
1979,389,2023,11,Solo,20,3.6
1980,678,2025,10,Business,55,3.6
1981,849,2024,3,Couples,22,4.6
1982,420,2023,9,Family,70,3.1
1983,844,2023,8,Solo,61,3.9
1984,409,2023,5,Business,69,3.1
1985,8,2024,4,Family,9,4.1
1986,371,2022,3,Solo,15,4.3
1987,211,2025,1,Family,57,3.6
1988,335,2024,7,Solo,10,3.7
1989,387,2022,11,Family,18,4.0
1990,847,2022,7,Family,10,3.9
1991,541,2025,10,Business,96,3.4
1992,963,2022,2,Friends,85,3.9
1993,591,2022,6,Friends,57,2.8
1994,723,2025,12,Friends,26,3.8
1995,220,2023,12,Solo,14,4.1
1996,564,2022,8,Solo,63,4.8
1997,807,2022,12,Family,41,3.4
1998,865,2022,1,Solo,18,4.1
1999,496,2023,4,Family,74,3.3
2000,145,2024,1,Couples,95,2.8
2001,125,2024,5,Friends,22,3.1
2002,625,2022,4,Solo,32,3.3
2003,962,2023,4,Business,90,5.0
2004,845,2024,12,Couples,91,4.0
2005,207,2025,9,Couples,46,2.9
2006,259,2024,12,Friends,98,2.0
2007,241,2022,12,Business,7,3.5
2008,307,2025,8,Business,88,2.4
2009,691,2025,4,Business,63,4.0
2010,483,2022,3,Family,79,3.7
2011,412,2023,1,Family,74,4.6
2012,963,2025,9,Couples,69,3.7
2013,664,2022,5,Business,44,3.7
2014,533,2024,5,Solo,60,4.1
2015,245,2022,1,Solo,6,2.0
2016,290,2024,3,Solo,56,4.0
2017,6,2024,4,Family,6,4.4
2018,864,2024,10,Business,10,2.9
2019,988,2025,5,Family,30,3.7
2020,499,2024,7,Friends,22,3.7
2021,272,2024,12,Family,20,4.2
2022,453,2024,2,Friends,11,2.9
2023,676,2024,12,Business,48,2.3
2024,654,2022,5,Business,63,3.8
2025,463,2024,1,Friends,58,3.9
2026,234,2025,11,Solo,42,4.0
2027,893,2024,3,Couples,73,4.5
2028,858,2025,8,Couples,8,5.0
2029,944,2023,6,Friends,30,4.3
2030,304,2022,8,Business,4,4.2
2031,198,2025,5,Couples,47,4.3
2032,340,2022,5,Family,28,3.8
2033,86,2023,5,Solo,82,3.3
2034,895,2025,6,Business,28,4.3
2035,788,2023,7,Business,82,3.5
2036,785,2022,2,Family,48,4.3
2037,223,2022,2,Business,3,5.0
2038,55,2022,8,Solo,58,3.8
2039,797,2024,10,Couples,23,4.5
2040,301,2024,5,Family,67,4.1
2041,267,2023,3,Business,86,5.0
2042,512,2025,11,Couples,83,3.8
2043,38,2022,5,Couples,43,4.5
2044,715,2025,7,Couples,81,2.6
2045,158,2022,9,Couples,21,3.6
2046,627,2022,3,Family,8,4.2
2047,951,2024,4,Solo,30,3.1
2048,438,2023,7,Business,48,4.2
2049,122,2025,7,Business,16,3.5
2050,375,2024,12,Friends,35,3.3
2051,958,2023,4,Solo,51,2.9
2052,570,2025,2,Business,39,4.2
2053,564,2024,6,Solo,86,2.7
2054,850,2022,9,Friends,23,3.7
2055,647,2023,1,Couples,41,4.4
2056,142,2022,10,Solo,20,4.7
2057,988,2023,5,Friends,63,3.2
2058,808,2025,9,Friends,27,4.5
2059,113,2024,5,Family,52,4.2
2060,31,2025,5,Business,61,4.1
2061,610,2024,7,Business,34,3.4
2062,112,2025,1,Couples,29,4.3
2063,690,2025,2,Couples,90,3.6
2064,506,2025,12,Couples,10,4.5
2065,12,2025,3,Solo,75,4.0
2066,705,2022,4,Couples,42,3.6
2067,691,2025,12,Business,91,4.2
2068,247,2025,11,Couples,82,4.8
2069,847,2024,6,Family,99,4.3
2070,154,2025,4,Family,92,3.4
2071,46,2022,12,Couples,35,3.6
2072,273,2023,6,Friends,10,2.9
2073,565,2025,4,Family,1,4.0
2074,578,2022,12,Couples,19,3.8
2075,493,2024,4,Business,22,3.2
2076,381,2022,7,Family,40,4.4
2077,530,2023,11,Friends,41,2.9
2078,254,2024,9,Couples,73,4.1
2079,446,2025,6,Business,26,3.7
2080,792,2024,9,Couples,27,3.2
2081,378,2022,3,Friends,12,4.7
2082,631,2022,4,Friends,40,3.9
2083,925,2025,12,Family,62,3.8
2084,217,2023,2,Couples,65,4.1
2085,886,2025,11,Business,37,4.4
2086,899,2022,8,Business,71,5.0
2087,477,2022,10,Family,50,3.8
2088,232,2025,4,Couples,14,3.6
2089,940,2022,1,Couples,98,3.9
2090,649,2023,1,Friends,28,3.3
2091,333,2023,6,Solo,55,3.2
2092,877,2024,12,Couples,81,4.2
2093,508,2024,4,Couples,81,5.0
2094,351,2024,2,Couples,4,4.9
2095,906,2022,4,Family,94,3.7
2096,178,2025,11,Family,21,4.0
2097,332,2022,3,Couples,30,4.3
2098,892,2025,6,Couples,15,3.6
2099,186,2023,1,Family,46,5.0
2100,695,2023,6,Couples,2,3.8
2101,925,2024,7,Business,67,4.3
2102,228,2022,2,Friends,87,4.1
2103,722,2025,11,Friends,62,5.0
2104,684,2025,6,Solo,10,4.2
2105,34,2024,6,Couples,96,4.3
2106,24,2024,10,Family,88,5.0
2107,327,2023,12,Family,74,4.0
2108,339,2023,10,Solo,68,1.9
2109,632,2024,9,Friends,55,4.5
2110,527,2023,5,Family,37,4.9
2111,352,2022,9,Couples,21,3.7
2112,260,2022,10,Business,43,4.5
2113,492,2024,5,Friends,55,5.0
2114,211,2025,3,Solo,39,3.9
2115,762,2022,2,Family,57,3.8
2116,954,2023,7,Couples,30,2.4
2117,69,2023,4,Couples,35,3.9
2118,424,2022,6,Couples,29,4.6
2119,881,2025,4,Couples,69,4.1
2120,326,2022,8,Couples,55,3.2
2121,379,2024,4,Friends,34,3.1
2122,259,2022,3,Solo,30,3.5
2123,416,2022,9,Couples,42,3.2
2124,992,2024,8,Friends,31,2.7
2125,537,2025,10,Business,36,2.3
2126,400,2023,8,Solo,16,3.7
2127,759,2023,1,Business,75,4.1
2128,476,2023,1,Business,45,4.4
2129,904,2025,11,Solo,40,3.8
2130,586,2022,12,Couples,36,3.6
2131,313,2024,2,Friends,74,3.4
2132,593,2024,5,Friends,10,3.7
2133,828,2022,12,Family,31,4.2
2134,794,2025,4,Solo,51,4.3
2135,643,2022,9,Friends,14,3.0
2136,187,2024,2,Couples,81,3.6
2137,637,2023,10,Couples,66,3.2
2138,793,2022,9,Couples,44,4.5
2139,236,2022,5,Family,26,3.2
2140,543,2025,7,Solo,19,3.0
2141,862,2025,3,Family,85,3.6
2142,399,2023,12,Family,94,3.3
2143,824,2022,2,Couples,23,3.8
2144,162,2022,1,Friends,75,3.6
2145,450,2022,5,Couples,98,5.0
2146,786,2024,5,Couples,53,3.6
2147,287,2023,1,Business,91,3.1
2148,181,2022,2,Family,85,4.3
2149,260,2023,4,Family,77,3.1
2150,923,2024,1,Couples,60,4.5
2151,851,2022,8,Couples,52,3.5
2152,196,2025,4,Friends,45,3.6
2153,865,2022,1,Solo,71,3.4
2154,66,2025,7,Business,9,3.6
2155,749,2024,8,Family,43,2.9
2156,155,2025,1,Family,15,4.3
2157,848,2023,2,Couples,15,3.9
2158,410,2025,7,Couples,86,3.1
2159,905,2025,12,Friends,20,4.0
2160,916,2025,12,Family,60,3.5
2161,753,2025,3,Couples,17,4.6
2162,879,2023,2,Business,11,3.7
2163,196,2022,12,Couples,17,3.5
2164,264,2023,8,Couples,55,3.5
2165,671,2025,4,Friends,48,4.8
2166,597,2022,10,Couples,13,3.6
2167,238,2024,7,Family,22,4.2
2168,842,2023,10,Solo,39,4.3
2169,197,2023,2,Couples,65,4.0
2170,657,2024,9,Solo,79,3.2
2171,296,2024,3,Solo,84,4.2
2172,813,2024,2,Business,52,2.3
2173,168,2025,11,Friends,14,4.0
2174,217,2023,1,Friends,66,3.9
2175,152,2025,8,Business,91,4.8
2176,148,2024,1,Couples,16,4.8
2177,1000,2022,7,Solo,44,3.6
2178,337,2022,4,Family,98,4.7
2179,684,2022,4,Business,4,3.4
2180,289,2025,1,Family,84,4.0
2181,802,2022,8,Business,91,3.8
2182,785,2025,3,Family,21,3.1
2183,491,2024,10,Friends,92,4.0
2184,637,2023,7,Solo,44,5.0
2185,275,2025,6,Couples,76,3.7
2186,989,2024,12,Solo,21,3.2
2187,62,2023,12,Business,58,3.9
2188,727,2023,6,Couples,34,3.4
2189,25,2025,10,Family,62,4.4
2190,311,2023,3,Friends,88,3.5
2191,672,2024,11,Couples,24,3.5
2192,671,2023,10,Business,74,4.7
2193,288,2022,5,Friends,91,3.0
2194,699,2023,12,Business,77,3.5
2195,470,2025,11,Business,82,4.4
2196,68,2023,4,Friends,5,4.2
2197,799,2025,11,Couples,66,4.0
2198,187,2022,8,Family,64,3.1
2199,108,2022,5,Friends,88,3.6
2200,447,2025,3,Couples,25,3.4
2201,876,2023,9,Solo,66,2.6
2202,253,2024,4,Family,72,3.6
2203,246,2022,12,Solo,85,3.4
2204,188,2024,5,Friends,4,4.9
2205,15,2023,6,Solo,64,4.1
2206,921,2023,4,Business,28,3.7
2207,901,2024,10,Family,65,3.7
2208,482,2024,3,Business,69,4.3
2209,513,2023,10,Friends,22,4.2
2210,768,2024,10,Solo,23,2.9
2211,294,2024,2,Friends,40,3.4
2212,134,2023,12,Business,3,4.4
2213,863,2023,3,Couples,75,3.8
2214,12,2023,7,Couples,67,3.7
2215,290,2022,7,Friends,32,5.0
2216,928,2025,1,Solo,43,3.6
2217,249,2022,8,Couples,74,4.7
2218,457,2024,11,Family,46,4.3
2219,996,2024,6,Family,26,3.4
2220,995,2024,3,Business,73,3.4
2221,683,2024,2,Family,12,4.0
2222,813,2024,7,Solo,86,3.8
2223,227,2025,4,Couples,23,3.5
2224,40,2023,1,Family,54,3.8
2225,119,2025,2,Friends,50,2.7
2226,45,2023,6,Friends,9,3.5
2227,234,2023,5,Couples,35,3.9
2228,36,2024,5,Business,90,3.7
2229,402,2023,8,Family,1,3.0
2230,574,2024,5,Solo,1,4.5
2231,992,2023,4,Couples,84,3.8
2232,219,2023,11,Solo,10,3.2
2233,587,2022,1,Solo,6,4.2
2234,830,2022,8,Family,83,3.6
2235,930,2025,9,Couples,22,4.7
2236,906,2022,2,Solo,45,3.3
2237,645,2025,2,Friends,10,3.6
2238,345,2022,8,Business,64,2.8
2239,160,2022,8,Family,70,4.1
2240,283,2022,12,Business,8,3.2
2241,967,2023,6,Couples,47,4.8
2242,131,2025,4,Family,14,2.8
2243,720,2025,9,Couples,5,4.6
2244,617,2024,12,Business,90,2.7
2245,895,2024,1,Business,55,4.2
2246,627,2023,5,Business,53,3.6
2247,787,2022,7,Family,1,1.8
2248,327,2023,6,Solo,57,4.1
2249,241,2025,4,Family,77,3.5
2250,640,2023,11,Couples,45,4.1
2251,993,2022,12,Solo,93,4.3
2252,7,2023,3,Family,30,4.5
2253,568,2023,2,Business,73,4.2
2254,38,2024,9,Family,62,5.0
2255,961,2025,3,Couples,62,2.3
2256,808,2022,9,Family,81,2.3
2257,473,2022,6,Business,100,3.9
2258,302,2022,1,Friends,38,3.5
2259,292,2024,4,Business,74,3.2
2260,925,2023,1,Business,56,4.1
2261,385,2022,3,Friends,63,3.9
2262,224,2025,6,Couples,33,4.9
2263,366,2024,7,Friends,4,3.8
2264,586,2024,4,Friends,99,4.0
2265,460,2022,10,Couples,65,3.2
2266,598,2023,9,Solo,26,4.0
2267,756,2024,6,Couples,63,4.2
2268,587,2025,3,Couples,87,4.8
2269,419,2025,6,Solo,36,4.1
2270,774,2023,6,Couples,57,2.9
2271,241,2023,5,Solo,74,3.8
2272,883,2025,8,Couples,19,5.0
2273,347,2023,11,Family,48,3.2
2274,773,2023,8,Friends,53,2.5
2275,519,2023,5,Family,22,3.8
2276,74,2024,2,Family,5,3.7
2277,991,2023,6,Family,21,4.2
2278,606,2025,7,Solo,19,3.4
2279,949,2024,1,Solo,93,3.3
2280,63,2024,3,Couples,98,3.6
2281,633,2022,7,Couples,24,3.5
2282,504,2025,11,Friends,33,5.0
2283,169,2022,2,Friends,12,3.5
2284,42,2024,4,Couples,98,4.2
2285,934,2023,9,Family,32,3.6
2286,404,2024,9,Family,20,4.8
2287,15,2025,1,Couples,98,4.3
2288,277,2022,3,Couples,5,3.5
2289,369,2025,9,Friends,48,3.9
2290,865,2025,7,Friends,21,3.6
2291,121,2023,2,Family,15,4.3
2292,540,2025,8,Family,100,3.3
2293,563,2022,9,Friends,43,3.6
2294,12,2022,2,Family,81,3.1
2295,209,2024,1,Couples,35,2.8
2296,915,2022,3,Solo,42,3.9
2297,581,2025,3,Solo,52,3.9
2298,49,2022,9,Friends,18,3.1
2299,517,2025,11,Family,89,5.0
2300,727,2025,8,Couples,11,2.4
2301,533,2022,10,Business,20,3.1
2302,940,2023,5,Friends,62,2.8
2303,378,2024,1,Family,4,4.0
2304,367,2022,7,Family,12,3.0
2305,532,2025,6,Business,66,3.4
2306,20,2023,1,Family,36,4.4
2307,242,2022,11,Friends,3,3.1
2308,886,2024,7,Family,1,3.2
2309,212,2022,11,Couples,87,4.1
2310,246,2022,9,Family,4,4.4
2311,694,2025,2,Couples,64,3.7
2312,276,2024,8,Family,16,3.8
2313,578,2023,9,Family,99,3.9
2314,190,2023,6,Family,34,2.4
2315,276,2022,4,Family,50,3.8
2316,427,2024,12,Couples,62,4.7
2317,959,2023,7,Couples,2,2.6
2318,894,2023,8,Couples,51,3.7
2319,933,2024,7,Solo,53,4.0
2320,993,2022,3,Solo,54,4.4
2321,612,2022,2,Friends,95,3.3
2322,453,2022,10,Family,41,3.0
2323,670,2025,5,Couples,77,4.6
2324,212,2022,7,Friends,84,3.9
2325,892,2023,10,Business,32,4.9
2326,984,2025,7,Family,95,4.5
2327,713,2024,4,Family,21,5.0
2328,381,2024,3,Friends,11,4.0
2329,445,2022,1,Solo,87,4.7
2330,698,2022,1,Family,54,3.4
2331,718,2022,11,Friends,14,2.6
2332,813,2024,8,Couples,13,4.5
2333,565,2022,9,Couples,51,3.9
2334,526,2025,11,Couples,3,3.4
2335,691,2024,10,Family,42,2.5
2336,998,2025,7,Friends,48,3.8
2337,33,2023,4,Couples,3,3.7
2338,657,2022,4,Solo,17,4.7
2339,436,2024,3,Business,27,3.2
2340,650,2025,6,Friends,29,3.1
2341,21,2022,12,Friends,24,3.4
2342,246,2023,1,Family,73,3.1
2343,805,2025,10,Business,83,3.8
2344,748,2023,10,Friends,37,3.3
2345,733,2024,5,Friends,88,5.0
2346,904,2022,1,Couples,96,3.2
2347,277,2023,2,Couples,24,4.0
2348,492,2024,8,Business,57,4.6
2349,308,2023,3,Friends,95,3.8
2350,751,2023,3,Friends,52,4.4
2351,167,2022,11,Family,8,4.5
2352,945,2023,8,Business,29,3.5
2353,693,2025,6,Couples,34,4.1
2354,547,2025,8,Friends,70,4.4
2355,762,2024,7,Solo,61,3.3
2356,790,2024,6,Friends,32,2.8
2357,271,2024,6,Friends,44,4.8
2358,34,2022,4,Couples,100,3.8
2359,220,2022,11,Friends,19,4.3
2360,515,2024,12,Couples,91,4.4
2361,582,2023,7,Friends,47,3.1
2362,81,2022,1,Family,51,3.9
2363,896,2025,9,Family,90,3.8
2364,629,2023,2,Couples,67,3.4
2365,714,2025,11,Couples,66,5.0
2366,105,2023,12,Family,19,4.2
2367,527,2024,5,Friends,85,4.4
2368,893,2023,1,Solo,33,5.0
2369,554,2025,8,Friends,94,3.5
2370,607,2024,1,Couples,89,3.0
2371,631,2022,4,Friends,69,4.4
2372,392,2025,1,Couples,98,3.6
2373,947,2022,5,Family,37,4.0
2374,524,2022,7,Couples,52,4.9
2375,738,2024,1,Family,43,3.5
2376,875,2023,2,Couples,93,3.0
2377,837,2024,7,Family,30,4.3
2378,788,2025,5,Family,23,4.0
2379,399,2024,11,Family,17,2.8
2380,49,2022,6,Solo,6,3.1
2381,865,2024,6,Friends,77,5.0
2382,899,2022,1,Business,58,3.6
2383,685,2022,10,Friends,78,3.4
2384,102,2024,6,Friends,54,4.3
2385,557,2024,4,Business,87,4.1
2386,886,2024,1,Couples,96,1.9
2387,812,2024,12,Couples,41,4.1
2388,708,2023,7,Solo,63,3.5
2389,467,2025,12,Family,95,4.3
2390,155,2022,12,Family,51,3.1
2391,49,2024,9,Solo,15,4.0
2392,757,2024,5,Family,1,4.8
2393,780,2023,1,Friends,48,3.2
2394,107,2023,6,Friends,63,4.1
2395,427,2024,1,Couples,94,4.0
2396,309,2024,11,Family,26,3.7
2397,628,2022,11,Family,8,3.6
2398,27,2022,1,Couples,73,4.7
2399,476,2024,5,Family,44,4.2
2400,498,2025,8,Friends,80,5.0
2401,729,2025,9,Business,79,3.6
2402,287,2025,3,Business,66,3.4
2403,458,2025,6,Family,55,2.6
2404,577,2024,4,Business,3,2.6
2405,805,2024,10,Friends,15,4.0
2406,824,2025,8,Solo,90,4.5
2407,857,2022,10,Family,76,3.3
2408,219,2024,3,Family,60,4.4
2409,646,2022,6,Friends,15,3.7
2410,44,2023,3,Business,52,4.0
2411,47,2025,8,Family,91,4.0
2412,668,2024,12,Friends,50,4.0
2413,59,2023,12,Couples,5,3.1
2414,559,2022,9,Friends,76,3.1
2415,15,2022,2,Couples,51,4.6
2416,533,2023,8,Friends,7,3.7
2417,407,2023,9,Family,52,4.1
2418,2,2023,3,Solo,87,3.0
2419,487,2022,9,Solo,49,3.4
2420,173,2023,6,Business,96,4.5
2421,761,2024,1,Friends,4,3.8
2422,310,2024,6,Couples,25,2.9
2423,194,2022,4,Business,57,3.8
2424,14,2022,4,Solo,99,4.4
2425,19,2023,4,Solo,24,5.0
2426,720,2025,4,Couples,67,3.3
2427,250,2023,6,Solo,62,4.0
2428,181,2025,12,Solo,67,2.9
2429,633,2024,6,Family,19,3.8
2430,330,2024,7,Friends,18,4.0
2431,722,2023,11,Business,11,3.4
2432,833,2023,5,Couples,55,3.4
2433,934,2024,7,Friends,9,2.2
2434,959,2025,7,Family,33,4.9
2435,265,2023,8,Couples,64,3.6
2436,128,2022,10,Solo,46,4.0
2437,488,2023,6,Business,67,2.7
2438,551,2022,9,Family,36,4.2
2439,794,2022,4,Friends,63,3.7
2440,415,2025,5,Family,28,3.9
2441,505,2023,12,Business,88,4.4
2442,840,2024,12,Couples,52,3.0
2443,346,2023,11,Couples,92,4.0
2444,902,2024,12,Couples,49,3.5
2445,20,2024,12,Friends,77,4.1
2446,941,2025,8,Business,40,3.4
2447,877,2023,2,Friends,68,3.4
2448,829,2022,6,Solo,42,4.7
2449,199,2022,1,Couples,45,3.2
2450,280,2025,10,Family,65,3.8
2451,201,2025,10,Solo,14,4.2
2452,938,2023,9,Family,99,3.0
2453,894,2023,2,Couples,52,4.6
2454,162,2022,1,Solo,2,2.5
2455,454,2022,3,Solo,87,3.2
2456,510,2024,4,Friends,27,2.8
2457,512,2025,1,Solo,87,3.4
2458,17,2023,10,Business,95,4.4
2459,219,2025,6,Solo,6,3.9
2460,696,2024,10,Family,7,3.0
2461,448,2023,2,Family,26,4.0
2462,715,2024,8,Friends,13,5.0
2463,157,2023,5,Family,56,4.2
2464,718,2023,6,Family,38,3.8
2465,936,2022,5,Friends,26,3.5
2466,448,2022,6,Business,44,4.5
2467,784,2023,1,Couples,15,5.0
2468,769,2023,7,Family,71,4.1
2469,374,2024,7,Solo,30,4.1
2470,138,2023,2,Couples,6,4.5
2471,809,2023,2,Friends,83,3.1
2472,10,2023,10,Business,10,4.3
2473,408,2022,4,Family,19,3.2
2474,596,2022,2,Business,6,3.0
2475,542,2024,10,Family,9,2.9
2476,740,2025,1,Couples,50,4.4
2477,979,2023,1,Couples,46,3.3
2478,637,2022,6,Family,16,2.5
2479,392,2024,11,Couples,72,3.3
2480,732,2025,4,Business,50,3.2
2481,110,2024,8,Couples,19,3.1
2482,99,2024,10,Solo,83,3.2
2483,798,2025,2,Couples,94,4.1
2484,922,2024,11,Family,3,3.0
2485,932,2023,6,Friends,13,3.9
2486,901,2023,8,Solo,20,3.4
2487,792,2024,1,Couples,79,3.1
2488,384,2023,10,Friends,90,3.9
2489,968,2024,8,Couples,55,3.8
2490,312,2023,1,Friends,38,3.2
2491,175,2023,4,Family,54,2.4
2492,640,2025,5,Family,85,3.9
2493,318,2025,3,Couples,90,4.5
2494,880,2022,10,Couples,48,3.8
2495,89,2022,10,Friends,90,3.8
2496,41,2023,8,Solo,99,3.3
2497,591,2024,3,Family,45,3.6
2498,122,2025,9,Couples,77,4.5
2499,197,2024,9,Business,98,4.6
2500,954,2022,3,Couples,67,3.0
2501,49,2025,2,Friends,80,4.3
2502,821,2022,9,Friends,52,3.7
2503,773,2023,8,Family,7,3.7
2504,429,2023,2,Business,28,2.7
2505,640,2025,6,Business,77,4.7
2506,442,2023,9,Family,36,5.0
2507,264,2024,9,Solo,58,3.9
2508,421,2025,2,Couples,49,4.0
2509,874,2023,11,Family,74,4.4
2510,496,2024,5,Friends,42,2.7
2511,351,2024,6,Family,87,3.9
2512,393,2022,2,Couples,74,4.0
2513,425,2025,12,Couples,10,2.6
2514,505,2024,1,Solo,98,3.6
2515,300,2022,12,Business,51,3.2
2516,123,2023,9,Friends,69,3.7
2517,687,2025,5,Friends,13,4.3
2518,373,2022,12,Friends,10,4.1
2519,527,2022,10,Business,46,3.7
2520,917,2023,1,Couples,85,4.0
2521,936,2023,9,Couples,22,3.2
2522,505,2023,8,Solo,70,4.3
2523,341,2023,10,Friends,18,3.8
2524,845,2023,7,Friends,79,2.6
2525,651,2025,4,Couples,32,3.5
2526,894,2024,5,Friends,99,3.9
2527,17,2023,12,Friends,18,3.6
2528,174,2022,12,Couples,75,2.7
2529,714,2022,5,Business,24,3.3
2530,67,2024,3,Family,72,5.0
2531,590,2025,1,Solo,67,5.0
2532,758,2024,9,Solo,64,4.0
2533,741,2024,9,Family,50,3.2
2534,204,2023,8,Couples,6,4.8
2535,128,2023,8,Friends,67,4.8
2536,118,2025,6,Family,39,4.0
2537,531,2022,4,Friends,91,3.8
2538,98,2024,9,Couples,72,3.4
2539,576,2024,3,Solo,68,3.9
2540,423,2024,10,Solo,100,4.1
2541,576,2025,9,Family,19,2.7
2542,807,2022,1,Couples,30,3.2
2543,111,2023,7,Couples,21,4.5
2544,962,2022,10,Friends,1,3.7
2545,933,2024,1,Solo,48,3.6
2546,657,2023,1,Couples,92,3.3
2547,873,2024,5,Couples,27,3.6
2548,888,2025,9,Couples,74,3.9
2549,854,2025,11,Friends,26,4.9
2550,503,2024,11,Friends,27,3.3
2551,700,2024,8,Family,76,3.8
2552,408,2024,2,Friends,93,3.8
2553,78,2023,1,Family,82,4.0
2554,483,2022,11,Business,4,3.3
2555,861,2022,8,Business,38,4.2
2556,277,2023,2,Couples,3,4.0
2557,443,2025,3,Couples,16,3.8
2558,396,2025,8,Family,33,3.0
2559,316,2023,7,Family,52,4.4
2560,214,2024,7,Family,26,3.5
2561,730,2025,8,Solo,88,4.7
2562,724,2025,10,Couples,63,4.7
2563,605,2024,6,Family,5,5.0
2564,252,2023,12,Family,62,4.4
2565,994,2023,8,Family,49,5.0
2566,868,2025,10,Couples,29,4.8
2567,283,2024,7,Couples,95,4.9
2568,938,2024,12,Family,74,4.4
2569,407,2022,5,Solo,73,3.6
2570,172,2023,10,Couples,86,3.5
2571,493,2022,3,Couples,14,3.8
2572,645,2024,10,Family,50,4.7
2573,925,2023,9,Family,72,3.1
2574,671,2023,1,Couples,70,5.0
2575,293,2024,4,Business,79,3.7
2576,454,2025,2,Family,23,4.5
2577,855,2022,8,Solo,86,3.0
2578,59,2025,11,Friends,64,3.0
2579,146,2023,10,Business,91,3.6
2580,868,2022,5,Friends,100,4.5
2581,638,2023,9,Couples,46,4.0
2582,163,2023,10,Couples,81,3.7
2583,708,2024,8,Solo,75,3.5
2584,421,2022,7,Business,13,3.7
2585,426,2025,12,Friends,38,3.2
2586,978,2025,2,Couples,98,4.3
2587,257,2023,10,Family,43,4.5
2588,400,2024,1,Family,39,3.4
2589,489,2022,9,Friends,98,3.2
2590,296,2022,12,Couples,30,3.8
2591,525,2023,10,Couples,4,3.2
2592,717,2025,4,Friends,17,3.2
2593,290,2024,6,Business,35,2.9
2594,432,2022,7,Friends,33,3.2
2595,411,2022,11,Business,1,2.9
2596,252,2023,2,Family,14,4.1
2597,869,2025,6,Business,25,2.6
2598,799,2022,5,Family,78,4.8
2599,678,2025,8,Solo,42,2.1
2600,617,2024,6,Friends,16,3.0
2601,516,2024,2,Business,10,3.4
2602,29,2025,5,Family,16,3.3
2603,450,2023,3,Business,59,2.1
2604,673,2025,9,Solo,87,3.3
2605,49,2023,7,Solo,65,3.7
2606,121,2025,12,Family,3,4.7
2607,657,2024,3,Friends,32,4.0
2608,879,2022,7,Couples,71,3.6
2609,121,2024,11,Couples,85,3.3
2610,546,2025,11,Friends,62,3.2
2611,709,2022,8,Friends,63,3.2
2612,221,2023,10,Solo,5,3.0
2613,128,2022,6,Family,59,5.0
2614,363,2025,1,Solo,53,4.0
2615,747,2023,3,Family,40,5.0
2616,8,2023,6,Business,5,3.5
2617,273,2022,10,Business,38,2.7
2618,958,2022,4,Family,91,3.5
2619,417,2024,11,Business,3,4.3
2620,709,2022,12,Family,88,3.4
2621,835,2022,3,Solo,2,4.2
2622,950,2024,4,Business,45,3.5
2623,581,2025,1,Friends,38,3.7
2624,752,2024,2,Couples,22,4.3
2625,882,2023,5,Business,10,2.6
2626,272,2024,2,Solo,25,4.6
2627,103,2024,8,Friends,98,3.5
2628,82,2024,5,Couples,77,4.9
2629,395,2022,5,Friends,1,3.0
2630,80,2024,11,Solo,31,3.4
2631,437,2025,1,Solo,93,3.2
2632,601,2025,7,Couples,42,4.6
2633,276,2023,8,Family,25,2.8
2634,399,2023,11,Friends,51,3.6
2635,466,2024,11,Couples,92,4.4
2636,371,2023,6,Family,26,4.4
2637,573,2024,10,Couples,78,5.0
2638,135,2024,8,Business,83,4.1
2639,381,2024,5,Family,77,3.4
2640,383,2025,4,Solo,67,3.0
2641,602,2023,8,Friends,89,3.7
2642,890,2023,6,Solo,97,5.0
2643,77,2024,2,Friends,76,3.7
2644,678,2023,9,Family,41,4.0
2645,523,2024,8,Family,71,4.3
2646,133,2024,3,Family,61,5.0
2647,922,2023,7,Couples,61,5.0
2648,746,2022,9,Business,3,3.2
2649,830,2022,1,Friends,58,3.3
2650,106,2022,1,Business,34,2.7
2651,29,2023,11,Friends,25,4.0
2652,421,2024,8,Couples,62,3.2
2653,760,2022,1,Couples,45,3.8
2654,789,2022,8,Solo,89,3.5
2655,630,2025,3,Family,50,4.1
2656,600,2022,7,Friends,75,4.0
2657,694,2025,5,Couples,96,4.2
2658,818,2024,4,Family,81,3.7
2659,355,2024,2,Family,20,4.2
2660,943,2023,10,Couples,83,3.4
2661,742,2022,4,Business,29,4.0
2662,103,2025,3,Family,40,4.7
2663,397,2025,1,Family,64,2.6
2664,258,2025,10,Friends,68,2.9
2665,390,2022,2,Couples,87,4.1
2666,420,2023,6,Couples,24,4.6
2667,339,2023,10,Business,45,3.0
2668,549,2024,4,Friends,47,4.8
2669,424,2022,1,Couples,90,4.9
2670,278,2023,1,Family,81,3.8
2671,858,2023,6,Friends,94,2.5
2672,978,2023,5,Family,6,4.4
2673,587,2023,3,Business,38,3.8
2674,952,2024,9,Couples,31,4.1
2675,58,2024,4,Couples,73,4.0
2676,354,2024,1,Business,63,4.0
2677,184,2023,3,Business,21,1.4
2678,43,2023,5,Couples,57,3.5
2679,69,2024,12,Business,56,4.5
2680,748,2024,9,Family,90,4.2
2681,440,2022,7,Business,7,4.3
2682,286,2023,7,Family,10,3.5
2683,419,2024,4,Couples,88,3.0
2684,689,2023,4,Friends,90,5.0
2685,995,2024,12,Couples,43,4.3
2686,301,2024,1,Family,88,4.4
2687,278,2024,10,Couples,23,3.2
2688,691,2022,7,Solo,13,3.2
2689,924,2024,11,Business,44,5.0
2690,843,2022,12,Friends,56,4.5
2691,55,2023,11,Solo,35,4.9
2692,113,2023,6,Couples,41,4.4
2693,917,2024,11,Couples,41,4.7
2694,938,2023,11,Family,36,3.3
2695,493,2024,4,Solo,39,3.6
2696,931,2024,4,Business,72,4.6
2697,531,2024,10,Solo,62,4.7
2698,243,2025,4,Friends,40,3.7
2699,906,2025,9,Family,66,3.7
2700,420,2025,3,Couples,49,4.7
2701,7,2022,3,Family,91,3.7
2702,397,2024,1,Couples,12,3.6
2703,887,2024,11,Friends,14,4.5
2704,115,2022,9,Friends,39,3.9
2705,482,2025,11,Business,98,4.1
2706,959,2024,6,Couples,99,4.1
2707,343,2022,3,Couples,26,5.0
2708,50,2022,11,Family,58,4.0
2709,569,2023,2,Family,86,3.1
2710,968,2023,7,Couples,54,4.1
2711,716,2022,9,Friends,9,4.8
2712,779,2025,3,Business,62,3.6
2713,858,2025,4,Business,74,4.6
2714,222,2025,8,Couples,17,5.0
2715,375,2023,11,Friends,95,3.5
2716,641,2024,6,Friends,79,4.9
2717,550,2025,6,Family,33,4.5
2718,10,2023,2,Family,52,4.6
2719,317,2025,2,Family,100,3.2
2720,936,2024,5,Family,65,2.9
2721,204,2024,10,Business,85,4.1
2722,128,2023,6,Couples,36,4.6
2723,115,2024,3,Friends,32,4.2
2724,933,2024,8,Couples,96,3.7
2725,678,2023,2,Friends,30,3.4
2726,870,2024,7,Family,49,1.7
2727,133,2025,9,Solo,42,3.6
2728,3,2025,3,Friends,86,4.1
2729,560,2025,7,Friends,71,3.9
2730,295,2022,12,Couples,68,3.8
2731,574,2023,6,Couples,81,3.5
2732,808,2024,12,Friends,89,2.7
2733,63,2024,12,Business,64,3.0
2734,51,2023,5,Solo,45,5.0
2735,138,2022,9,Family,7,3.3
2736,213,2022,12,Friends,87,4.0
2737,819,2025,8,Business,38,3.6
2738,688,2024,11,Friends,83,4.3
2739,665,2023,3,Family,68,4.0
2740,950,2025,10,Family,67,3.6
2741,359,2023,1,Couples,19,4.1
2742,479,2022,4,Couples,12,3.8
2743,905,2023,2,Friends,20,4.2
2744,875,2023,9,Friends,22,3.6
2745,472,2023,12,Couples,60,4.4
2746,271,2024,12,Couples,37,3.8
2747,960,2023,2,Business,81,4.0
2748,281,2025,5,Solo,37,4.1
2749,752,2024,11,Friends,98,4.8
2750,670,2025,7,Couples,100,3.4
2751,405,2022,3,Couples,31,4.2
2752,391,2025,3,Solo,7,4.0
2753,367,2024,6,Business,49,3.4
2754,860,2024,3,Solo,97,2.8
2755,512,2023,6,Solo,85,3.6
2756,181,2023,4,Couples,77,4.0
2757,525,2023,11,Family,92,4.1
2758,304,2024,1,Family,14,3.8
2759,449,2022,5,Couples,34,4.0
2760,135,2023,6,Couples,14,4.2
2761,499,2023,11,Family,100,2.9
2762,1,2022,9,Solo,34,4.5
2763,266,2023,12,Family,10,5.0
2764,633,2022,8,Business,24,4.1
2765,623,2022,8,Business,58,3.5
2766,878,2025,4,Friends,80,4.8
2767,751,2025,6,Business,92,3.6
2768,923,2023,6,Business,18,3.6
2769,139,2025,1,Business,86,4.6
2770,134,2025,11,Solo,57,3.6
2771,458,2024,3,Friends,92,3.6
2772,321,2025,8,Couples,93,3.6
2773,852,2025,9,Couples,57,4.2
2774,560,2023,7,Family,23,4.1
2775,368,2023,12,Friends,75,4.5
2776,411,2022,8,Solo,12,3.9
2777,637,2024,12,Friends,29,3.7
2778,770,2025,9,Couples,33,3.0
2779,296,2022,6,Friends,49,4.2
2780,694,2025,7,Solo,76,3.1
2781,366,2023,1,Family,92,4.3
2782,112,2023,6,Couples,86,4.3
2783,421,2023,5,Couples,7,2.3
2784,428,2022,5,Business,40,4.3
2785,43,2024,12,Family,84,2.5
2786,739,2025,7,Business,44,3.4
2787,970,2025,4,Family,33,3.8
2788,540,2022,1,Business,68,2.1
2789,882,2022,10,Family,80,3.5
2790,215,2024,10,Friends,90,4.0
2791,75,2023,7,Couples,88,3.9
2792,952,2024,3,Couples,2,3.6
2793,62,2025,3,Friends,71,2.8
2794,356,2024,2,Solo,71,4.3
2795,328,2023,9,Family,76,3.8
2796,62,2022,11,Couples,20,4.4
2797,195,2023,11,Business,70,2.5
2798,674,2023,1,Solo,88,4.1
2799,98,2024,5,Family,88,3.6
2800,272,2022,8,Solo,25,3.3
2801,814,2023,7,Solo,25,4.1
2802,622,2025,7,Couples,69,5.0
2803,870,2022,9,Family,82,3.6
2804,44,2024,5,Solo,8,4.7
2805,787,2025,8,Couples,64,3.9
2806,428,2024,4,Friends,59,2.8
2807,638,2025,10,Friends,61,3.8
2808,441,2024,4,Couples,54,3.5
2809,595,2024,2,Business,39,4.9
2810,729,2022,12,Friends,46,1.7
2811,17,2025,4,Solo,59,3.9
2812,617,2025,3,Couples,24,4.0
2813,844,2022,10,Family,86,2.5
2814,265,2025,4,Friends,77,4.1
2815,171,2022,11,Solo,68,4.3
2816,31,2023,3,Solo,69,3.7
2817,496,2023,8,Family,28,4.4
2818,429,2025,8,Couples,86,3.4
2819,270,2024,7,Couples,11,2.9
2820,28,2025,2,Business,40,5.0
2821,156,2025,9,Business,68,3.0
2822,164,2025,10,Family,62,3.1
2823,346,2025,9,Friends,22,4.6
2824,119,2024,4,Friends,7,1.8
2825,478,2024,10,Friends,30,4.5
2826,847,2025,4,Couples,17,3.9
2827,133,2022,6,Solo,98,3.1
2828,443,2025,11,Friends,47,3.3
2829,832,2022,9,Solo,50,5.0
2830,869,2024,9,Solo,78,3.8
2831,209,2025,6,Couples,35,3.5
2832,739,2023,1,Family,80,3.3
2833,19,2025,7,Couples,55,2.5
2834,935,2025,3,Friends,33,2.9
2835,532,2023,12,Business,74,3.4
2836,772,2022,8,Family,4,4.2
2837,858,2024,12,Solo,92,4.0
2838,525,2025,12,Friends,56,4.2
2839,339,2025,12,Family,30,3.1
2840,477,2025,1,Couples,86,3.6
2841,168,2023,2,Family,64,3.4
2842,500,2023,7,Friends,84,3.8
2843,797,2023,4,Business,23,3.4
2844,317,2022,12,Friends,57,4.7
2845,239,2024,8,Couples,37,3.6
2846,202,2023,12,Family,86,3.8
2847,982,2022,10,Family,29,3.4
2848,670,2023,4,Friends,18,3.7
2849,595,2025,4,Family,16,3.6
2850,239,2023,4,Solo,16,3.6
2851,593,2023,5,Family,69,4.2
2852,249,2024,5,Couples,68,2.6
2853,597,2025,5,Business,6,4.2
2854,434,2025,8,Solo,12,4.5
2855,988,2022,5,Friends,40,2.5
2856,427,2025,1,Solo,21,3.3
2857,657,2025,10,Solo,93,4.5
2858,13,2022,7,Family,38,4.1
2859,694,2023,11,Family,63,3.6
2860,203,2024,8,Solo,24,4.0
2861,897,2025,12,Couples,3,4.8
2862,219,2023,12,Friends,35,3.4
2863,482,2024,12,Solo,24,4.9
2864,928,2024,3,Friends,67,3.5
2865,449,2022,1,Family,69,4.4
2866,753,2022,9,Friends,23,4.2
2867,568,2024,1,Solo,29,3.9
2868,705,2023,4,Family,42,3.1
2869,747,2022,5,Solo,69,4.7
2870,264,2025,7,Solo,49,4.1
2871,491,2023,7,Business,19,4.1
2872,86,2022,9,Business,35,3.1
2873,769,2025,11,Family,7,4.0
2874,533,2023,3,Family,51,4.1
2875,68,2024,7,Couples,16,3.6
2876,115,2025,5,Couples,7,3.8
2877,274,2023,1,Family,88,3.6
2878,439,2023,7,Business,10,3.9
2879,88,2025,9,Couples,18,3.5
2880,472,2025,4,Couples,84,5.0
2881,836,2025,6,Family,48,5.0
2882,919,2023,6,Friends,35,4.7
2883,725,2025,11,Couples,61,5.0
2884,256,2024,7,Family,86,4.3
2885,547,2024,10,Solo,26,3.7
2886,420,2024,6,Business,6,3.3
2887,721,2025,2,Couples,67,4.2
2888,970,2022,9,Family,74,4.5
2889,333,2023,11,Family,10,2.9
2890,369,2023,10,Family,52,4.1
2891,103,2025,7,Family,33,4.8
2892,54,2024,11,Couples,21,2.9
2893,971,2023,12,Business,2,3.1
2894,12,2024,2,Couples,38,4.3
2895,549,2022,10,Solo,70,3.8
2896,943,2022,1,Family,14,2.8
2897,733,2023,8,Friends,53,3.2
2898,867,2024,3,Couples,45,3.5
2899,562,2023,3,Couples,25,4.0
2900,831,2023,7,Business,7,3.5
2901,315,2022,7,Business,48,3.9
2902,745,2023,7,Couples,81,4.9
2903,146,2024,3,Solo,1,3.7
2904,790,2022,3,Friends,57,3.5
2905,896,2025,7,Family,45,4.0
2906,359,2022,11,Couples,31,5.0
2907,361,2024,5,Couples,73,3.1
2908,651,2022,10,Family,11,3.9
2909,832,2025,10,Business,80,3.4
2910,381,2023,9,Solo,44,2.8
2911,71,2025,12,Business,90,3.5
2912,541,2024,7,Couples,32,3.1
2913,864,2025,3,Solo,53,4.8
2914,801,2024,7,Couples,79,3.5
2915,500,2025,1,Couples,90,3.5
2916,309,2022,1,Family,87,3.2
2917,174,2023,11,Couples,98,3.9
2918,868,2022,4,Family,47,4.3
2919,394,2024,9,Couples,80,4.1
2920,156,2024,6,Business,94,3.0
2921,483,2024,11,Friends,86,3.6
2922,156,2024,4,Couples,50,2.2
2923,522,2023,2,Friends,21,3.7
2924,186,2022,1,Family,46,4.4
2925,448,2022,9,Couples,87,3.0
2926,577,2023,4,Friends,51,4.9
2927,180,2022,11,Solo,46,2.7
2928,961,2022,4,Business,69,3.7
2929,989,2023,2,Business,98,4.0
2930,947,2022,8,Family,89,3.6
2931,412,2022,4,Couples,7,4.0
2932,241,2025,7,Family,6,3.6
2933,652,2023,2,Family,41,2.4
2934,137,2025,9,Family,67,3.5
2935,349,2025,10,Couples,55,4.4
2936,103,2025,10,Couples,71,4.2
2937,66,2022,10,Family,47,4.3
2938,352,2023,6,Family,30,4.0
2939,631,2023,9,Couples,23,3.7
2940,238,2022,8,Couples,51,4.6
2941,466,2023,5,Business,48,4.5
2942,997,2025,4,Friends,67,4.1
2943,929,2025,9,Friends,28,4.4
2944,817,2022,12,Business,91,3.9
2945,176,2022,1,Friends,21,4.4
2946,175,2024,10,Friends,13,3.4
2947,173,2023,11,Family,3,3.9
2948,330,2023,7,Solo,33,3.7
2949,907,2024,6,Friends,38,4.5
2950,670,2025,8,Friends,94,3.9
2951,55,2025,6,Family,15,2.8
2952,723,2023,7,Solo,50,3.0
2953,226,2025,12,Business,59,3.5
2954,593,2024,6,Family,49,4.3
2955,905,2022,8,Business,21,3.7
2956,678,2022,9,Couples,84,3.9
2957,955,2024,10,Business,93,5.0
2958,865,2024,2,Solo,6,3.6
2959,345,2023,4,Friends,95,3.4
2960,812,2022,10,Solo,23,4.7
2961,754,2022,7,Friends,65,3.3
2962,556,2023,6,Couples,95,3.9
2963,819,2023,12,Couples,52,3.7
2964,1000,2023,9,Business,57,5.0
2965,182,2025,10,Couples,66,4.1
2966,72,2022,9,Couples,3,2.4
2967,52,2024,8,Couples,62,4.4
2968,749,2024,1,Couples,63,2.8
2969,950,2024,10,Couples,19,2.9
2970,23,2024,9,Solo,62,4.3
2971,600,2024,9,Family,89,2.5
2972,431,2022,2,Solo,36,4.0
2973,745,2025,3,Business,60,3.9
2974,821,2023,3,Solo,28,3.9
2975,582,2024,12,Friends,47,2.8
2976,448,2025,4,Family,86,3.7
2977,263,2025,6,Couples,70,4.4
2978,724,2024,3,Couples,28,4.9
2979,265,2023,2,Couples,9,3.5
2980,481,2024,1,Family,19,3.0
2981,956,2024,1,Solo,12,2.7
2982,263,2022,6,Family,46,3.9
2983,394,2024,9,Solo,4,4.4
2984,151,2024,3,Friends,37,4.4
2985,344,2025,8,Family,65,3.8
2986,658,2022,6,Couples,42,3.3
2987,746,2022,6,Solo,89,1.6
2988,100,2023,7,Family,17,4.0
2989,386,2023,9,Business,99,2.9
2990,747,2022,2,Friends,89,5.0
2991,514,2024,10,Business,94,5.0
2992,434,2022,9,Family,95,4.0
2993,917,2025,9,Couples,55,4.4
2994,561,2024,11,Friends,44,3.6
2995,714,2024,9,Family,74,4.1
2996,501,2022,4,Friends,99,4.1
2997,378,2025,6,Business,19,3.0
2998,37,2022,5,Family,83,2.1
2999,732,2025,6,Couples,100,4.4
3000,796,2022,12,Couples,4,3.7
3001,445,2024,3,Friends,49,3.5
3002,972,2024,1,Couples,25,4.2
3003,264,2024,11,Friends,39,3.4
3004,516,2022,8,Couples,93,2.8
3005,515,2025,8,Couples,22,4.4
3006,798,2023,1,Family,80,4.2
3007,571,2025,11,Family,51,4.1
3008,613,2024,11,Couples,24,5.0
3009,110,2023,5,Business,66,4.1
3010,907,2023,7,Friends,6,2.9
3011,315,2025,8,Couples,67,4.0
3012,582,2025,11,Family,11,5.0
3013,274,2023,7,Business,27,5.0
3014,632,2023,6,Solo,97,3.8
3015,664,2023,3,Business,1,4.3
3016,948,2024,5,Friends,73,3.8
3017,132,2025,4,Business,88,3.3
3018,674,2023,3,Friends,43,4.7
3019,441,2024,9,Couples,63,4.1
3020,302,2023,10,Friends,36,4.9
3021,264,2024,10,Family,55,2.9
3022,562,2024,2,Family,64,3.3
3023,62,2023,4,Friends,14,4.5
3024,539,2022,4,Family,85,4.9
3025,591,2022,9,Family,88,4.9
3026,275,2025,9,Friends,67,4.6
3027,779,2023,7,Business,51,4.1
3028,816,2023,6,Couples,84,2.5
3029,11,2023,5,Family,12,3.3
3030,79,2022,9,Solo,90,2.9
3031,24,2022,3,Solo,87,3.6
3032,304,2023,2,Couples,29,3.9
3033,985,2024,12,Couples,27,3.4
3034,995,2024,8,Family,81,4.6
3035,185,2023,11,Friends,52,4.2
3036,514,2023,3,Couples,95,2.9
3037,148,2022,10,Friends,29,4.2
3038,31,2024,12,Solo,62,3.2
3039,400,2023,11,Family,25,3.2
3040,80,2025,1,Friends,68,4.7
3041,447,2023,1,Business,18,4.0
3042,566,2022,12,Couples,87,4.1
3043,566,2025,5,Couples,88,3.9
3044,330,2022,8,Friends,65,3.6
3045,579,2024,1,Family,31,4.3
3046,447,2025,7,Couples,44,3.9
3047,899,2022,1,Family,10,3.6
3048,194,2025,2,Couples,31,5.0
3049,805,2025,12,Couples,73,3.7
3050,364,2025,1,Family,78,4.2
3051,998,2023,7,Business,60,3.7
3052,62,2023,10,Couples,27,4.5
3053,330,2025,10,Couples,16,4.4
3054,915,2024,12,Couples,17,4.0
3055,628,2023,1,Family,29,3.1
3056,545,2022,7,Family,29,3.6
3057,792,2024,5,Friends,14,3.5
3058,607,2025,8,Couples,30,4.9
3059,987,2023,10,Couples,28,3.7
3060,253,2022,1,Family,32,5.0
3061,839,2025,1,Solo,65,3.5
3062,676,2023,12,Family,95,3.8
3063,685,2024,8,Friends,23,4.0
3064,557,2025,8,Family,51,4.0
3065,575,2022,9,Solo,29,3.0
3066,608,2025,10,Business,12,2.8
3067,657,2022,1,Solo,73,4.6
3068,226,2025,3,Couples,28,2.4
3069,333,2023,6,Couples,99,2.7
3070,166,2025,5,Solo,54,4.0
3071,943,2022,11,Couples,12,4.0
3072,310,2023,4,Family,40,3.5
3073,220,2023,2,Family,89,4.4
3074,357,2024,1,Family,44,3.0
3075,859,2023,2,Family,59,3.5
3076,620,2023,5,Couples,23,3.7
3077,165,2023,6,Couples,22,4.4
3078,689,2022,6,Solo,61,4.1
3079,918,2023,3,Business,85,4.7
3080,426,2025,7,Family,42,3.8
3081,835,2024,4,Business,71,3.7
3082,815,2023,4,Solo,22,2.7
3083,595,2022,10,Couples,46,2.2
3084,921,2022,1,Family,61,3.0
3085,77,2023,10,Family,39,4.7
3086,235,2025,5,Couples,3,4.7
3087,802,2025,8,Solo,39,4.2
3088,868,2023,6,Couples,7,4.2
3089,231,2024,9,Family,34,4.1
3090,871,2024,11,Friends,8,3.3
3091,523,2024,4,Solo,20,3.4
3092,210,2025,1,Friends,1,4.6
3093,981,2022,11,Family,60,3.8
3094,545,2023,10,Couples,72,3.7
3095,61,2022,2,Business,41,3.7
3096,147,2023,2,Solo,76,3.7
3097,613,2025,11,Family,59,4.4
3098,420,2025,10,Business,9,3.7
3099,645,2022,5,Business,33,5.0
3100,978,2025,10,Friends,32,3.7
3101,446,2023,11,Couples,56,3.4
3102,795,2023,4,Family,59,5.0
3103,103,2022,8,Family,44,4.1
3104,30,2023,11,Friends,32,3.1
3105,435,2023,7,Business,36,3.5
3106,212,2023,4,Solo,61,5.0
3107,465,2022,12,Friends,87,4.3
3108,744,2022,6,Friends,20,3.1
3109,90,2024,10,Friends,98,3.1
3110,299,2024,7,Business,10,3.7
3111,737,2024,2,Couples,14,3.1
3112,576,2022,9,Couples,30,3.8
3113,726,2022,2,Family,34,2.6
3114,4,2024,3,Business,43,4.2
3115,973,2023,8,Family,87,2.9
3116,556,2023,10,Friends,15,4.6
3117,779,2022,11,Family,66,3.9
3118,789,2025,1,Couples,21,4.8
3119,525,2025,6,Friends,73,3.3
3120,499,2023,12,Friends,52,3.4
3121,108,2025,5,Couples,73,3.6
3122,937,2023,11,Business,64,3.2
3123,270,2022,4,Solo,91,4.0
3124,331,2023,11,Family,65,4.9
3125,768,2023,8,Solo,7,3.7
3126,494,2022,12,Business,41,4.0
3127,456,2025,12,Business,96,3.1
3128,550,2022,7,Friends,94,4.0
3129,632,2022,1,Couples,70,2.5
3130,462,2023,3,Family,98,3.2
3131,3,2025,2,Solo,2,2.7
3132,468,2022,4,Couples,70,4.5
3133,922,2023,12,Friends,36,5.0
3134,509,2022,5,Family,97,3.8
3135,214,2025,1,Solo,22,4.4
3136,187,2022,10,Friends,86,2.6
3137,594,2025,6,Business,17,3.0
3138,841,2024,9,Family,83,3.0
3139,672,2022,7,Family,31,4.5
3140,179,2023,10,Couples,37,2.4
3141,312,2022,3,Family,96,3.4
3142,888,2024,11,Couples,5,4.1
3143,365,2025,12,Friends,94,4.3
3144,680,2023,1,Solo,37,5.0
3145,331,2024,9,Business,36,4.2
3146,864,2025,1,Business,60,4.3
3147,33,2025,11,Friends,43,4.6
3148,637,2024,7,Couples,20,3.1
3149,381,2024,6,Business,35,3.4
3150,569,2024,12,Friends,87,5.0
3151,851,2023,5,Couples,62,3.8
3152,883,2023,1,Couples,36,3.4
3153,324,2025,2,Couples,73,3.6
3154,110,2023,9,Couples,21,4.8
3155,410,2025,12,Business,1,2.7
3156,66,2025,5,Couples,16,4.4
3157,504,2024,1,Family,86,2.6
3158,210,2024,2,Friends,81,3.2
3159,628,2024,1,Business,74,3.8
3160,748,2025,10,Family,30,4.2
3161,818,2025,1,Business,71,4.7
3162,171,2022,1,Solo,2,3.3
3163,80,2024,4,Business,54,3.0
3164,225,2022,10,Couples,62,2.7
3165,95,2024,5,Solo,97,3.5
3166,474,2025,5,Family,25,2.7
3167,490,2023,4,Business,52,3.0
3168,475,2024,10,Couples,6,4.7
3169,693,2022,5,Business,6,3.7
3170,832,2023,4,Business,86,4.4
3171,244,2025,11,Solo,60,2.2
3172,534,2022,6,Couples,56,4.1
3173,655,2023,10,Family,13,3.9
3174,806,2024,11,Friends,1,2.2
3175,160,2024,6,Family,41,3.3
3176,612,2023,3,Business,73,3.7
3177,765,2022,12,Family,43,4.2
3178,685,2022,8,Family,92,4.1
3179,970,2023,7,Solo,42,3.3
3180,679,2023,10,Solo,84,3.1
3181,437,2022,12,Family,28,3.5
3182,587,2023,7,Business,97,3.1
3183,100,2024,11,Solo,69,4.6
3184,116,2024,3,Business,30,4.4
3185,771,2025,12,Couples,5,3.8
3186,844,2024,12,Family,15,3.3
3187,199,2023,8,Couples,94,4.5
3188,751,2023,12,Friends,6,3.9
3189,907,2022,4,Couples,52,4.0
3190,612,2025,4,Couples,59,3.9
3191,341,2024,10,Couples,72,3.4
3192,29,2024,5,Business,60,3.6
3193,270,2025,2,Family,39,3.7
3194,885,2025,4,Family,45,4.8
3195,395,2025,2,Business,65,3.7
3196,786,2024,3,Family,47,4.5
3197,463,2023,8,Couples,47,3.1
3198,856,2022,11,Couples,85,3.7
3199,956,2024,6,Family,12,3.3
3200,379,2024,4,Family,58,4.0
3201,888,2023,10,Family,35,4.6
3202,327,2024,7,Couples,18,4.8
3203,765,2023,9,Couples,39,4.6
3204,599,2023,9,Family,5,3.9
3205,679,2024,9,Friends,57,4.0
3206,618,2025,9,Business,8,4.1
3207,508,2023,3,Solo,22,3.0
3208,242,2024,8,Business,88,3.7
3209,654,2022,6,Solo,2,3.5
3210,409,2024,5,Solo,98,3.4
3211,57,2024,6,Friends,46,3.2
3212,206,2024,9,Solo,36,4.0
3213,991,2022,11,Solo,81,5.0
3214,184,2022,3,Friends,99,4.1
3215,981,2024,7,Friends,33,3.9
3216,592,2022,1,Couples,59,3.8
3217,348,2023,7,Solo,75,2.1
3218,812,2024,6,Couples,36,3.2
3219,80,2025,9,Friends,45,3.0
3220,597,2024,3,Couples,45,4.4
3221,243,2023,6,Business,40,4.4
3222,420,2025,9,Couples,83,4.1
3223,542,2024,4,Family,10,4.5
3224,89,2024,12,Friends,64,3.5
3225,234,2022,11,Solo,25,3.7
3226,613,2022,7,Solo,16,4.1
3227,847,2025,11,Family,77,3.0
3228,953,2024,9,Family,4,4.1
3229,63,2024,10,Friends,43,4.8
3230,920,2023,11,Couples,96,4.3
3231,394,2024,6,Friends,23,4.8
3232,81,2025,11,Friends,79,4.4
3233,23,2023,2,Couples,34,3.9
3234,576,2023,4,Couples,71,4.7
3235,383,2024,11,Family,61,3.4
3236,738,2023,12,Couples,76,5.0
3237,520,2023,6,Friends,91,5.0
3238,65,2022,4,Family,14,3.6
3239,131,2022,6,Family,5,3.2
3240,394,2025,8,Couples,98,4.8
3241,15,2024,12,Family,48,4.2
3242,531,2023,3,Couples,68,3.6
3243,976,2023,4,Couples,75,4.7
3244,735,2022,6,Business,93,4.2
3245,25,2025,6,Couples,98,4.2
3246,109,2023,7,Couples,27,4.0
3247,52,2023,2,Family,13,3.6
3248,490,2022,9,Solo,12,4.7
3249,685,2024,3,Couples,70,5.0
3250,791,2025,3,Family,34,3.6
3251,928,2025,8,Couples,38,4.8
3252,560,2025,2,Friends,82,3.9
3253,117,2024,2,Couples,50,3.4
3254,284,2024,11,Family,34,4.0
3255,618,2025,4,Family,56,4.8
3256,154,2025,6,Couples,18,3.1
3257,649,2022,12,Family,35,3.4
3258,920,2023,7,Business,74,4.0
3259,39,2025,2,Solo,55,5.0
3260,849,2025,12,Family,100,4.1
3261,444,2025,1,Couples,28,4.3
3262,628,2023,6,Friends,61,3.9
3263,908,2022,1,Family,9,4.3
3264,419,2022,6,Business,78,5.0
3265,524,2023,2,Family,88,3.9
3266,848,2025,4,Solo,10,3.3
3267,207,2025,11,Friends,100,3.3
3268,823,2022,12,Couples,28,4.1
3269,195,2022,10,Friends,48,4.8
3270,16,2025,8,Couples,94,4.6
3271,158,2024,1,Business,81,3.9
3272,642,2023,7,Friends,89,3.8
3273,993,2024,10,Business,17,4.4
3274,158,2023,8,Solo,34,3.6
3275,568,2023,11,Business,91,3.3
3276,359,2024,11,Family,47,3.9
3277,947,2025,9,Family,84,3.3
3278,140,2025,11,Friends,43,3.2
3279,624,2025,2,Friends,69,4.6
3280,96,2024,6,Couples,42,3.4
3281,660,2024,2,Couples,8,3.3
3282,431,2023,2,Friends,45,3.5
3283,406,2022,3,Business,45,3.9
3284,859,2024,10,Family,96,4.1
3285,594,2025,11,Friends,5,3.1
3286,631,2025,1,Family,98,4.1
3287,236,2024,10,Couples,8,2.7
3288,292,2024,7,Couples,86,4.5
3289,636,2023,10,Couples,73,3.8
3290,455,2025,2,Solo,22,4.5
3291,490,2022,3,Family,89,4.1
3292,573,2024,10,Business,85,4.6
3293,597,2025,12,Solo,50,2.9
3294,39,2024,11,Family,78,3.7
3295,388,2024,3,Friends,15,4.2
3296,24,2023,12,Friends,92,4.4
3297,339,2022,3,Friends,51,4.1
3298,571,2022,7,Couples,91,3.9
3299,651,2025,10,Couples,78,3.5
3300,592,2022,12,Couples,78,3.4
3301,358,2022,2,Family,7,4.2
3302,948,2022,12,Friends,21,3.6
3303,592,2023,7,Couples,56,4.0
3304,299,2023,1,Family,50,2.8
3305,423,2025,4,Family,12,4.2
3306,308,2022,3,Business,75,3.7
3307,391,2024,10,Friends,4,4.7
3308,119,2024,6,Friends,100,3.3
3309,493,2025,4,Couples,98,4.0
3310,181,2022,5,Couples,100,3.2
3311,552,2025,9,Friends,7,4.0
3312,390,2022,10,Family,75,2.7
3313,69,2023,11,Friends,71,4.3
3314,621,2022,6,Couples,97,3.1
3315,248,2025,12,Business,41,3.2
3316,737,2022,10,Friends,13,3.8
3317,126,2025,12,Friends,61,4.0
3318,11,2022,6,Solo,25,4.7
3319,34,2024,1,Friends,84,4.2
3320,844,2025,3,Friends,5,4.3
3321,444,2025,9,Solo,65,4.8
3322,340,2025,9,Business,93,4.3
3323,881,2022,9,Business,28,3.9
3324,785,2023,9,Solo,82,3.8
3325,690,2022,3,Couples,73,4.1
3326,368,2024,12,Family,52,4.5
3327,240,2025,2,Friends,51,4.3
3328,875,2025,11,Friends,82,4.7
3329,340,2023,10,Family,61,3.2
3330,765,2023,4,Friends,29,3.3
3331,280,2024,12,Couples,34,4.3
3332,80,2022,8,Business,63,2.5
3333,871,2025,6,Business,97,3.7
3334,246,2023,3,Business,27,3.7
3335,316,2025,12,Friends,70,3.2
3336,358,2023,3,Family,30,4.3
3337,659,2025,7,Couples,2,3.6
3338,652,2024,1,Family,78,3.7
3339,852,2024,2,Solo,10,3.4
3340,155,2022,11,Business,10,4.3
3341,646,2022,2,Family,6,4.6
3342,640,2024,10,Friends,2,3.3
3343,791,2024,6,Solo,54,3.1
3344,946,2024,3,Family,49,3.4
3345,149,2024,5,Business,36,3.2
3346,634,2023,9,Friends,52,3.7
3347,882,2025,2,Family,77,3.2
3348,679,2023,5,Family,1,3.6
3349,132,2023,1,Friends,96,4.0
3350,519,2024,3,Business,51,3.1
3351,543,2023,10,Couples,100,3.2
3352,678,2023,8,Solo,30,3.2
3353,483,2024,2,Business,62,5.0
3354,107,2024,1,Friends,17,4.7
3355,499,2024,6,Family,13,3.8
3356,441,2024,10,Friends,30,3.2
3357,94,2024,5,Family,83,3.6
3358,214,2023,7,Family,38,4.1
3359,224,2022,3,Couples,43,2.8
3360,447,2024,4,Family,65,4.9
3361,778,2023,7,Friends,75,3.4
3362,534,2025,8,Solo,91,3.9
3363,367,2023,2,Couples,33,4.1
3364,527,2022,9,Couples,7,2.0
3365,361,2025,9,Couples,6,3.4
3366,566,2025,11,Family,27,4.5
3367,872,2025,2,Family,94,3.7
3368,308,2025,5,Solo,69,2.7
3369,352,2022,1,Family,42,3.3
3370,428,2023,11,Couples,92,3.9
3371,128,2024,6,Couples,74,5.0
3372,556,2024,2,Family,76,4.9
3373,62,2022,2,Family,87,3.6
3374,650,2024,11,Family,61,4.4
3375,447,2025,8,Solo,98,3.6
3376,971,2023,12,Family,88,5.0
3377,144,2025,12,Couples,16,3.3
3378,307,2024,9,Family,89,4.2
3379,678,2024,1,Friends,69,2.6
3380,564,2024,1,Family,9,4.7
3381,10,2024,4,Family,46,2.6
3382,13,2023,5,Couples,6,2.2
3383,928,2022,5,Family,11,3.8
3384,810,2024,3,Solo,81,3.8
3385,962,2022,4,Friends,93,3.3
3386,257,2023,4,Friends,59,3.4
3387,366,2023,1,Couples,18,4.2
3388,528,2025,7,Friends,28,3.8
3389,454,2023,2,Couples,89,4.2
3390,642,2025,1,Couples,7,4.7
3391,265,2023,2,Solo,27,3.5
3392,342,2023,1,Family,49,4.8
3393,88,2023,12,Friends,20,4.3
3394,63,2022,3,Solo,89,4.3
3395,844,2025,12,Family,26,2.8
3396,119,2025,6,Couples,41,2.7
3397,437,2025,12,Solo,55,3.4
3398,115,2022,7,Family,72,3.2
3399,386,2022,12,Business,9,4.0
3400,913,2023,11,Business,63,4.9
3401,916,2025,3,Friends,70,3.8
3402,721,2025,9,Family,18,4.2
3403,944,2025,4,Family,82,3.3
3404,823,2025,1,Family,61,3.7
3405,186,2023,1,Solo,72,3.4
3406,110,2025,3,Couples,74,3.7
3407,73,2025,4,Friends,84,4.1
3408,751,2023,6,Friends,19,3.7
3409,394,2025,11,Couples,46,3.8
3410,437,2025,5,Friends,78,3.7
3411,515,2024,4,Family,65,3.1
3412,545,2022,8,Couples,9,2.5
3413,210,2025,7,Business,16,4.1
3414,535,2023,1,Couples,3,4.7
3415,826,2023,9,Family,96,3.8
3416,556,2025,9,Business,12,5.0
3417,216,2025,5,Family,29,4.1
3418,773,2024,1,Business,13,3.9
3419,270,2023,2,Family,46,3.5
3420,842,2022,11,Solo,79,4.1
3421,469,2023,9,Family,95,3.3
3422,241,2025,4,Solo,62,2.2
3423,471,2022,3,Solo,79,4.0
3424,365,2023,11,Business,96,2.2
3425,934,2025,1,Business,26,3.4
3426,997,2025,2,Family,71,3.0
3427,66,2023,5,Couples,77,3.1
3428,824,2025,1,Friends,51,3.5
3429,5,2025,3,Friends,14,5.0
3430,969,2024,9,Friends,3,4.5
3431,595,2025,9,Family,24,3.7
3432,652,2023,10,Business,18,3.1
3433,152,2023,8,Couples,1,3.9
3434,143,2022,6,Friends,62,3.9
3435,624,2024,9,Family,7,4.4
3436,397,2022,5,Friends,90,3.3
3437,388,2023,4,Business,92,4.1
3438,951,2022,8,Business,35,4.2
3439,18,2022,12,Friends,58,4.0
3440,11,2024,11,Couples,13,3.8
3441,835,2022,10,Friends,89,3.0
3442,974,2023,4,Business,91,2.5
3443,384,2023,6,Solo,77,3.8
3444,624,2025,12,Family,25,4.0
3445,84,2022,6,Family,58,3.9
3446,656,2024,12,Business,18,2.3
3447,138,2023,2,Couples,76,3.0
3448,462,2022,2,Business,45,4.0
3449,865,2025,12,Business,83,4.5
3450,230,2022,1,Family,18,3.1
3451,281,2023,6,Family,14,3.6
3452,665,2022,4,Solo,96,4.0
3453,203,2022,4,Friends,77,4.7
3454,757,2025,12,Family,65,3.9
3455,635,2023,6,Family,3,3.8
3456,557,2023,2,Solo,69,4.2
3457,308,2025,7,Family,64,3.7
3458,336,2023,6,Business,89,3.7
3459,154,2024,6,Friends,96,4.4
3460,12,2022,4,Couples,58,4.0
3461,135,2024,8,Couples,31,5.0
3462,941,2023,7,Friends,54,4.8
3463,89,2023,10,Couples,67,2.9
3464,281,2024,8,Family,95,2.9
3465,668,2023,2,Friends,60,3.9
3466,92,2025,1,Family,38,3.9
3467,557,2022,5,Family,44,3.7
3468,270,2025,6,Friends,23,2.9
3469,182,2025,4,Family,36,3.5
3470,988,2024,12,Friends,54,4.5
3471,432,2025,12,Couples,44,2.5
3472,181,2024,9,Couples,17,4.9
3473,813,2024,4,Family,73,3.4
3474,266,2025,8,Couples,16,4.6
3475,390,2023,7,Family,4,4.2
3476,393,2024,10,Couples,61,4.4
3477,917,2024,8,Friends,17,3.6
3478,129,2023,3,Business,49,3.9
3479,309,2023,12,Business,52,2.9
3480,605,2023,7,Couples,16,4.3
3481,292,2025,6,Couples,86,4.0
3482,251,2024,10,Solo,98,3.0
3483,170,2023,2,Solo,2,2.8
3484,202,2023,6,Solo,33,3.7
3485,992,2025,5,Family,49,5.0
3486,761,2022,1,Family,94,3.3
3487,364,2023,7,Business,100,3.1
3488,337,2025,5,Couples,34,4.3
3489,347,2022,10,Solo,40,2.8
3490,57,2022,12,Solo,22,3.6
3491,722,2023,2,Solo,2,4.9
3492,369,2025,1,Couples,56,4.8
3493,506,2024,10,Solo,86,4.0
3494,462,2022,6,Family,78,2.7
3495,559,2025,10,Couples,23,4.1
3496,692,2025,5,Family,34,3.5
3497,5,2022,7,Solo,76,4.2
3498,458,2025,5,Couples,73,4.9
3499,232,2023,8,Friends,72,3.5
3500,416,2024,10,Couples,92,3.1
3501,265,2025,11,Couples,92,4.3
3502,815,2024,6,Couples,98,3.8
3503,42,2024,10,Family,52,4.8
3504,120,2023,2,Couples,75,4.4
3505,653,2022,6,Solo,54,3.7
3506,180,2022,6,Couples,23,4.1
3507,680,2023,12,Family,9,3.3
3508,489,2022,7,Family,31,4.4
3509,703,2022,10,Friends,47,5.0
3510,19,2025,3,Friends,78,4.2
3511,409,2024,4,Solo,24,4.0
3512,445,2024,6,Friends,69,4.4
3513,659,2022,11,Business,87,3.9
3514,996,2025,4,Solo,66,4.1
3515,625,2024,4,Solo,85,2.4
3516,164,2023,7,Friends,4,3.2
3517,602,2024,12,Business,92,3.9
3518,81,2022,7,Couples,99,3.5
3519,265,2024,9,Couples,33,3.2
3520,756,2024,6,Couples,95,4.1
3521,288,2022,12,Business,11,4.9
3522,739,2024,10,Friends,11,2.7
3523,965,2024,9,Couples,87,4.1
3524,12,2025,5,Business,88,2.9
3525,947,2022,8,Solo,23,3.1
3526,63,2025,11,Solo,14,3.5
3527,579,2022,4,Couples,93,4.2
3528,281,2025,2,Couples,59,3.6
3529,186,2022,11,Friends,93,5.0
3530,142,2025,12,Couples,60,4.4
3531,898,2024,12,Business,57,4.6
3532,952,2023,10,Couples,93,3.8
3533,472,2023,12,Solo,58,3.6
3534,596,2025,6,Solo,44,3.4
3535,149,2023,8,Business,10,4.1
3536,381,2024,8,Family,38,4.3
3537,394,2024,4,Solo,69,4.9
3538,590,2025,11,Friends,85,4.2
3539,193,2024,4,Solo,22,4.0
3540,677,2024,1,Couples,66,4.6
3541,885,2024,9,Solo,95,3.7
3542,451,2025,11,Couples,97,4.7
3543,320,2025,5,Family,37,3.6
3544,479,2025,1,Business,73,3.2
3545,357,2022,3,Business,24,3.9
3546,367,2024,12,Friends,36,3.3
3547,901,2025,8,Friends,18,4.8
3548,487,2024,6,Friends,70,3.7
3549,1000,2025,6,Family,94,4.1
3550,519,2022,4,Friends,82,2.0
3551,618,2024,3,Family,33,2.2
3552,967,2023,12,Solo,41,3.9
3553,414,2024,2,Couples,38,5.0
3554,297,2025,12,Family,56,3.7
3555,659,2025,8,Solo,30,2.9
3556,415,2025,1,Friends,53,3.6
3557,177,2023,12,Family,67,4.4
3558,167,2023,2,Family,69,4.4
3559,679,2022,4,Couples,20,3.1
3560,889,2023,8,Family,36,4.0
3561,764,2023,4,Friends,70,3.6
3562,737,2025,6,Business,18,3.9
3563,943,2024,11,Business,1,4.8
3564,993,2025,8,Family,97,3.0
3565,29,2024,3,Friends,89,4.5
3566,452,2023,6,Friends,3,3.7
3567,857,2024,9,Couples,41,3.4
3568,588,2025,10,Friends,50,3.0
3569,328,2024,9,Couples,77,4.0
3570,704,2022,8,Couples,85,3.0
3571,589,2022,7,Business,50,3.0
3572,48,2025,12,Couples,22,3.3
3573,260,2025,4,Couples,3,3.5
3574,349,2024,7,Friends,73,3.2
3575,2,2023,7,Friends,33,3.5
3576,699,2024,9,Solo,30,3.7
3577,167,2024,11,Couples,81,4.4
3578,666,2025,9,Friends,12,4.1
3579,858,2022,1,Family,71,3.7
3580,237,2025,8,Family,11,2.9
3581,879,2025,2,Couples,42,5.0
3582,246,2024,11,Friends,67,3.0
3583,329,2024,11,Business,35,3.5
3584,507,2023,1,Family,66,3.6
3585,589,2024,6,Couples,35,3.8
3586,825,2024,8,Friends,88,3.4
3587,286,2024,1,Solo,42,4.1
3588,418,2025,3,Couples,22,3.4
3589,970,2022,2,Family,95,3.7
3590,759,2024,2,Solo,98,5.0
3591,821,2025,12,Solo,50,3.5
3592,869,2022,1,Friends,44,3.4
3593,655,2025,12,Business,70,4.6
3594,320,2024,1,Friends,76,2.9
3595,145,2022,11,Friends,27,3.4
3596,950,2022,8,Family,29,2.9
3597,415,2024,9,Family,49,4.1
3598,985,2025,6,Couples,43,4.2
3599,795,2023,3,Friends,40,3.1
3600,63,2023,9,Business,13,4.1
3601,765,2022,4,Solo,40,3.5
3602,677,2024,9,Friends,14,3.9
3603,78,2024,8,Family,57,3.1
3604,428,2024,12,Friends,41,4.0
3605,90,2024,11,Family,1,3.8
3606,53,2023,4,Business,90,4.2
3607,293,2023,2,Solo,59,5.0
3608,176,2023,3,Couples,28,4.0
3609,223,2023,8,Friends,42,4.0
3610,44,2024,8,Business,27,3.8
3611,99,2025,11,Couples,13,3.7
3612,68,2025,9,Solo,91,5.0
3613,608,2022,1,Couples,17,4.2
3614,294,2023,6,Family,17,4.4
3615,224,2025,3,Family,24,2.8
3616,841,2023,12,Friends,21,2.8
3617,375,2022,5,Friends,20,3.1
3618,315,2023,8,Couples,64,5.0
3619,990,2025,9,Couples,98,3.8
3620,45,2025,2,Couples,85,4.5
3621,364,2022,7,Business,68,3.7
3622,535,2024,5,Family,72,4.0
3623,970,2025,4,Friends,58,3.1
3624,53,2023,9,Business,85,4.0
3625,281,2022,9,Family,34,3.6
3626,208,2023,7,Family,4,4.6
3627,550,2025,11,Family,75,2.5
3628,363,2024,10,Friends,45,4.8
3629,771,2023,2,Couples,14,3.0
3630,62,2023,7,Business,54,4.4
3631,936,2025,2,Solo,14,2.9
3632,413,2022,7,Solo,100,3.6
3633,631,2022,4,Family,17,3.7
3634,301,2022,2,Solo,53,3.2
3635,380,2024,10,Friends,84,2.8
3636,937,2022,1,Couples,94,3.4
3637,932,2025,1,Couples,91,3.7
3638,618,2025,3,Friends,33,4.0
3639,929,2023,1,Family,42,4.7
3640,951,2025,3,Solo,54,3.1
3641,456,2023,7,Solo,14,5.0
3642,994,2022,5,Family,60,3.8
3643,70,2025,5,Business,86,1.5
3644,67,2022,3,Business,65,5.0
3645,98,2024,11,Solo,57,4.2
3646,375,2022,4,Business,52,4.6
3647,91,2022,4,Friends,39,3.9
3648,209,2022,12,Family,88,5.0
3649,559,2025,5,Family,86,5.0
3650,269,2022,11,Friends,18,4.6
3651,823,2022,4,Friends,52,4.2
3652,531,2025,11,Couples,12,3.2
3653,732,2025,7,Family,99,3.4
3654,701,2023,3,Couples,44,3.6
3655,503,2023,7,Family,85,3.2
3656,624,2025,1,Business,69,4.9
3657,663,2025,11,Solo,81,4.1
3658,370,2025,5,Friends,29,2.9
3659,228,2024,10,Family,91,4.6
3660,688,2024,7,Family,94,3.0
3661,588,2022,9,Friends,3,3.5
3662,74,2024,9,Couples,55,3.1
3663,158,2025,10,Couples,46,4.4
3664,974,2023,10,Solo,31,4.4
3665,713,2025,11,Couples,46,3.8
3666,573,2024,2,Business,40,4.7
3667,321,2025,6,Friends,95,3.3
3668,533,2024,12,Business,62,4.2
3669,141,2024,7,Couples,79,3.7
3670,537,2022,1,Family,11,4.2
3671,593,2024,2,Solo,30,4.6
3672,721,2024,7,Solo,6,3.7
3673,960,2022,5,Couples,7,3.6
3674,302,2024,11,Solo,29,4.2
3675,356,2024,1,Friends,61,4.1
3676,127,2025,7,Couples,100,4.2
3677,130,2022,10,Friends,17,4.6
3678,922,2024,11,Couples,35,3.1
3679,921,2022,6,Friends,61,4.1
3680,497,2025,5,Business,19,3.7
3681,590,2022,7,Friends,74,4.8
3682,333,2024,2,Couples,19,3.6
3683,157,2024,5,Couples,41,4.6
3684,612,2023,2,Solo,27,3.8
3685,446,2025,11,Business,100,4.7
3686,674,2025,4,Friends,98,4.2
3687,468,2022,9,Solo,92,4.2
3688,280,2022,2,Couples,44,3.3
3689,692,2024,9,Couples,36,3.3
3690,179,2023,8,Friends,41,3.2
3691,973,2023,6,Couples,97,3.4
3692,54,2022,4,Solo,48,3.0
3693,77,2025,11,Friends,27,4.2
3694,359,2024,9,Business,21,4.1
3695,95,2023,11,Business,91,5.0
3696,731,2022,4,Solo,56,2.8
3697,618,2025,2,Friends,84,3.8
3698,650,2023,10,Family,75,4.1
3699,56,2025,7,Friends,42,2.9
3700,506,2025,5,Family,2,3.4
3701,448,2023,11,Family,68,3.0
3702,349,2023,12,Solo,73,3.6
3703,712,2025,4,Solo,33,4.5
3704,521,2023,1,Solo,73,4.9
3705,145,2025,3,Friends,68,4.7
3706,640,2022,7,Couples,1,3.0
3707,808,2025,7,Family,11,4.4
3708,243,2025,5,Business,13,4.0
3709,31,2025,11,Friends,8,4.2
3710,928,2023,5,Friends,11,2.8
3711,740,2024,12,Family,34,3.7
3712,706,2022,8,Couples,86,3.5
3713,223,2025,11,Business,68,3.5
3714,674,2023,12,Family,97,3.8
3715,589,2024,2,Solo,73,3.4
3716,32,2024,7,Family,7,3.6
3717,786,2023,8,Friends,71,4.7
3718,505,2023,6,Couples,86,3.2
3719,847,2022,10,Family,38,4.5
3720,540,2024,12,Business,98,2.9
3721,343,2025,3,Family,46,3.8
3722,729,2024,9,Friends,26,4.4
3723,644,2023,6,Couples,79,5.0
3724,790,2023,6,Friends,11,2.9
3725,90,2024,10,Friends,51,3.9
3726,663,2025,7,Friends,90,3.8
3727,430,2024,7,Family,38,3.4
3728,67,2022,5,Business,41,4.1
3729,208,2025,2,Couples,16,4.4
3730,530,2025,3,Family,19,4.5
3731,238,2025,6,Business,89,4.4
3732,553,2024,4,Family,36,3.8
3733,382,2023,10,Family,87,4.0
3734,348,2023,4,Business,22,2.9
3735,391,2023,2,Solo,88,4.4
3736,104,2022,8,Couples,63,3.5
3737,335,2022,11,Solo,79,3.7
3738,343,2024,9,Couples,91,3.9
3739,854,2025,3,Family,8,2.9
3740,971,2025,7,Couples,12,4.5
3741,421,2022,2,Solo,4,3.8
3742,200,2022,2,Friends,47,3.1
3743,677,2023,12,Family,23,3.6
3744,241,2024,1,Solo,2,4.6
3745,618,2025,4,Friends,92,4.4
3746,970,2024,5,Solo,4,4.5
3747,664,2024,8,Family,18,3.3
3748,880,2022,12,Couples,4,3.5
3749,160,2022,4,Family,51,3.9
3750,955,2023,8,Family,100,4.3
3751,948,2022,10,Couples,4,4.3
3752,336,2022,12,Family,5,3.4
3753,334,2023,7,Friends,22,4.5
3754,494,2022,7,Friends,52,3.1
3755,771,2024,11,Business,42,4.0
3756,949,2023,12,Couples,72,3.3
3757,913,2025,6,Friends,34,4.8
3758,136,2024,11,Solo,15,3.1
3759,59,2024,10,Business,10,4.9
3760,986,2023,10,Solo,78,3.8
3761,500,2023,2,Friends,61,3.4
3762,363,2022,2,Couples,67,3.4
3763,16,2022,4,Couples,85,4.0
3764,892,2025,4,Friends,80,3.9
3765,780,2025,4,Family,25,3.2
3766,678,2024,4,Solo,12,2.9
3767,295,2024,8,Friends,77,2.5
3768,90,2024,6,Business,42,4.1
3769,740,2025,2,Friends,83,4.2
3770,457,2025,10,Couples,65,4.3
3771,782,2025,3,Family,83,4.8
3772,939,2024,12,Couples,9,2.8
3773,368,2022,6,Family,58,3.9
3774,103,2025,2,Solo,78,4.2
3775,116,2022,11,Family,15,3.1
3776,250,2024,1,Friends,15,4.6
3777,818,2024,11,Couples,60,3.6
3778,287,2023,11,Family,73,3.5
3779,318,2024,8,Friends,75,3.8
3780,809,2023,1,Friends,49,3.6
3781,266,2024,12,Friends,78,3.6
3782,932,2022,8,Family,60,5.0
3783,171,2022,6,Family,58,4.8
3784,219,2022,5,Couples,98,4.2
3785,456,2022,7,Solo,19,2.6
3786,406,2024,10,Couples,37,4.0
3787,355,2023,2,Couples,77,4.9
3788,581,2024,7,Family,39,3.5
3789,723,2023,8,Family,94,3.8
3790,796,2022,8,Couples,5,2.6
3791,848,2022,11,Business,18,4.5
3792,601,2022,2,Family,4,3.5
3793,132,2023,12,Friends,44,3.0
3794,258,2023,12,Solo,36,3.5
3795,759,2025,12,Friends,47,4.4
3796,305,2023,11,Family,88,4.3
3797,169,2023,4,Solo,78,4.7
3798,615,2022,12,Family,94,4.1
3799,358,2024,9,Couples,58,3.9
3800,329,2022,8,Business,25,3.5
3801,932,2025,1,Business,89,4.3
3802,368,2024,9,Solo,3,4.7
3803,751,2022,8,Couples,19,4.4
3804,565,2024,12,Family,34,3.7
3805,518,2024,1,Family,27,4.5
3806,244,2024,7,Solo,44,4.3
3807,22,2022,9,Solo,47,4.1
3808,967,2022,7,Family,27,4.1
3809,699,2022,1,Friends,10,2.7
3810,418,2024,9,Couples,71,2.6
3811,823,2025,2,Solo,7,5.0
3812,569,2023,10,Family,91,3.5
3813,133,2023,12,Couples,42,3.1
3814,451,2022,2,Family,7,3.9
3815,845,2022,9,Business,58,3.5
3816,329,2025,4,Solo,40,3.6
3817,583,2024,6,Family,17,4.5
3818,465,2024,3,Family,94,5.0
3819,240,2024,7,Family,30,3.9
3820,283,2023,5,Business,2,2.9
3821,324,2022,5,Friends,13,3.3
3822,713,2023,7,Business,37,3.1
3823,448,2024,5,Solo,55,3.6
3824,219,2025,9,Friends,33,3.1
3825,238,2024,12,Couples,37,3.7
3826,435,2025,2,Friends,8,3.0
3827,357,2025,6,Business,38,3.9
3828,833,2025,6,Family,64,4.4
3829,373,2023,1,Family,60,3.9
3830,153,2023,8,Solo,7,4.0
3831,716,2025,9,Couples,31,4.8
3832,954,2022,5,Friends,58,3.2
3833,49,2023,1,Solo,35,4.6
3834,516,2022,11,Business,96,3.9
3835,571,2025,2,Solo,61,3.8
3836,476,2024,5,Business,82,4.2
3837,436,2025,10,Friends,78,3.4
3838,580,2025,9,Business,35,4.3
3839,527,2024,11,Couples,63,4.4
3840,389,2022,7,Family,90,3.6
3841,825,2023,2,Couples,72,3.5
3842,199,2024,11,Family,40,2.7
3843,578,2023,7,Friends,9,3.7
3844,895,2022,9,Business,87,3.6
3845,348,2024,10,Couples,51,4.3
3846,183,2025,10,Couples,96,4.5
3847,497,2022,3,Family,85,3.2
3848,706,2024,12,Couples,63,3.7
3849,617,2022,9,Couples,69,3.5
3850,131,2023,4,Solo,45,4.4
3851,611,2023,5,Solo,96,3.8
3852,923,2024,2,Solo,80,2.9
3853,432,2025,12,Family,1,4.1
3854,462,2023,3,Solo,29,3.6
3855,11,2024,10,Couples,32,2.3
3856,191,2023,9,Business,7,3.5
3857,694,2022,4,Couples,31,4.7
3858,17,2022,10,Solo,4,4.9
3859,214,2024,12,Couples,52,3.9
3860,589,2024,1,Friends,47,3.4
3861,283,2025,4,Couples,31,1.7
3862,830,2024,5,Couples,39,5.0
3863,692,2025,3,Business,12,3.6
3864,378,2024,10,Couples,23,3.2
3865,935,2024,10,Business,26,4.3
3866,1000,2023,12,Friends,8,4.1
3867,438,2024,4,Couples,51,3.2
3868,538,2025,9,Couples,69,3.6
3869,879,2023,11,Friends,4,4.3
3870,562,2023,4,Friends,84,3.2
3871,795,2025,10,Business,26,4.1
3872,78,2025,4,Couples,31,3.6
3873,15,2022,12,Couples,78,3.9
3874,731,2022,9,Family,63,4.4
3875,194,2025,11,Couples,7,3.9
3876,568,2025,5,Couples,32,3.3
3877,461,2022,4,Friends,11,3.4
3878,925,2023,6,Couples,85,3.9
3879,344,2022,5,Family,40,4.4
3880,169,2025,1,Family,20,3.3
3881,312,2024,3,Couples,54,3.2
3882,380,2025,5,Friends,90,3.4
3883,903,2024,3,Family,9,2.5
3884,733,2023,2,Family,95,3.1
3885,696,2023,8,Family,2,5.0
3886,49,2025,4,Friends,43,3.7
3887,1000,2022,11,Couples,98,5.0
3888,583,2025,6,Friends,29,3.7
3889,152,2024,10,Solo,99,4.1
3890,894,2024,10,Couples,29,3.8
3891,820,2022,6,Family,38,3.8
3892,718,2024,6,Friends,34,3.8
3893,118,2023,6,Couples,37,3.1
3894,414,2022,7,Friends,97,3.3
3895,112,2023,6,Couples,82,4.1
3896,548,2022,6,Solo,4,4.6
3897,351,2023,9,Family,78,3.0
3898,414,2023,8,Family,82,4.4
3899,794,2025,6,Solo,71,2.5
3900,535,2025,5,Couples,14,2.9
3901,299,2023,4,Business,76,3.2
3902,125,2024,2,Couples,7,3.6
3903,882,2022,12,Family,96,2.6
3904,596,2024,8,Friends,41,3.5
3905,107,2022,9,Family,95,2.4
3906,291,2024,1,Friends,37,3.0
3907,53,2024,1,Family,73,4.2
3908,565,2025,8,Friends,31,2.2
3909,87,2022,9,Business,74,3.4
3910,261,2025,4,Family,17,3.6
3911,675,2022,5,Friends,62,3.1
3912,896,2023,7,Business,31,3.0
3913,821,2024,7,Solo,66,2.1
3914,687,2022,10,Family,75,4.1
3915,969,2023,3,Family,32,2.6
3916,436,2025,11,Family,8,5.0
3917,780,2023,12,Family,33,3.9
3918,643,2022,3,Family,99,3.4
3919,677,2025,12,Business,85,5.0
3920,809,2023,12,Friends,4,3.5
3921,799,2022,4,Solo,89,3.9
3922,941,2022,10,Friends,95,3.5
3923,791,2024,6,Couples,35,4.7
3924,257,2025,12,Solo,63,2.8
3925,53,2025,11,Solo,38,3.9
3926,775,2022,4,Friends,67,2.8
3927,395,2023,3,Business,37,3.3
3928,263,2024,3,Family,55,2.7
3929,865,2025,11,Couples,92,3.2
3930,765,2024,7,Couples,55,2.7
3931,638,2022,11,Family,81,4.8
3932,362,2023,12,Couples,75,5.0
3933,333,2022,3,Friends,69,4.3
3934,107,2023,7,Business,48,2.3
3935,665,2024,1,Couples,6,4.3
3936,768,2023,2,Family,3,3.8
3937,438,2023,1,Couples,79,4.1
3938,611,2024,11,Friends,13,3.6
3939,133,2022,12,Friends,14,4.3
3940,565,2025,3,Couples,53,2.8
3941,131,2023,7,Business,43,3.7
3942,567,2024,8,Couples,12,3.2
3943,744,2022,3,Couples,27,3.6
3944,717,2025,11,Couples,2,3.5
3945,452,2022,9,Family,64,3.7
3946,680,2022,5,Solo,4,3.9
3947,219,2024,7,Couples,5,4.4
3948,891,2023,10,Friends,44,4.3
3949,814,2025,2,Couples,42,3.6
3950,377,2022,4,Couples,52,3.7
3951,405,2025,7,Solo,66,4.9
3952,785,2022,1,Friends,91,4.9
3953,512,2025,11,Family,45,2.8
3954,159,2023,4,Couples,22,3.9
3955,83,2023,7,Couples,35,4.8
3956,627,2023,3,Family,92,4.5
3957,719,2022,3,Solo,91,3.3
3958,617,2024,4,Friends,26,3.5
3959,413,2023,4,Solo,9,2.5
3960,88,2022,4,Couples,81,3.2
3961,987,2022,5,Business,55,3.4
3962,980,2023,4,Friends,86,3.8
3963,311,2024,6,Family,32,4.2
3964,691,2025,1,Family,80,4.7
3965,275,2024,7,Couples,14,3.9
3966,651,2023,2,Business,47,3.9
3967,985,2022,7,Solo,64,3.5
3968,992,2023,12,Business,62,4.4
3969,938,2024,11,Friends,41,2.5
3970,381,2022,3,Friends,41,3.9
3971,860,2023,3,Family,96,3.3
3972,65,2023,2,Business,45,3.8
3973,161,2023,9,Couples,79,3.9
3974,580,2022,7,Friends,7,2.8
3975,762,2024,1,Friends,91,3.3
3976,947,2023,8,Business,16,5.0
3977,78,2025,5,Friends,56,3.1
3978,267,2023,6,Friends,75,3.9
3979,261,2025,10,Couples,3,4.8
3980,315,2023,1,Solo,25,3.5
3981,199,2023,8,Couples,23,4.5
3982,524,2023,4,Business,42,2.4
3983,860,2023,7,Family,6,4.2
3984,794,2025,2,Solo,38,4.7
3985,313,2022,2,Solo,100,3.3
3986,382,2023,4,Family,88,3.5
3987,271,2024,7,Business,56,4.8
3988,815,2025,8,Family,26,3.1
3989,143,2022,11,Family,36,3.5
3990,869,2023,1,Solo,10,4.1
3991,438,2025,5,Solo,56,4.5
3992,840,2022,6,Friends,81,4.0
3993,931,2025,2,Solo,78,3.8
3994,482,2025,8,Couples,25,2.7
3995,723,2024,12,Couples,46,5.0
3996,594,2023,8,Solo,62,3.2
3997,575,2022,1,Family,51,2.3
3998,569,2022,10,Solo,43,4.6
3999,751,2022,10,Couples,29,4.2
4000,220,2023,10,Couples,77,4.0
4001,298,2022,5,Business,77,3.9
4002,896,2023,5,Couples,47,3.4
4003,891,2023,8,Business,34,3.7
4004,486,2024,7,Solo,76,3.4
4005,995,2022,3,Solo,25,5.0
4006,981,2024,3,Couples,34,4.3
4007,684,2025,2,Family,91,4.2
4008,258,2023,7,Friends,22,3.5
4009,108,2025,1,Business,24,4.0
4010,736,2022,7,Solo,95,3.8
4011,286,2023,10,Friends,19,4.0
4012,964,2025,9,Couples,47,4.4
4013,266,2024,8,Family,22,3.5
4014,755,2022,8,Solo,38,3.2
4015,540,2023,4,Couples,92,5.0
4016,637,2024,12,Family,38,3.1
4017,543,2025,2,Solo,62,4.4
4018,878,2024,9,Family,2,3.8
4019,325,2025,7,Friends,23,3.3
4020,821,2024,5,Friends,43,4.4
4021,719,2022,5,Family,14,4.2
4022,27,2025,11,Business,64,4.3
4023,661,2025,5,Friends,14,4.5
4024,450,2025,7,Friends,84,4.9
4025,854,2024,12,Couples,24,3.8
4026,350,2025,12,Family,84,3.5
4027,533,2023,12,Family,63,3.5
4028,751,2025,3,Couples,92,4.5
4029,272,2023,1,Friends,22,3.8
4030,830,2023,12,Couples,58,5.0
4031,653,2025,9,Couples,32,3.3
4032,59,2024,2,Couples,55,2.5
4033,555,2022,5,Friends,98,3.8
4034,137,2023,8,Couples,30,3.4
4035,998,2025,7,Family,31,3.6
4036,787,2025,5,Couples,64,3.6
4037,302,2023,10,Solo,72,4.0
4038,710,2023,8,Couples,68,3.2
4039,834,2024,4,Business,9,3.7
4040,227,2023,3,Family,55,3.8
4041,448,2022,10,Family,58,5.0
4042,36,2022,2,Friends,70,4.8
4043,162,2025,11,Couples,44,4.7
4044,586,2023,7,Family,39,2.8
4045,881,2025,3,Business,3,4.3
4046,270,2025,12,Couples,92,3.5
4047,19,2025,5,Couples,69,3.9
4048,488,2023,4,Solo,94,4.0
4049,528,2023,3,Couples,16,2.9
4050,484,2023,8,Friends,68,4.3
4051,40,2025,7,Family,46,2.6
4052,594,2025,10,Friends,61,2.4
4053,923,2025,3,Family,6,3.7
4054,863,2022,5,Friends,57,4.6
4055,456,2022,10,Family,3,2.7
4056,371,2024,3,Couples,36,3.1
4057,400,2024,2,Couples,58,3.4
4058,878,2024,2,Solo,36,4.0
4059,792,2025,3,Friends,98,4.5
4060,906,2022,3,Family,53,4.8
4061,270,2023,5,Business,66,4.1
4062,702,2022,4,Couples,37,3.6
4063,582,2025,8,Business,33,4.7
4064,896,2024,7,Couples,11,3.6
4065,330,2022,7,Business,72,3.8
4066,836,2025,12,Couples,54,4.6
4067,316,2025,12,Couples,78,3.9
4068,491,2023,7,Family,73,3.3
4069,893,2022,6,Couples,81,3.5
4070,544,2024,1,Family,34,1.9
4071,272,2023,7,Couples,50,3.3
4072,549,2023,12,Friends,9,3.3
4073,848,2024,12,Friends,2,3.8
4074,256,2023,9,Friends,11,4.0
4075,463,2024,8,Solo,94,2.5
4076,910,2024,5,Couples,29,4.0
4077,548,2022,6,Couples,34,5.0
4078,382,2024,8,Business,37,3.3
4079,630,2022,8,Family,1,4.3
4080,307,2025,1,Family,15,4.3
4081,786,2023,2,Family,12,3.5
4082,852,2023,10,Business,57,4.8
4083,30,2024,4,Family,58,4.2
4084,253,2025,9,Family,59,3.6
4085,736,2025,1,Business,84,4.3
4086,861,2022,9,Friends,55,5.0
4087,790,2022,4,Solo,22,4.1
4088,9,2024,8,Couples,96,3.2
4089,537,2022,11,Family,45,4.6
4090,276,2022,7,Family,89,3.9
4091,485,2023,4,Solo,15,4.1
4092,986,2023,11,Couples,9,3.1
4093,216,2023,6,Family,51,3.8
4094,338,2023,1,Couples,51,2.2
4095,521,2025,5,Couples,13,4.6
4096,668,2023,9,Couples,59,4.1
4097,346,2022,1,Solo,26,4.4
4098,483,2022,9,Couples,27,4.1
4099,521,2022,4,Business,92,3.0
4100,797,2022,8,Couples,22,2.9
4101,294,2022,7,Couples,95,4.9
4102,221,2023,9,Family,52,4.7
4103,37,2022,2,Couples,78,4.2
4104,156,2023,6,Couples,80,3.3
4105,355,2024,7,Family,69,5.0
4106,570,2025,11,Family,28,4.0
4107,964,2024,4,Business,75,3.3
4108,965,2025,9,Family,71,2.8
4109,873,2025,10,Solo,4,4.4
4110,164,2022,2,Family,22,5.0
4111,200,2025,4,Friends,89,2.8
4112,678,2022,3,Couples,45,3.2
4113,167,2024,2,Business,65,3.1
4114,461,2024,3,Business,87,4.0
4115,675,2022,6,Family,45,3.7
4116,54,2024,7,Friends,7,4.0
4117,234,2023,4,Couples,32,3.0
4118,726,2022,11,Couples,98,5.0
4119,375,2024,10,Couples,77,3.3
4120,924,2024,7,Couples,77,4.8
4121,726,2023,8,Friends,37,5.0
4122,663,2022,1,Friends,10,4.2
4123,881,2022,9,Solo,51,3.5
4124,799,2024,1,Business,54,3.0
4125,996,2022,6,Solo,57,3.3
4126,175,2023,6,Solo,3,2.4
4127,927,2025,11,Family,97,2.9
4128,666,2025,4,Solo,78,4.6
4129,949,2022,1,Business,72,4.0
4130,420,2023,7,Couples,72,3.1
4131,46,2022,3,Family,61,3.6
4132,463,2025,5,Family,39,4.0
4133,911,2025,9,Friends,91,3.7
4134,760,2024,5,Family,31,4.2
4135,400,2024,2,Friends,70,3.8
4136,292,2023,1,Friends,49,3.0
4137,774,2025,4,Couples,81,4.1
4138,84,2025,5,Friends,60,4.2
4139,256,2025,4,Solo,74,5.0
4140,980,2023,5,Couples,22,4.0
4141,888,2025,1,Business,51,2.7
4142,482,2024,10,Couples,49,4.6
4143,85,2023,2,Family,21,3.4
4144,656,2025,4,Family,1,4.2
4145,303,2022,2,Solo,99,4.0
4146,569,2025,2,Couples,33,2.1
4147,508,2025,4,Family,56,3.3
4148,637,2024,1,Couples,79,4.0
4149,137,2022,5,Family,27,3.9
4150,866,2024,5,Solo,19,3.3
4151,293,2025,12,Couples,51,4.7
4152,766,2025,7,Business,65,4.3
4153,533,2022,8,Solo,4,4.6
4154,542,2025,12,Solo,94,3.6
4155,593,2023,12,Friends,65,4.3
4156,765,2024,7,Solo,89,3.9
4157,378,2022,8,Family,78,4.0
4158,43,2022,12,Business,55,3.4
4159,497,2025,8,Couples,80,4.2
4160,357,2025,12,Family,6,3.7
4161,71,2025,2,Couples,43,2.5
4162,726,2022,9,Family,40,3.6
4163,434,2023,9,Business,99,3.6
4164,945,2024,7,Family,99,3.2
4165,35,2024,7,Friends,93,4.7
4166,824,2023,6,Solo,2,4.4
4167,686,2022,10,Solo,11,4.2
4168,568,2023,1,Business,12,4.7
4169,893,2023,12,Couples,33,4.4
4170,654,2023,10,Family,90,3.6
4171,56,2024,8,Solo,76,3.2
4172,126,2025,3,Family,92,5.0
4173,886,2022,5,Business,69,3.0
4174,9,2023,6,Couples,29,3.0
4175,692,2022,1,Family,34,4.0
4176,92,2022,5,Couples,100,5.0
4177,913,2025,5,Solo,75,4.8
4178,408,2025,10,Solo,100,3.2
4179,491,2024,5,Couples,64,4.5
4180,380,2023,8,Friends,27,2.7
4181,784,2025,1,Family,14,2.5
4182,124,2022,6,Solo,64,3.7
4183,102,2022,3,Solo,49,4.5
4184,681,2022,5,Friends,80,3.5
4185,197,2024,4,Couples,7,3.8
4186,517,2023,1,Couples,71,2.8
4187,456,2023,11,Solo,41,3.4
4188,583,2022,6,Business,55,4.8
4189,105,2023,7,Family,47,4.8
4190,812,2023,4,Friends,43,5.0
4191,535,2023,4,Couples,81,4.8
4192,308,2022,1,Couples,48,5.0
4193,345,2022,10,Couples,69,4.3
4194,681,2022,6,Solo,77,2.9
4195,101,2022,9,Couples,24,3.7
4196,757,2022,2,Couples,93,4.6
4197,805,2025,11,Solo,78,3.8
4198,580,2025,5,Business,18,3.3
4199,840,2023,3,Business,2,4.1
4200,188,2024,5,Solo,90,3.2
4201,73,2025,10,Business,32,4.7
4202,60,2025,7,Family,86,3.6
4203,799,2024,2,Friends,17,4.0
4204,397,2023,11,Couples,66,4.0
4205,383,2022,6,Couples,43,2.9
4206,327,2024,11,Family,93,3.0
4207,644,2024,6,Solo,88,3.5
4208,926,2022,9,Friends,19,3.5
4209,351,2024,9,Friends,59,3.9
4210,309,2024,4,Friends,49,4.1
4211,418,2025,9,Business,81,3.4
4212,407,2023,4,Couples,66,4.1
4213,194,2023,1,Solo,66,3.1
4214,556,2023,12,Friends,29,3.9
4215,52,2025,8,Family,2,3.2
4216,543,2024,9,Couples,26,3.5
4217,994,2025,11,Family,95,3.7
4218,248,2022,11,Family,21,4.1
4219,924,2024,9,Friends,67,3.5
4220,658,2024,1,Solo,13,4.0
4221,162,2022,3,Business,13,4.5
4222,412,2025,7,Family,32,4.5
4223,216,2025,2,Couples,93,3.0
4224,94,2025,7,Family,59,3.4
4225,751,2025,12,Business,74,4.4
4226,941,2022,9,Family,78,5.0
4227,346,2024,8,Friends,48,4.3
4228,626,2025,11,Couples,18,4.4
4229,324,2022,7,Friends,98,4.6
4230,890,2022,11,Couples,87,3.7
4231,305,2025,10,Solo,28,4.4
4232,377,2023,7,Solo,80,2.5
4233,441,2022,6,Solo,34,3.6
4234,482,2023,3,Couples,61,3.2
4235,487,2025,11,Family,11,4.1
4236,770,2023,3,Family,8,3.3
4237,469,2022,5,Solo,92,4.3
4238,218,2025,3,Business,12,4.3
4239,478,2024,1,Couples,15,4.4
4240,627,2025,6,Friends,78,2.6
4241,288,2024,5,Family,99,4.1
4242,800,2022,11,Business,75,4.1
4243,580,2023,5,Friends,61,4.5
4244,74,2023,3,Friends,66,3.9
4245,298,2023,2,Friends,72,3.2
4246,910,2022,5,Family,14,3.5
4247,797,2025,5,Solo,23,4.4
4248,663,2025,4,Couples,8,3.8
4249,669,2023,5,Friends,93,3.8
4250,872,2022,7,Couples,51,3.3
4251,316,2022,4,Friends,53,4.5
4252,964,2023,5,Couples,44,3.9
4253,476,2025,5,Family,87,2.5
4254,162,2024,10,Solo,84,4.3
4255,594,2023,10,Friends,20,4.0
4256,515,2023,9,Couples,43,2.5
4257,691,2023,9,Family,5,3.3
4258,762,2023,6,Business,39,3.5
4259,214,2022,2,Business,3,3.2
4260,741,2023,5,Solo,10,3.8
4261,7,2025,3,Family,36,3.4
4262,967,2022,8,Couples,94,2.6
4263,571,2022,5,Solo,20,4.1
4264,480,2022,3,Couples,14,4.3
4265,497,2023,6,Friends,65,3.3
4266,543,2022,9,Friends,36,4.8
4267,877,2024,1,Business,87,3.5
4268,788,2023,9,Business,61,3.5
4269,494,2025,11,Family,31,2.8
4270,176,2025,4,Couples,43,3.0
4271,412,2024,9,Family,16,3.9
4272,270,2023,8,Business,75,3.9
4273,335,2023,2,Friends,25,4.0
4274,973,2023,1,Friends,89,3.1
4275,183,2023,1,Solo,69,3.3
4276,341,2023,12,Friends,43,3.4
4277,196,2025,9,Solo,61,3.9
4278,924,2023,8,Couples,90,3.8
4279,720,2022,12,Business,17,4.2
4280,837,2025,10,Business,64,4.0
4281,73,2025,12,Friends,91,3.2
4282,734,2022,4,Family,45,4.6
4283,30,2022,5,Solo,26,3.3
4284,957,2022,2,Friends,17,3.5
4285,634,2024,4,Friends,97,3.0
4286,143,2024,4,Business,42,4.8
4287,42,2024,9,Business,53,3.9
4288,341,2025,1,Business,85,4.2
4289,984,2023,11,Family,8,2.8
4290,454,2024,10,Couples,81,4.0
4291,208,2023,5,Solo,76,3.4
4292,156,2022,11,Friends,15,3.8
4293,35,2025,9,Business,96,4.4
4294,570,2022,7,Family,39,4.2
4295,316,2023,2,Couples,86,3.5
4296,411,2023,4,Solo,96,3.3
4297,304,2025,3,Couples,32,3.6
4298,209,2024,2,Business,37,3.3
4299,846,2024,1,Solo,82,3.4
4300,447,2025,8,Business,29,5.0
4301,673,2025,9,Solo,89,3.7
4302,307,2023,5,Friends,60,4.6
4303,774,2024,12,Family,76,5.0
4304,259,2023,8,Solo,16,4.4
4305,580,2023,7,Solo,59,3.6
4306,154,2023,6,Family,4,3.9
4307,66,2025,9,Couples,16,4.2
4308,314,2022,1,Friends,37,4.0
4309,668,2024,4,Business,67,3.8
4310,328,2022,6,Friends,43,3.6
4311,692,2022,1,Couples,76,3.9
4312,15,2025,10,Family,90,3.9
4313,285,2022,8,Family,38,4.0
4314,153,2023,4,Couples,35,3.9
4315,312,2025,10,Solo,6,3.1
4316,101,2023,4,Family,83,2.7
4317,795,2023,2,Family,2,2.5
4318,519,2023,8,Business,79,4.6
4319,513,2025,7,Couples,31,3.1
4320,726,2023,2,Friends,43,3.5
4321,880,2023,9,Family,60,3.1
4322,63,2025,1,Solo,28,4.3
4323,36,2023,4,Family,13,3.4
4324,414,2022,1,Couples,94,4.4
4325,280,2024,9,Solo,97,2.9
4326,945,2023,4,Couples,41,4.5
4327,508,2024,7,Solo,21,4.5
4328,385,2022,6,Business,94,3.8
4329,383,2023,4,Friends,11,4.1
4330,808,2022,8,Solo,92,4.0
4331,940,2024,9,Friends,18,3.3
4332,165,2022,9,Business,95,3.2
4333,343,2022,8,Friends,40,3.9
4334,5,2025,4,Friends,8,2.0
4335,822,2023,3,Solo,22,4.1
4336,139,2025,7,Friends,16,3.8
4337,728,2023,8,Business,9,4.4
4338,271,2022,4,Business,6,3.7
4339,130,2023,3,Couples,70,4.0
4340,809,2022,6,Couples,5,3.8
4341,513,2022,5,Business,25,4.1
4342,650,2022,1,Couples,81,3.7
4343,263,2025,2,Solo,76,3.5
4344,986,2023,1,Solo,12,4.8
4345,899,2023,5,Business,76,4.7
4346,764,2023,9,Couples,33,3.2
4347,613,2025,6,Solo,26,4.1
4348,257,2025,7,Friends,94,5.0
4349,662,2023,1,Business,95,4.3
4350,787,2022,6,Friends,52,3.4
4351,134,2022,1,Couples,64,4.3
4352,476,2022,9,Business,34,3.4
4353,162,2025,3,Business,26,3.3
4354,701,2025,4,Family,37,3.0
4355,574,2025,12,Business,66,4.1
4356,237,2025,3,Family,87,4.2
4357,289,2025,4,Friends,81,4.2
4358,7,2025,12,Friends,35,2.6
4359,511,2024,9,Couples,84,4.2
4360,102,2022,4,Friends,24,3.4
4361,94,2025,4,Business,53,3.9
4362,816,2022,12,Business,8,3.6
4363,52,2023,5,Friends,34,4.0
4364,925,2025,2,Family,6,5.0
4365,692,2022,1,Couples,88,4.9
4366,966,2022,3,Family,76,4.4
4367,750,2025,1,Friends,53,5.0
4368,32,2025,11,Business,27,4.6
4369,104,2022,11,Family,93,3.8
4370,117,2023,7,Family,48,2.8
4371,920,2024,5,Business,20,1.6
4372,767,2023,11,Friends,75,4.1
4373,914,2022,11,Family,12,3.9
4374,543,2024,7,Friends,35,4.3
4375,267,2025,2,Solo,1,3.5
4376,912,2022,7,Solo,39,4.9
4377,721,2023,2,Solo,19,2.5
4378,11,2024,3,Solo,49,3.7
4379,143,2023,9,Couples,79,5.0
4380,837,2022,2,Friends,22,3.7
4381,943,2025,4,Business,29,3.6
4382,232,2025,8,Business,9,3.1
4383,995,2022,8,Family,70,4.5
4384,342,2023,8,Couples,90,3.0
4385,206,2023,4,Solo,90,4.8
4386,429,2025,6,Friends,86,3.5
4387,185,2022,8,Couples,82,4.1
4388,618,2023,9,Couples,13,3.9
4389,323,2024,7,Solo,12,5.0
4390,705,2022,12,Friends,27,3.4
4391,311,2025,7,Friends,93,3.0
4392,351,2025,12,Couples,39,4.9
4393,598,2023,10,Family,58,2.1
4394,543,2023,5,Friends,61,2.6
4395,66,2024,12,Family,21,3.9
4396,423,2024,7,Friends,100,4.4
4397,549,2025,9,Friends,84,5.0
4398,408,2022,7,Friends,47,3.0
4399,294,2024,3,Business,47,5.0
4400,225,2025,4,Family,44,5.0
4401,261,2022,1,Solo,59,3.9
4402,447,2022,2,Family,15,5.0
4403,531,2023,5,Friends,64,3.7
4404,536,2023,1,Business,11,3.7
4405,796,2022,11,Family,68,3.9
4406,474,2022,10,Solo,29,4.4
4407,481,2022,6,Family,69,2.9
4408,796,2023,11,Family,2,3.4
4409,903,2025,11,Family,61,3.6
4410,350,2023,1,Friends,71,4.1
4411,125,2025,3,Business,76,4.0
4412,778,2025,3,Family,55,4.5
4413,254,2022,11,Couples,89,3.5
4414,469,2024,7,Friends,80,4.1
4415,737,2022,6,Solo,86,4.9
4416,13,2023,4,Couples,61,5.0
4417,598,2025,11,Family,29,3.5
4418,798,2025,8,Friends,67,3.2
4419,717,2022,12,Solo,96,3.6
4420,803,2023,1,Family,96,2.9
4421,950,2022,6,Family,44,3.7
4422,129,2024,9,Family,69,4.9
4423,649,2022,4,Family,36,2.6
4424,890,2023,3,Couples,73,3.5
4425,50,2024,2,Family,48,4.5
4426,768,2024,11,Couples,18,4.5
4427,345,2024,9,Business,7,2.6
4428,452,2022,7,Solo,88,4.1
4429,697,2025,5,Couples,97,3.6
4430,887,2023,7,Couples,94,3.7
4431,629,2023,10,Solo,76,3.5
4432,224,2022,3,Couples,79,2.8
4433,733,2022,10,Business,83,4.2
4434,458,2024,1,Couples,85,4.7
4435,180,2023,6,Couples,61,4.2
4436,408,2025,10,Friends,16,4.1
4437,553,2022,11,Couples,24,4.3
4438,387,2025,12,Family,55,3.0
4439,158,2022,12,Business,99,4.1
4440,638,2024,12,Couples,61,4.5
4441,982,2024,5,Couples,94,3.3
4442,663,2025,9,Solo,6,4.6
4443,425,2024,2,Friends,80,2.7
4444,480,2025,9,Couples,32,4.1
4445,987,2023,12,Couples,61,3.1
4446,559,2024,7,Couples,72,3.8
4447,270,2024,5,Family,69,3.4
4448,850,2024,2,Solo,10,4.1
4449,126,2023,5,Business,73,4.7
4450,875,2025,1,Solo,13,4.0
4451,833,2022,9,Family,53,3.8
4452,674,2024,1,Friends,61,3.2
4453,63,2024,12,Couples,44,5.0
4454,720,2025,8,Couples,49,4.3
4455,605,2023,12,Solo,88,2.6
4456,713,2025,12,Family,68,4.2
4457,750,2024,6,Solo,73,4.7
4458,803,2025,2,Friends,46,3.8
4459,810,2023,4,Business,77,4.0
4460,267,2025,3,Couples,26,3.7
4461,67,2023,1,Friends,56,4.4
4462,579,2025,4,Family,70,3.3
4463,639,2024,10,Couples,39,5.0
4464,137,2025,8,Solo,5,3.4
4465,737,2025,10,Family,63,3.4
4466,722,2023,1,Couples,63,4.5
4467,954,2025,6,Business,65,4.8
4468,459,2023,3,Couples,59,3.3
4469,245,2023,1,Family,77,3.3
4470,748,2024,2,Business,17,2.8
4471,680,2022,5,Family,32,2.9
4472,726,2022,11,Family,60,4.4
4473,534,2025,5,Business,58,4.0
4474,424,2023,6,Business,71,4.1
4475,691,2023,1,Family,14,4.1
4476,280,2024,7,Family,95,3.2
4477,509,2022,9,Couples,86,3.1
4478,334,2024,8,Friends,92,3.3
4479,676,2022,1,Solo,83,2.2
4480,57,2023,7,Couples,75,2.7
4481,952,2023,2,Couples,86,3.8
4482,342,2025,3,Family,48,3.6
4483,851,2022,1,Business,97,3.8
4484,582,2025,9,Family,99,4.0
4485,771,2022,5,Friends,5,3.2
4486,377,2024,1,Business,63,3.9
4487,746,2024,12,Solo,6,4.4
4488,397,2024,3,Solo,32,5.0
4489,585,2022,9,Friends,72,3.6
4490,618,2023,9,Couples,64,5.0
4491,940,2025,8,Friends,63,4.0
4492,732,2022,1,Friends,63,4.5
4493,867,2023,7,Couples,88,2.9
4494,99,2023,7,Solo,20,4.2
4495,182,2024,7,Family,35,4.0
4496,695,2025,12,Business,73,3.7
4497,279,2024,12,Business,15,2.9
4498,346,2024,5,Friends,79,4.5
4499,533,2022,7,Friends,90,3.1
4500,214,2024,9,Business,67,3.3
4501,878,2022,6,Friends,71,4.6
4502,814,2024,4,Friends,71,4.2
4503,550,2025,7,Couples,18,3.2
4504,654,2025,2,Couples,58,4.9
4505,865,2022,5,Family,62,4.6
4506,908,2024,10,Family,18,4.3
4507,330,2022,1,Friends,58,4.5
4508,158,2025,11,Couples,26,3.8
4509,459,2023,3,Business,39,3.3
4510,275,2023,1,Couples,13,2.7
4511,353,2023,4,Family,5,3.6
4512,347,2023,7,Friends,26,4.6
4513,856,2022,3,Solo,4,3.6
4514,809,2022,9,Friends,31,2.8
4515,244,2025,12,Couples,93,3.2
4516,200,2023,9,Friends,25,2.5
4517,858,2023,5,Family,3,2.7
4518,357,2023,3,Business,36,2.2
4519,310,2022,12,Family,21,2.8
4520,205,2025,12,Family,11,4.4
4521,31,2025,3,Couples,37,3.6
4522,640,2022,2,Business,16,5.0
4523,373,2023,8,Couples,97,2.8
4524,926,2023,12,Solo,53,3.5
4525,306,2024,3,Family,13,4.2
4526,669,2025,10,Solo,72,4.4
4527,744,2024,1,Couples,5,3.7
4528,570,2025,4,Couples,2,2.1
4529,140,2023,10,Friends,19,2.4
4530,433,2024,8,Friends,90,4.7
4531,732,2024,8,Solo,68,3.6
4532,990,2024,8,Family,63,3.7
4533,37,2022,1,Business,76,4.0
4534,961,2024,4,Couples,8,4.0
4535,327,2023,11,Business,58,3.3
4536,49,2024,11,Couples,67,3.6
4537,409,2024,1,Friends,23,3.9
4538,893,2024,1,Family,5,5.0
4539,219,2025,4,Friends,54,3.3
4540,629,2022,4,Family,80,3.6
4541,380,2023,5,Friends,35,4.3
4542,824,2022,3,Business,67,3.3
4543,192,2022,7,Family,67,3.6
4544,133,2023,11,Couples,69,2.0
4545,624,2022,8,Couples,100,4.1
4546,679,2025,11,Friends,24,4.2
4547,306,2023,10,Solo,77,4.1
4548,272,2025,7,Business,37,4.0
4549,539,2024,9,Business,63,4.9
4550,997,2023,8,Family,70,3.1
4551,560,2023,12,Business,94,4.3
4552,592,2024,6,Family,87,3.4
4553,726,2025,1,Couples,39,3.5
4554,356,2024,6,Solo,86,3.6
4555,236,2024,10,Business,29,3.3
4556,377,2024,3,Family,45,4.5
4557,555,2024,4,Friends,22,3.8
4558,360,2024,10,Solo,45,3.5
4559,120,2023,2,Family,17,3.4
4560,319,2022,9,Couples,5,3.7
4561,278,2024,3,Solo,93,3.8
4562,842,2022,5,Solo,40,3.0
4563,457,2024,7,Business,32,3.6
4564,649,2023,11,Family,69,4.6
4565,175,2024,5,Solo,2,3.8
4566,154,2022,4,Solo,54,3.5
4567,571,2022,10,Business,73,3.4
4568,774,2025,8,Family,90,3.5
4569,550,2022,1,Couples,49,4.2
4570,684,2023,7,Couples,12,3.1
4571,643,2022,8,Family,49,3.6
4572,828,2022,3,Family,45,4.8
4573,497,2025,3,Couples,40,3.6
4574,663,2024,11,Family,27,4.8
4575,717,2022,8,Family,43,3.8
4576,435,2025,10,Friends,50,3.0
4577,312,2024,9,Couples,64,3.9
4578,865,2023,9,Friends,55,4.2
4579,196,2023,6,Friends,73,3.7
4580,836,2024,5,Couples,74,3.1
4581,432,2022,2,Business,80,3.9
4582,907,2023,10,Family,40,4.8
4583,630,2023,6,Couples,20,2.7
4584,723,2022,7,Business,74,4.7
4585,343,2024,2,Couples,11,3.0
4586,378,2025,7,Family,36,3.1
4587,398,2024,11,Family,54,4.1
4588,300,2022,10,Business,98,4.5
4589,385,2024,9,Solo,36,3.4
4590,525,2023,6,Family,17,3.5
4591,555,2023,2,Friends,93,3.5
4592,842,2024,10,Solo,72,4.0
4593,571,2024,8,Business,32,4.2
4594,97,2022,7,Couples,33,3.8
4595,57,2025,12,Solo,70,2.6
4596,900,2024,5,Couples,42,3.1
4597,649,2022,5,Family,20,4.4
4598,119,2023,10,Couples,99,4.2
4599,159,2025,5,Friends,12,3.4
4600,406,2022,3,Couples,53,3.0
4601,155,2024,2,Friends,60,3.6
4602,376,2025,8,Couples,88,3.1
4603,124,2025,2,Solo,57,2.9
4604,171,2023,5,Solo,82,4.2
4605,504,2022,1,Solo,9,3.6
4606,947,2023,11,Couples,16,4.1
4607,477,2023,9,Family,83,3.0
4608,994,2025,9,Friends,21,4.1
4609,262,2025,6,Couples,63,4.6
4610,842,2025,7,Friends,72,3.6
4611,549,2023,3,Couples,71,5.0
4612,209,2022,2,Solo,13,3.0
4613,435,2025,10,Friends,5,3.2
4614,950,2023,9,Couples,97,3.3
4615,431,2023,12,Family,50,3.5
4616,141,2023,12,Family,76,4.0
4617,845,2022,9,Family,99,4.4
4618,667,2023,3,Couples,45,3.3
4619,57,2024,6,Friends,16,3.5
4620,772,2023,12,Couples,58,3.4
4621,881,2024,9,Friends,40,5.0
4622,949,2024,6,Business,59,4.2
4623,956,2022,8,Couples,93,4.6
4624,232,2024,1,Friends,85,3.4
4625,601,2024,12,Couples,95,5.0
4626,563,2023,8,Business,65,1.7
4627,72,2025,10,Business,90,4.3
4628,415,2025,12,Family,16,3.6
4629,675,2022,8,Solo,59,3.8
4630,399,2025,8,Business,30,3.5
4631,723,2025,6,Couples,74,3.8
4632,630,2022,8,Friends,33,4.9
4633,145,2022,11,Family,31,3.6
4634,319,2023,2,Family,38,3.4
4635,246,2025,2,Friends,12,3.8
4636,303,2025,11,Family,36,3.5
4637,210,2022,2,Couples,91,2.7
4638,862,2025,3,Business,47,4.0
4639,77,2024,12,Friends,48,3.4
4640,896,2024,5,Business,23,3.8
4641,492,2023,4,Friends,9,4.7
4642,90,2024,8,Couples,98,4.3
4643,472,2025,7,Couples,52,3.5
4644,697,2022,5,Solo,94,3.7
4645,226,2025,7,Friends,7,4.0
4646,754,2023,7,Family,39,3.9
4647,84,2024,2,Family,84,3.5
4648,694,2022,10,Friends,31,2.8
4649,309,2023,9,Friends,86,3.8
4650,300,2022,4,Couples,93,4.6
4651,486,2025,6,Friends,53,4.4
4652,340,2023,3,Couples,77,4.3
4653,92,2024,2,Couples,79,3.3
4654,191,2024,11,Solo,47,3.1
4655,885,2023,12,Family,64,3.0
4656,966,2023,11,Family,85,3.6
4657,417,2024,3,Business,81,5.0
4658,807,2023,5,Couples,72,3.6
4659,49,2025,2,Friends,10,3.3
4660,202,2024,5,Solo,49,3.9
4661,282,2024,3,Friends,54,4.0
4662,701,2024,7,Business,46,3.7
4663,11,2025,9,Business,12,3.5
4664,440,2025,1,Family,54,3.6
4665,131,2025,10,Business,9,3.3
4666,33,2025,10,Business,5,3.3
4667,92,2023,2,Couples,33,2.2
4668,911,2025,2,Solo,77,3.8
4669,531,2022,8,Business,95,3.5
4670,208,2022,10,Solo,23,3.5
4671,843,2023,5,Business,29,3.7
4672,634,2024,11,Business,51,3.1
4673,216,2025,3,Family,65,3.9
4674,522,2022,8,Solo,17,3.3
4675,655,2024,9,Family,97,4.2
4676,879,2024,3,Couples,16,2.9
4677,51,2023,4,Solo,94,4.5
4678,927,2022,8,Business,81,3.6
4679,452,2024,10,Business,15,3.2
4680,110,2024,2,Couples,52,3.1
4681,259,2024,2,Solo,68,2.9
4682,163,2023,7,Couples,36,4.5
4683,320,2025,6,Friends,13,4.3
4684,372,2025,1,Family,9,5.0
4685,549,2025,5,Couples,59,4.3
4686,199,2025,9,Couples,56,4.2
4687,226,2022,5,Family,34,4.7
4688,502,2022,2,Business,26,3.6
4689,435,2024,12,Friends,24,3.4
4690,976,2025,6,Family,92,4.1
4691,198,2024,2,Couples,42,2.3
4692,975,2022,9,Friends,70,3.7
4693,55,2022,3,Solo,13,4.0
4694,849,2024,3,Business,37,4.7
4695,822,2023,3,Solo,46,4.2
4696,609,2022,5,Business,26,3.2
4697,859,2023,3,Business,38,3.9
4698,316,2025,6,Business,90,4.6
4699,908,2023,1,Couples,97,3.3
4700,680,2023,2,Friends,74,4.4
4701,862,2022,11,Family,4,2.9
4702,962,2023,9,Family,24,3.8
4703,669,2023,2,Couples,65,4.6
4704,875,2024,2,Business,13,4.2
4705,865,2025,8,Solo,14,5.0
4706,260,2022,9,Family,7,4.2
4707,367,2023,1,Business,59,2.9
4708,615,2024,9,Couples,3,3.7
4709,730,2022,8,Friends,69,2.6
4710,318,2025,1,Family,77,3.2
4711,49,2022,4,Friends,16,4.0
4712,759,2022,2,Friends,87,4.6
4713,944,2023,9,Solo,85,3.2
4714,574,2025,2,Couples,30,4.6
4715,870,2023,12,Solo,62,3.9
4716,105,2024,8,Solo,76,3.0
4717,530,2024,5,Couples,84,3.5
4718,150,2025,3,Friends,65,4.3
4719,183,2024,1,Couples,62,3.5
4720,612,2024,1,Family,60,2.6
4721,558,2025,1,Family,29,4.0
4722,426,2022,7,Family,12,5.0
4723,28,2025,1,Couples,86,2.4
4724,971,2022,9,Family,2,4.5
4725,453,2025,3,Family,40,2.8
4726,18,2022,3,Family,17,4.1
4727,627,2024,9,Family,95,5.0
4728,464,2023,10,Family,84,4.2
4729,509,2024,4,Couples,50,3.3
4730,111,2024,6,Couples,89,3.3
4731,239,2023,9,Solo,72,4.8
4732,195,2023,2,Solo,60,2.7
4733,585,2024,6,Couples,94,3.0
4734,787,2023,7,Couples,80,3.5
4735,362,2023,7,Business,57,2.8
4736,124,2024,11,Friends,86,2.8
4737,962,2024,6,Friends,53,3.1
4738,632,2025,10,Friends,53,3.2
4739,251,2023,6,Couples,67,4.5
4740,301,2025,4,Family,89,4.0
4741,13,2023,1,Solo,79,5.0
4742,812,2023,3,Business,32,4.3
4743,974,2023,4,Business,92,3.8
4744,105,2023,9,Couples,36,3.8
4745,926,2025,1,Business,86,4.2
4746,579,2022,9,Family,4,3.8
4747,599,2024,3,Couples,83,5.0
4748,613,2024,5,Couples,1,3.7
4749,606,2024,1,Solo,81,4.3
4750,492,2024,3,Friends,97,3.7
4751,226,2022,3,Family,78,3.0
4752,353,2024,6,Couples,99,3.9
4753,595,2023,5,Couples,36,3.5
4754,141,2024,1,Family,53,3.6
4755,800,2025,9,Business,48,2.5
4756,845,2023,11,Family,16,3.6
4757,928,2024,1,Friends,67,3.4
4758,337,2022,4,Solo,25,2.9
4759,239,2022,12,Family,89,3.8
4760,400,2023,11,Solo,91,4.6
4761,131,2023,1,Friends,26,3.9
4762,428,2025,4,Solo,53,2.7
4763,119,2025,10,Solo,46,2.6
4764,181,2022,9,Business,51,4.5
4765,828,2022,10,Friends,32,3.0
4766,453,2022,2,Business,37,3.4
4767,947,2023,6,Family,32,3.0
4768,570,2022,6,Business,35,3.9
4769,754,2022,1,Solo,63,2.6
4770,99,2024,1,Solo,45,3.5
4771,982,2024,12,Solo,46,3.0
4772,715,2023,5,Family,94,3.6
4773,717,2024,3,Couples,44,3.7
4774,836,2024,3,Solo,93,3.1
4775,696,2023,9,Friends,52,3.5
4776,473,2025,11,Couples,70,4.7
4777,263,2024,6,Business,99,4.6
4778,27,2024,11,Business,7,4.0
4779,8,2024,6,Business,5,3.5
4780,524,2023,7,Solo,47,3.7
4781,376,2023,6,Friends,45,3.6
4782,185,2023,3,Couples,32,4.5
4783,462,2022,8,Couples,30,3.0
4784,315,2023,11,Family,28,4.3
4785,683,2025,5,Couples,59,4.2
4786,852,2022,1,Friends,93,4.3
4787,909,2022,6,Family,63,3.5
4788,73,2023,5,Friends,61,3.2
4789,124,2022,3,Friends,29,2.8
4790,489,2025,12,Family,72,4.5
4791,446,2022,10,Family,80,3.5
4792,911,2025,7,Family,6,3.2
4793,490,2024,12,Couples,46,3.7
4794,973,2025,7,Friends,2,4.1
4795,277,2024,5,Friends,8,3.8
4796,203,2024,4,Couples,100,5.0
4797,111,2025,10,Family,12,3.2
4798,823,2024,3,Friends,52,4.4
4799,48,2023,12,Friends,91,3.4
4800,307,2024,5,Friends,56,4.5
4801,565,2024,2,Family,6,3.7
4802,874,2023,10,Family,50,3.0
4803,553,2024,7,Friends,75,3.5
4804,478,2025,7,Business,11,4.6
4805,260,2025,11,Family,25,3.5
4806,469,2025,11,Business,95,3.9
4807,955,2023,7,Friends,23,4.8
4808,103,2024,12,Couples,60,4.8
4809,581,2022,3,Family,89,4.6
4810,473,2024,9,Couples,66,3.9
4811,516,2023,6,Solo,60,4.1
4812,681,2022,8,Couples,36,3.9
4813,527,2024,8,Family,78,4.9
4814,45,2024,12,Couples,75,4.1
4815,566,2022,6,Family,85,2.7
4816,499,2023,1,Couples,13,4.0
4817,552,2024,2,Family,95,4.6
4818,801,2022,11,Couples,82,4.5
4819,478,2022,7,Business,21,5.0
4820,221,2023,6,Business,7,4.3
4821,336,2024,3,Friends,97,4.0
4822,963,2023,7,Friends,72,4.4
4823,540,2022,11,Friends,15,2.4
4824,497,2025,5,Family,54,3.6
4825,791,2022,9,Family,86,4.2
4826,779,2023,6,Family,63,3.7
4827,373,2025,10,Family,85,4.4
4828,90,2024,1,Friends,66,3.4
4829,15,2024,8,Couples,73,3.8
4830,36,2022,4,Couples,21,3.8
4831,57,2025,1,Couples,46,4.3
4832,902,2024,12,Couples,96,2.8
4833,93,2025,6,Solo,55,2.4
4834,583,2025,2,Friends,82,3.0
4835,492,2025,8,Solo,2,3.5
4836,21,2024,1,Friends,97,4.4
4837,944,2025,2,Family,94,3.6
4838,825,2025,1,Couples,76,4.1
4839,798,2022,8,Solo,70,2.8
4840,604,2022,12,Business,96,5.0
4841,36,2025,5,Business,9,4.6
4842,970,2025,3,Couples,26,3.2
4843,777,2024,4,Couples,32,4.1
4844,597,2024,3,Couples,86,3.6
4845,38,2022,11,Family,33,2.6
4846,940,2024,3,Business,37,3.5
4847,213,2024,1,Family,34,3.9
4848,11,2022,1,Friends,8,3.5
4849,135,2024,11,Couples,77,5.0
4850,788,2024,5,Solo,81,3.8
4851,858,2022,4,Family,52,4.4
4852,258,2025,12,Family,25,3.9
4853,862,2022,11,Solo,93,4.0
4854,961,2023,3,Family,77,4.5
4855,455,2022,3,Solo,54,4.3
4856,141,2024,1,Solo,27,4.6
4857,293,2022,12,Family,75,2.6
4858,176,2022,6,Family,91,4.6
4859,827,2023,3,Family,12,3.2
4860,606,2024,6,Couples,52,4.4
4861,339,2023,4,Couples,72,3.5
4862,723,2022,10,Family,6,4.2
4863,197,2024,5,Family,72,3.8
4864,466,2023,6,Family,26,3.5
4865,431,2024,12,Business,67,4.5
4866,942,2022,6,Family,29,4.5
4867,482,2022,11,Couples,51,3.6
4868,72,2025,9,Family,55,4.3
4869,149,2025,1,Couples,26,3.2
4870,484,2023,9,Friends,65,3.9
4871,69,2023,5,Solo,41,3.9
4872,707,2025,11,Family,49,3.7
4873,761,2022,2,Solo,89,3.2
4874,27,2024,2,Family,68,3.3
4875,240,2024,9,Couples,48,3.4
4876,351,2022,11,Friends,59,4.1
4877,132,2023,1,Business,8,4.5
4878,338,2022,2,Couples,87,3.2
4879,834,2025,8,Friends,59,3.7
4880,874,2025,6,Family,16,5.0
4881,959,2025,8,Family,56,4.1
4882,624,2024,10,Couples,89,4.2
4883,250,2023,12,Friends,50,3.7
4884,591,2025,11,Family,91,4.0
4885,793,2023,6,Couples,28,3.3
4886,959,2025,4,Friends,62,3.8
4887,63,2022,6,Couples,69,4.7
4888,206,2025,7,Couples,51,5.0
4889,952,2025,12,Friends,22,4.8
4890,952,2023,4,Couples,35,3.2
4891,852,2025,11,Family,34,4.3
4892,347,2023,11,Couples,1,4.0
4893,871,2022,12,Business,63,4.4
4894,609,2022,8,Solo,39,4.3
4895,414,2025,7,Business,34,4.7
4896,672,2024,9,Business,83,4.0
4897,156,2025,11,Family,40,3.4
4898,337,2022,3,Family,1,3.8
4899,206,2023,2,Family,31,2.4
4900,528,2023,12,Family,69,3.8
4901,415,2022,7,Family,69,2.7
4902,710,2025,12,Couples,64,4.2
4903,475,2025,4,Couples,90,4.2
4904,627,2023,5,Family,94,4.4
4905,626,2024,4,Family,9,4.0
4906,730,2025,7,Friends,18,3.9
4907,858,2025,4,Couples,66,4.3
4908,214,2025,12,Couples,49,4.6
4909,890,2025,5,Family,52,3.3
4910,904,2023,4,Friends,86,4.4
4911,639,2023,11,Couples,15,4.4
4912,502,2024,3,Couples,4,5.0
4913,475,2025,5,Friends,42,4.2
4914,446,2022,7,Friends,93,2.8
4915,238,2023,9,Family,27,4.6
4916,453,2023,1,Friends,1,4.0
4917,640,2025,10,Family,53,3.1
4918,137,2024,10,Family,67,4.3
4919,73,2022,11,Friends,61,3.5
4920,902,2022,10,Solo,39,3.2
4921,614,2022,3,Business,38,3.7
4922,855,2024,12,Business,72,3.0
4923,431,2025,7,Family,43,4.8
4924,15,2024,9,Solo,48,4.1
4925,216,2024,9,Family,75,3.3
4926,17,2024,11,Solo,49,4.4
4927,311,2022,4,Couples,72,3.4
4928,793,2025,9,Couples,7,4.1
4929,337,2022,11,Business,96,3.7
4930,350,2024,2,Friends,1,4.4
4931,183,2022,4,Friends,57,3.7
4932,200,2022,5,Business,52,2.6
4933,546,2022,6,Business,90,4.7
4934,828,2022,3,Friends,9,3.7
4935,289,2025,4,Family,49,4.5
4936,70,2023,10,Friends,37,3.6
4937,938,2023,9,Friends,30,4.2
4938,500,2022,5,Family,15,4.4
4939,857,2023,3,Couples,36,3.7
4940,310,2022,5,Family,70,4.6
4941,118,2023,10,Couples,15,3.3
4942,774,2022,1,Friends,79,2.9
4943,534,2025,12,Friends,73,3.9
4944,456,2025,9,Business,90,4.2
4945,982,2022,3,Couples,49,3.9
4946,937,2024,7,Friends,46,3.5
4947,395,2023,8,Family,100,3.1
4948,767,2024,12,Solo,64,4.0
4949,386,2025,12,Solo,56,2.8
4950,919,2025,4,Family,55,4.6
4951,776,2023,9,Solo,3,4.3
4952,601,2024,8,Friends,81,3.3
4953,225,2025,3,Solo,62,4.8
4954,618,2025,7,Solo,28,3.2
4955,999,2022,3,Couples,79,5.0
4956,905,2022,8,Friends,12,3.7
4957,43,2023,5,Solo,82,3.7
4958,232,2024,12,Couples,36,4.1
4959,335,2025,11,Couples,11,4.0
4960,776,2023,4,Family,79,3.9
4961,586,2024,12,Solo,28,4.0
4962,216,2022,6,Family,63,4.1
4963,266,2025,5,Family,78,4.1
4964,374,2023,7,Couples,18,3.2
4965,570,2022,5,Business,77,3.3
4966,559,2023,9,Couples,12,3.8
4967,23,2023,10,Business,5,4.7
4968,151,2025,8,Family,11,3.9
4969,999,2025,4,Friends,48,3.0
4970,501,2022,11,Couples,25,3.8
4971,549,2022,10,Family,63,5.0
4972,622,2023,4,Couples,89,5.0
4973,946,2022,11,Family,44,2.9
4974,59,2023,3,Couples,95,4.0
4975,594,2022,9,Solo,16,4.6
4976,3,2024,2,Solo,60,3.6
4977,582,2022,11,Couples,83,3.4
4978,35,2023,10,Family,77,3.6
4979,185,2022,5,Couples,17,2.6
4980,173,2023,7,Couples,97,4.6
4981,761,2025,10,Business,48,4.5
4982,110,2023,10,Friends,26,2.8
4983,40,2024,6,Family,75,4.4
4984,526,2023,9,Couples,77,4.0
4985,421,2023,10,Couples,44,4.2
4986,747,2023,10,Family,63,1.8
4987,629,2023,9,Friends,58,3.2
4988,328,2024,9,Couples,51,4.7
4989,873,2022,7,Family,79,5.0
4990,367,2022,6,Couples,67,4.4
4991,288,2024,9,Business,12,4.6
4992,301,2023,10,Friends,2,4.7
4993,515,2025,6,Friends,46,3.2
4994,785,2025,3,Friends,82,5.0
4995,433,2022,7,Family,55,3.4
4996,864,2025,6,Business,1,3.3
4997,834,2025,11,Family,37,3.7
4998,291,2022,2,Family,38,2.5
4999,94,2024,4,Family,4,3.3
5000,140,2023,2,Friends,82,4.8
